label,method_a,method_b,protocol,estimand,support,scope,metric,units,direction,estimate,ci_low,ci_high,n,n_stations,n_blocks,resampling,seed,replicates,support_sha256
+NO2,P|log1p|uniform|permissive|none,PM|log1p|uniform|permissive|none,block30,daily,all_expected_targets,all_network,RMSE,ng m-3,a_minus_b,-0.2761106893676566,-0.4608795383622899,-0.04907155785110415,5089,21,25,station_x_block,20260921,2000,49422f1082065a9d47ebdfaf52caf564b1c3e1dad3fba927ae8da3a978f385a0
+NO2,P|log1p|uniform|permissive|none,PM|log1p|uniform|permissive|none,block30,daily,all_expected_targets,all_network,MAE,ng m-3,a_minus_b,-0.10767782861090591,-0.18568493007969117,-0.044308555354992035,5089,21,25,station_x_block,20260921,2000,49422f1082065a9d47ebdfaf52caf564b1c3e1dad3fba927ae8da3a978f385a0
+NO2,P|log1p|uniform|permissive|none,PM|log1p|uniform|permissive|none,block30,daily,all_expected_targets,all_network,bias,ng m-3,a_minus_b,-0.006468818002574185,-0.15362945968401187,0.21246303558795715,5089,21,25,station_x_block,20260921,2000,49422f1082065a9d47ebdfaf52caf564b1c3e1dad3fba927ae8da3a978f385a0
+NO2,P|log1p|uniform|permissive|none,PM|log1p|uniform|permissive|none,block30,daily,all_expected_targets,nonindustrial,RMSE,ng m-3,a_minus_b,-0.1405737513973344,-0.27868015463914203,-0.026192402635906997,4852,20,25,station_x_block,20260921,2000,5d1137882eec8537744050437f9ce1b569790644db3bdcfe69d5597e07b2e781
+NO2,P|log1p|uniform|permissive|none,PM|log1p|uniform|permissive|none,block30,daily,all_expected_targets,nonindustrial,MAE,ng m-3,a_minus_b,-0.07888675019247737,-0.1374967475655702,-0.03463854694148209,4852,20,25,station_x_block,20260921,2000,5d1137882eec8537744050437f9ce1b569790644db3bdcfe69d5597e07b2e781
+NO2,P|log1p|uniform|permissive|none,PM|log1p|uniform|permissive|none,block30,daily,all_expected_targets,nonindustrial,bias,ng m-3,a_minus_b,-0.10137370990562655,-0.18036988009944832,-0.03521270060190085,4852,20,25,station_x_block,20260921,2000,5d1137882eec8537744050437f9ce1b569790644db3bdcfe69d5597e07b2e781
+NO2,P|log1p|uniform|permissive|none,PM|log1p|uniform|permissive|none,block30,daily,all_expected_targets,nonindustrial_higher,RMSE,ng m-3,a_minus_b,-0.09635945831253023,-0.2411119818527401,0.03166084481633556,2394,10,25,station_x_block,20260921,2000,62f59d22b59dd9d7e2e072c7b3fe63144e2f3e8824a30706c4074510f362197d
+NO2,P|log1p|uniform|permissive|none,PM|log1p|uniform|permissive|none,block30,daily,all_expected_targets,nonindustrial_higher,MAE,ng m-3,a_minus_b,-0.06591310905480374,-0.12464146550686257,-0.012409260143510846,2394,10,25,station_x_block,20260921,2000,62f59d22b59dd9d7e2e072c7b3fe63144e2f3e8824a30706c4074510f362197d
+NO2,P|log1p|uniform|permissive|none,PM|log1p|uniform|permissive|none,block30,daily,all_expected_targets,nonindustrial_higher,bias,ng m-3,a_minus_b,-0.09768661103542191,-0.21270866372297367,0.0024394151267052794,2394,10,25,station_x_block,20260921,2000,62f59d22b59dd9d7e2e072c7b3fe63144e2f3e8824a30706c4074510f362197d
+NO2,P|log1p|uniform|permissive|none,PM|log1p|uniform|permissive|none,block30,daily,all_expected_targets,nonindustrial_lower,RMSE,ng m-3,a_minus_b,-0.21068431068501237,-0.4288340887106675,-0.03101192289419133,2458,10,25,station_x_block,20260921,2000,b29a851546d291a0d2f7dfae9c12846445d0e09a394514e7c02a871b374d99af
+NO2,P|log1p|uniform|permissive|none,PM|log1p|uniform|permissive|none,block30,daily,all_expected_targets,nonindustrial_lower,MAE,ng m-3,a_minus_b,-0.09152259107270144,-0.18175509670066875,-0.027150035924716896,2458,10,25,station_x_block,20260921,2000,b29a851546d291a0d2f7dfae9c12846445d0e09a394514e7c02a871b374d99af
+NO2,P|log1p|uniform|permissive|none,PM|log1p|uniform|permissive|none,block30,daily,all_expected_targets,nonindustrial_lower,bias,ng m-3,a_minus_b,-0.10496480620150528,-0.19941506129875353,-0.03248955629919848,2458,10,25,station_x_block,20260921,2000,b29a851546d291a0d2f7dfae9c12846445d0e09a394514e7c02a871b374d99af
+NO2,P|log1p|uniform|permissive|none,PM|log1p|uniform|permissive|none,block30,station_year_mean,all_sampled_dates,all_network,RMSE,ng m-3,a_minus_b,-0.4019933092284577,-0.7211428184624861,-0.028425707649799126,42,21,1,station,20260921,2000,a4b83f112a2a39d7bb39c1c70c56f5678dc7ac9449f27af54e02cbafaafd9a52
+NO2,P|log1p|uniform|permissive|none,PM|log1p|uniform|permissive|none,block30,station_year_mean,all_sampled_dates,all_network,MAE,ng m-3,a_minus_b,-0.14371766928678054,-0.33559144097300997,-0.01574071976523625,42,21,1,station,20260921,2000,a4b83f112a2a39d7bb39c1c70c56f5678dc7ac9449f27af54e02cbafaafd9a52
+NO2,P|log1p|uniform|permissive|none,PM|log1p|uniform|permissive|none,block30,station_year_mean,all_sampled_dates,all_network,bias,ng m-3,a_minus_b,-0.00037502931391800165,-0.13968177989939132,0.21860142204077856,42,21,1,station,20260921,2000,a4b83f112a2a39d7bb39c1c70c56f5678dc7ac9449f27af54e02cbafaafd9a52
+NO2,P|log1p|uniform|permissive|none,PM|log1p|uniform|permissive|none,block30,station_year_mean,all_sampled_dates,nonindustrial,RMSE,ng m-3,a_minus_b,-0.0747020401790453,-0.14097820351198453,-0.011991193947033577,40,20,1,station,20260921,2000,75f77a11b57c142012fafa94a0442f20d6ba5eff6db77fdddfbfa204481e78df
+NO2,P|log1p|uniform|permissive|none,PM|log1p|uniform|permissive|none,block30,station_year_mean,all_sampled_dates,nonindustrial,MAE,ng m-3,a_minus_b,-0.054093425143323354,-0.10765647001535272,-0.0024421460407925057,40,20,1,station,20260921,2000,75f77a11b57c142012fafa94a0442f20d6ba5eff6db77fdddfbfa204481e78df
+NO2,P|log1p|uniform|permissive|none,PM|log1p|uniform|permissive|none,block30,station_year_mean,all_sampled_dates,nonindustrial,bias,ng m-3,a_minus_b,-0.09720390838741015,-0.15389613529379478,-0.04816610860095538,40,20,1,station,20260921,2000,75f77a11b57c142012fafa94a0442f20d6ba5eff6db77fdddfbfa204481e78df
+NO2,P|log1p|uniform|permissive|none,PM|log1p|uniform|permissive|none,block30,station_year_mean,all_sampled_dates,nonindustrial_higher,RMSE,ng m-3,a_minus_b,-0.014069584069710483,-0.07135036321241477,0.051817856100958376,20,10,1,station,20260921,2000,54d313e95dc309aa2e8ef845fd41708208c653e62ac636636faccd8f7f1e8a69
+NO2,P|log1p|uniform|permissive|none,PM|log1p|uniform|permissive|none,block30,station_year_mean,all_sampled_dates,nonindustrial_higher,MAE,ng m-3,a_minus_b,-0.01021073372896808,-0.06837216955672447,0.05297259024462273,20,10,1,station,20260921,2000,54d313e95dc309aa2e8ef845fd41708208c653e62ac636636faccd8f7f1e8a69
+NO2,P|log1p|uniform|permissive|none,PM|log1p|uniform|permissive|none,block30,station_year_mean,all_sampled_dates,nonindustrial_higher,bias,ng m-3,a_minus_b,-0.0869670156203109,-0.17523571067110325,-0.010335280676262163,20,10,1,station,20260921,2000,54d313e95dc309aa2e8ef845fd41708208c653e62ac636636faccd8f7f1e8a69
+NO2,P|log1p|uniform|permissive|none,PM|log1p|uniform|permissive|none,block30,station_year_mean,all_sampled_dates,nonindustrial_lower,RMSE,ng m-3,a_minus_b,-0.126965412221558,-0.21721859544014877,-0.04955633780356038,20,10,1,station,20260921,2000,670d7f6c2b4a419dd7125e6759a5a484d1cc22269df900a9e6b8100ba467cbdc
+NO2,P|log1p|uniform|permissive|none,PM|log1p|uniform|permissive|none,block30,station_year_mean,all_sampled_dates,nonindustrial_lower,MAE,ng m-3,a_minus_b,-0.09797611655767874,-0.17742504373955184,-0.02632843759807235,20,10,1,station,20260921,2000,670d7f6c2b4a419dd7125e6759a5a484d1cc22269df900a9e6b8100ba467cbdc
+NO2,P|log1p|uniform|permissive|none,PM|log1p|uniform|permissive|none,block30,station_year_mean,all_sampled_dates,nonindustrial_lower,bias,ng m-3,a_minus_b,-0.10744080115450941,-0.1832746263200622,-0.04487218779877373,20,10,1,station,20260921,2000,670d7f6c2b4a419dd7125e6759a5a484d1cc22269df900a9e6b8100ba467cbdc
+NO2,P|log1p|uniform|permissive|none,PM|log1p|uniform|permissive|none,loso,daily,all_expected_targets,all_network,RMSE,ng m-3,a_minus_b,0.04968856468162719,-0.0463341966382375,0.10372148683612133,5089,21,1,station,20260921,2000,49422f1082065a9d47ebdfaf52caf564b1c3e1dad3fba927ae8da3a978f385a0
+NO2,P|log1p|uniform|permissive|none,PM|log1p|uniform|permissive|none,loso,daily,all_expected_targets,all_network,MAE,ng m-3,a_minus_b,0.00352919308445665,-0.028208277423350265,0.04088690637804349,5089,21,1,station,20260921,2000,49422f1082065a9d47ebdfaf52caf564b1c3e1dad3fba927ae8da3a978f385a0
+NO2,P|log1p|uniform|permissive|none,PM|log1p|uniform|permissive|none,loso,daily,all_expected_targets,all_network,bias,ng m-3,a_minus_b,-0.06705485026661426,-0.1259130403796246,-0.016498216068315228,5089,21,1,station,20260921,2000,49422f1082065a9d47ebdfaf52caf564b1c3e1dad3fba927ae8da3a978f385a0
+NO2,P|log1p|uniform|permissive|none,PM|log1p|uniform|permissive|none,loso,daily,all_expected_targets,nonindustrial,RMSE,ng m-3,a_minus_b,-0.004694666538140879,-0.0593468459632447,0.04695172873125728,4852,20,1,station,20260921,2000,5d1137882eec8537744050437f9ce1b569790644db3bdcfe69d5597e07b2e781
+NO2,P|log1p|uniform|permissive|none,PM|log1p|uniform|permissive|none,loso,daily,all_expected_targets,nonindustrial,MAE,ng m-3,a_minus_b,-0.011391646722629711,-0.0338712939801155,0.010387332964741898,4852,20,1,station,20260921,2000,5d1137882eec8537744050437f9ce1b569790644db3bdcfe69d5597e07b2e781
+NO2,P|log1p|uniform|permissive|none,PM|log1p|uniform|permissive|none,loso,daily,all_expected_targets,nonindustrial,bias,ng m-3,a_minus_b,-0.04546161205725474,-0.09139187802061327,-0.009665749552086144,4852,20,1,station,20260921,2000,5d1137882eec8537744050437f9ce1b569790644db3bdcfe69d5597e07b2e781
+NO2,P|log1p|uniform|permissive|none,PM|log1p|uniform|permissive|none,loso,daily,all_expected_targets,nonindustrial_higher,RMSE,ng m-3,a_minus_b,0.008484009008582039,-0.06352077593375755,0.0702614529563446,2394,10,1,station,20260921,2000,62f59d22b59dd9d7e2e072c7b3fe63144e2f3e8824a30706c4074510f362197d
+NO2,P|log1p|uniform|permissive|none,PM|log1p|uniform|permissive|none,loso,daily,all_expected_targets,nonindustrial_higher,MAE,ng m-3,a_minus_b,-0.007957010339682435,-0.039465867769870336,0.025112358547103975,2394,10,1,station,20260921,2000,62f59d22b59dd9d7e2e072c7b3fe63144e2f3e8824a30706c4074510f362197d
+NO2,P|log1p|uniform|permissive|none,PM|log1p|uniform|permissive|none,loso,daily,all_expected_targets,nonindustrial_higher,bias,ng m-3,a_minus_b,-0.0754739173436926,-0.1466188722938261,-0.013131714874133992,2394,10,1,station,20260921,2000,62f59d22b59dd9d7e2e072c7b3fe63144e2f3e8824a30706c4074510f362197d
+NO2,P|log1p|uniform|permissive|none,PM|log1p|uniform|permissive|none,loso,daily,all_expected_targets,nonindustrial_lower,RMSE,ng m-3,a_minus_b,-0.025758070226196472,-0.11803021928766509,0.0673075294431996,2458,10,1,station,20260921,2000,b29a851546d291a0d2f7dfae9c12846445d0e09a394514e7c02a871b374d99af
+NO2,P|log1p|uniform|permissive|none,PM|log1p|uniform|permissive|none,loso,daily,all_expected_targets,nonindustrial_lower,MAE,ng m-3,a_minus_b,-0.014736854005288846,-0.04921989533126581,0.013924176056574604,2458,10,1,station,20260921,2000,b29a851546d291a0d2f7dfae9c12846445d0e09a394514e7c02a871b374d99af
+NO2,P|log1p|uniform|permissive|none,PM|log1p|uniform|permissive|none,loso,daily,all_expected_targets,nonindustrial_lower,bias,ng m-3,a_minus_b,-0.016230750032953628,-0.05634660592704002,0.01932969841740971,2458,10,1,station,20260921,2000,b29a851546d291a0d2f7dfae9c12846445d0e09a394514e7c02a871b374d99af
+NO2,P|log1p|uniform|permissive|none,PM|log1p|uniform|permissive|none,loso,station_year_mean,all_sampled_dates,all_network,RMSE,ng m-3,a_minus_b,0.11035677715045278,-0.009835438096232234,0.19466681734294675,42,21,1,station,20260921,2000,a4b83f112a2a39d7bb39c1c70c56f5678dc7ac9449f27af54e02cbafaafd9a52
+NO2,P|log1p|uniform|permissive|none,PM|log1p|uniform|permissive|none,loso,station_year_mean,all_sampled_dates,all_network,MAE,ng m-3,a_minus_b,0.033032982067806194,-0.014059844057641447,0.09004613248166857,42,21,1,station,20260921,2000,a4b83f112a2a39d7bb39c1c70c56f5678dc7ac9449f27af54e02cbafaafd9a52
+NO2,P|log1p|uniform|permissive|none,PM|log1p|uniform|permissive|none,loso,station_year_mean,all_sampled_dates,all_network,bias,ng m-3,a_minus_b,-0.06490860578223562,-0.1256903294837262,-0.012848744641595666,42,21,1,station,20260921,2000,a4b83f112a2a39d7bb39c1c70c56f5678dc7ac9449f27af54e02cbafaafd9a52
+NO2,P|log1p|uniform|permissive|none,PM|log1p|uniform|permissive|none,loso,station_year_mean,all_sampled_dates,nonindustrial,RMSE,ng m-3,a_minus_b,0.017932211081878813,-0.01816815228073454,0.04805370221880185,40,20,1,station,20260921,2000,75f77a11b57c142012fafa94a0442f20d6ba5eff6db77fdddfbfa204481e78df
+NO2,P|log1p|uniform|permissive|none,PM|log1p|uniform|permissive|none,loso,station_year_mean,all_sampled_dates,nonindustrial,MAE,ng m-3,a_minus_b,0.009221195730347576,-0.01968251546211976,0.03907954755728223,40,20,1,station,20260921,2000,75f77a11b57c142012fafa94a0442f20d6ba5eff6db77fdddfbfa204481e78df
+NO2,P|log1p|uniform|permissive|none,PM|log1p|uniform|permissive|none,loso,station_year_mean,all_sampled_dates,nonindustrial,bias,ng m-3,a_minus_b,-0.04269060063049852,-0.09018484449478616,-0.004606160082561459,40,20,1,station,20260921,2000,75f77a11b57c142012fafa94a0442f20d6ba5eff6db77fdddfbfa204481e78df
+NO2,P|log1p|uniform|permissive|none,PM|log1p|uniform|permissive|none,loso,station_year_mean,all_sampled_dates,nonindustrial_higher,RMSE,ng m-3,a_minus_b,0.049887307121044666,0.012468913048562937,0.08078126473424402,20,10,1,station,20260921,2000,54d313e95dc309aa2e8ef845fd41708208c653e62ac636636faccd8f7f1e8a69
+NO2,P|log1p|uniform|permissive|none,PM|log1p|uniform|permissive|none,loso,station_year_mean,all_sampled_dates,nonindustrial_higher,MAE,ng m-3,a_minus_b,0.04900338662336512,0.01696860170124114,0.08234159367532895,20,10,1,station,20260921,2000,54d313e95dc309aa2e8ef845fd41708208c653e62ac636636faccd8f7f1e8a69
+NO2,P|log1p|uniform|permissive|none,PM|log1p|uniform|permissive|none,loso,station_year_mean,all_sampled_dates,nonindustrial_higher,bias,ng m-3,a_minus_b,-0.06652410800270808,-0.14402418964555638,0.0013465592842382894,20,10,1,station,20260921,2000,54d313e95dc309aa2e8ef845fd41708208c653e62ac636636faccd8f7f1e8a69
+NO2,P|log1p|uniform|permissive|none,PM|log1p|uniform|permissive|none,loso,station_year_mean,all_sampled_dates,nonindustrial_lower,RMSE,ng m-3,a_minus_b,-0.025875087682378672,-0.06618352118736057,0.01174530009010472,20,10,1,station,20260921,2000,670d7f6c2b4a419dd7125e6759a5a484d1cc22269df900a9e6b8100ba467cbdc
+NO2,P|log1p|uniform|permissive|none,PM|log1p|uniform|permissive|none,loso,station_year_mean,all_sampled_dates,nonindustrial_lower,MAE,ng m-3,a_minus_b,-0.030560995162670024,-0.06677432434402586,0.0006906296323738352,20,10,1,station,20260921,2000,670d7f6c2b4a419dd7125e6759a5a484d1cc22269df900a9e6b8100ba467cbdc
+NO2,P|log1p|uniform|permissive|none,PM|log1p|uniform|permissive|none,loso,station_year_mean,all_sampled_dates,nonindustrial_lower,bias,ng m-3,a_minus_b,-0.0188570932582888,-0.05940191671268962,0.019448871473161034,20,10,1,station,20260921,2000,670d7f6c2b4a419dd7125e6759a5a484d1cc22269df900a9e6b8100ba467cbdc
+E,E_P|log1p|uniform|permissive|none,P|log1p|uniform|permissive|none,block30,daily,all_expected_targets,all_network,RMSE,ng m-3,a_minus_b,-0.24906076613498485,-0.4137459357105613,-0.136524553514201,5089,21,25,station_x_block,20260921,2000,49422f1082065a9d47ebdfaf52caf564b1c3e1dad3fba927ae8da3a978f385a0
+E,E_P|log1p|uniform|permissive|none,P|log1p|uniform|permissive|none,block30,daily,all_expected_targets,all_network,MAE,ng m-3,a_minus_b,-0.19165190485307537,-0.28093008285932025,-0.1145718731905734,5089,21,25,station_x_block,20260921,2000,49422f1082065a9d47ebdfaf52caf564b1c3e1dad3fba927ae8da3a978f385a0
+E,E_P|log1p|uniform|permissive|none,P|log1p|uniform|permissive|none,block30,daily,all_expected_targets,all_network,bias,ng m-3,a_minus_b,-0.014815930869817251,-0.16697441607767297,0.1393196083338462,5089,21,25,station_x_block,20260921,2000,49422f1082065a9d47ebdfaf52caf564b1c3e1dad3fba927ae8da3a978f385a0
+E,E_P|log1p|uniform|permissive|none,P|log1p|uniform|permissive|none,block30,daily,all_expected_targets,nonindustrial,RMSE,ng m-3,a_minus_b,-0.31768335978668216,-0.4467245668257799,-0.20728579074370693,4852,20,25,station_x_block,20260921,2000,5d1137882eec8537744050437f9ce1b569790644db3bdcfe69d5597e07b2e781
+E,E_P|log1p|uniform|permissive|none,P|log1p|uniform|permissive|none,block30,daily,all_expected_targets,nonindustrial,MAE,ng m-3,a_minus_b,-0.18370747337330995,-0.26856830057149744,-0.11610055272422101,4852,20,25,station_x_block,20260921,2000,5d1137882eec8537744050437f9ce1b569790644db3bdcfe69d5597e07b2e781
+E,E_P|log1p|uniform|permissive|none,P|log1p|uniform|permissive|none,block30,daily,all_expected_targets,nonindustrial,bias,ng m-3,a_minus_b,-0.031323915347588625,-0.17507569633904516,0.11422920428790043,4852,20,25,station_x_block,20260921,2000,5d1137882eec8537744050437f9ce1b569790644db3bdcfe69d5597e07b2e781
+E,E_P|log1p|uniform|permissive|none,P|log1p|uniform|permissive|none,block30,daily,all_expected_targets,nonindustrial_higher,RMSE,ng m-3,a_minus_b,-0.29874442121962486,-0.4191036419626929,-0.1807063958103994,2394,10,25,station_x_block,20260921,2000,62f59d22b59dd9d7e2e072c7b3fe63144e2f3e8824a30706c4074510f362197d
+E,E_P|log1p|uniform|permissive|none,P|log1p|uniform|permissive|none,block30,daily,all_expected_targets,nonindustrial_higher,MAE,ng m-3,a_minus_b,-0.17727922308091054,-0.2657823342319085,-0.10506390681677549,2394,10,25,station_x_block,20260921,2000,62f59d22b59dd9d7e2e072c7b3fe63144e2f3e8824a30706c4074510f362197d
+E,E_P|log1p|uniform|permissive|none,P|log1p|uniform|permissive|none,block30,daily,all_expected_targets,nonindustrial_higher,bias,ng m-3,a_minus_b,0.14496185963563074,-0.03353478232784957,0.3461631564380753,2394,10,25,station_x_block,20260921,2000,62f59d22b59dd9d7e2e072c7b3fe63144e2f3e8824a30706c4074510f362197d
+E,E_P|log1p|uniform|permissive|none,P|log1p|uniform|permissive|none,block30,daily,all_expected_targets,nonindustrial_lower,RMSE,ng m-3,a_minus_b,-0.3996488352212164,-0.6611529660682723,-0.19543014923836413,2458,10,25,station_x_block,20260921,2000,b29a851546d291a0d2f7dfae9c12846445d0e09a394514e7c02a871b374d99af
+E,E_P|log1p|uniform|permissive|none,P|log1p|uniform|permissive|none,block30,daily,all_expected_targets,nonindustrial_lower,MAE,ng m-3,a_minus_b,-0.18996834855638728,-0.3210427238767223,-0.10198492500729783,2458,10,25,station_x_block,20260921,2000,b29a851546d291a0d2f7dfae9c12846445d0e09a394514e7c02a871b374d99af
+E,E_P|log1p|uniform|permissive|none,P|log1p|uniform|permissive|none,block30,daily,all_expected_targets,nonindustrial_lower,bias,ng m-3,a_minus_b,-0.2030196620155411,-0.3627722528986538,-0.09369223218147373,2458,10,25,station_x_block,20260921,2000,b29a851546d291a0d2f7dfae9c12846445d0e09a394514e7c02a871b374d99af
+E,E_P|log1p|uniform|permissive|none,P|log1p|uniform|permissive|none,block30,station_year_mean,all_sampled_dates,all_network,RMSE,ng m-3,a_minus_b,-0.15865135832237087,-0.26870485834304014,-0.12625796970728254,42,21,1,station,20260921,2000,a4b83f112a2a39d7bb39c1c70c56f5678dc7ac9449f27af54e02cbafaafd9a52
+E,E_P|log1p|uniform|permissive|none,P|log1p|uniform|permissive|none,block30,station_year_mean,all_sampled_dates,all_network,MAE,ng m-3,a_minus_b,-0.1898452879903165,-0.2536893816597248,-0.12821949401369287,42,21,1,station,20260921,2000,a4b83f112a2a39d7bb39c1c70c56f5678dc7ac9449f27af54e02cbafaafd9a52
+E,E_P|log1p|uniform|permissive|none,P|log1p|uniform|permissive|none,block30,station_year_mean,all_sampled_dates,all_network,bias,ng m-3,a_minus_b,-0.011171207564887639,-0.1252277218054221,0.10952016043109865,42,21,1,station,20260921,2000,a4b83f112a2a39d7bb39c1c70c56f5678dc7ac9449f27af54e02cbafaafd9a52
+E,E_P|log1p|uniform|permissive|none,P|log1p|uniform|permissive|none,block30,station_year_mean,all_sampled_dates,nonindustrial,RMSE,ng m-3,a_minus_b,-0.21530026287917958,-0.2804985366532835,-0.14440508534131816,40,20,1,station,20260921,2000,75f77a11b57c142012fafa94a0442f20d6ba5eff6db77fdddfbfa204481e78df
+E,E_P|log1p|uniform|permissive|none,P|log1p|uniform|permissive|none,block30,station_year_mean,all_sampled_dates,nonindustrial,MAE,ng m-3,a_minus_b,-0.18314424008421343,-0.24842938125188488,-0.12050653858938613,40,20,1,station,20260921,2000,75f77a11b57c142012fafa94a0442f20d6ba5eff6db77fdddfbfa204481e78df
+E,E_P|log1p|uniform|permissive|none,P|log1p|uniform|permissive|none,block30,station_year_mean,all_sampled_dates,nonindustrial,bias,ng m-3,a_minus_b,-0.02792308024875087,-0.13494884796205273,0.09152697380664238,40,20,1,station,20260921,2000,75f77a11b57c142012fafa94a0442f20d6ba5eff6db77fdddfbfa204481e78df
+E,E_P|log1p|uniform|permissive|none,P|log1p|uniform|permissive|none,block30,station_year_mean,all_sampled_dates,nonindustrial_higher,RMSE,ng m-3,a_minus_b,-0.20495277670370826,-0.2843497128576576,-0.11031468826378543,20,10,1,station,20260921,2000,54d313e95dc309aa2e8ef845fd41708208c653e62ac636636faccd8f7f1e8a69
+E,E_P|log1p|uniform|permissive|none,P|log1p|uniform|permissive|none,block30,station_year_mean,all_sampled_dates,nonindustrial_higher,MAE,ng m-3,a_minus_b,-0.18428243434258434,-0.2746902546346771,-0.09307840805615264,20,10,1,station,20260921,2000,54d313e95dc309aa2e8ef845fd41708208c653e62ac636636faccd8f7f1e8a69
+E,E_P|log1p|uniform|permissive|none,P|log1p|uniform|permissive|none,block30,station_year_mean,all_sampled_dates,nonindustrial_higher,bias,ng m-3,a_minus_b,0.14728676885017747,0.0037576993364092995,0.27709380432616487,20,10,1,station,20260921,2000,54d313e95dc309aa2e8ef845fd41708208c653e62ac636636faccd8f7f1e8a69
+E,E_P|log1p|uniform|permissive|none,P|log1p|uniform|permissive|none,block30,station_year_mean,all_sampled_dates,nonindustrial_lower,RMSE,ng m-3,a_minus_b,-0.22803852174238923,-0.33199201271895185,-0.1152085268333903,20,10,1,station,20260921,2000,670d7f6c2b4a419dd7125e6759a5a484d1cc22269df900a9e6b8100ba467cbdc
+E,E_P|log1p|uniform|permissive|none,P|log1p|uniform|permissive|none,block30,station_year_mean,all_sampled_dates,nonindustrial_lower,MAE,ng m-3,a_minus_b,-0.1820060458258425,-0.2842017613128389,-0.09421017577300438,20,10,1,station,20260921,2000,670d7f6c2b4a419dd7125e6759a5a484d1cc22269df900a9e6b8100ba467cbdc
+E,E_P|log1p|uniform|permissive|none,P|log1p|uniform|permissive|none,block30,station_year_mean,all_sampled_dates,nonindustrial_lower,bias,ng m-3,a_minus_b,-0.20313292934767924,-0.30424048593698544,-0.11023199320061117,20,10,1,station,20260921,2000,670d7f6c2b4a419dd7125e6759a5a484d1cc22269df900a9e6b8100ba467cbdc
+E,E_P|log1p|uniform|permissive|none,P|log1p|uniform|permissive|none,block30,daily_complete_pollutant_days,pollutant_availability_subset,all_network,RMSE,ng m-3,a_minus_b,-0.31204934835967313,-0.4548416657164761,-0.1905467453125769,4308,19,25,station_x_block,20260921,2000,67faf505efd6f0d6bb0b3f597eb172f8146b2effb0c729e07c637195e3ebcb3e
+E,E_P|log1p|uniform|permissive|none,P|log1p|uniform|permissive|none,block30,daily_complete_pollutant_days,pollutant_availability_subset,all_network,MAE,ng m-3,a_minus_b,-0.18822053655466575,-0.288647669177342,-0.11553871646193917,4308,19,25,station_x_block,20260921,2000,67faf505efd6f0d6bb0b3f597eb172f8146b2effb0c729e07c637195e3ebcb3e
+E,E_P|log1p|uniform|permissive|none,P|log1p|uniform|permissive|none,block30,daily_complete_pollutant_days,pollutant_availability_subset,all_network,bias,ng m-3,a_minus_b,-0.01761688525169452,-0.1839058226754243,0.14175469657235398,4308,19,25,station_x_block,20260921,2000,67faf505efd6f0d6bb0b3f597eb172f8146b2effb0c729e07c637195e3ebcb3e
+E,E_P|log1p|uniform|permissive|none,P|log1p|uniform|permissive|none,block30,daily_complete_pollutant_days,pollutant_availability_subset,nonindustrial,RMSE,ng m-3,a_minus_b,-0.31204934835967313,-0.4548416657164761,-0.1905467453125769,4308,19,25,station_x_block,20260921,2000,67faf505efd6f0d6bb0b3f597eb172f8146b2effb0c729e07c637195e3ebcb3e
+E,E_P|log1p|uniform|permissive|none,P|log1p|uniform|permissive|none,block30,daily_complete_pollutant_days,pollutant_availability_subset,nonindustrial,MAE,ng m-3,a_minus_b,-0.18822053655466575,-0.288647669177342,-0.11553871646193917,4308,19,25,station_x_block,20260921,2000,67faf505efd6f0d6bb0b3f597eb172f8146b2effb0c729e07c637195e3ebcb3e
+E,E_P|log1p|uniform|permissive|none,P|log1p|uniform|permissive|none,block30,daily_complete_pollutant_days,pollutant_availability_subset,nonindustrial,bias,ng m-3,a_minus_b,-0.01761688525169452,-0.1839058226754243,0.14175469657235398,4308,19,25,station_x_block,20260921,2000,67faf505efd6f0d6bb0b3f597eb172f8146b2effb0c729e07c637195e3ebcb3e
+E,E_P|log1p|uniform|permissive|none,P|log1p|uniform|permissive|none,block30,daily_complete_pollutant_days,pollutant_availability_subset,nonindustrial_higher,RMSE,ng m-3,a_minus_b,-0.2769140337590771,-0.39850623579725847,-0.1596251893676292,2339,10,25,station_x_block,20260921,2000,534366f7de3dae0bdb8358ad917802203a80c1991867cd2e723a3bcff37b3d6c
+E,E_P|log1p|uniform|permissive|none,P|log1p|uniform|permissive|none,block30,daily_complete_pollutant_days,pollutant_availability_subset,nonindustrial_higher,MAE,ng m-3,a_minus_b,-0.1666666018865755,-0.2555902959909687,-0.09230926982266213,2339,10,25,station_x_block,20260921,2000,534366f7de3dae0bdb8358ad917802203a80c1991867cd2e723a3bcff37b3d6c
+E,E_P|log1p|uniform|permissive|none,P|log1p|uniform|permissive|none,block30,daily_complete_pollutant_days,pollutant_availability_subset,nonindustrial_higher,bias,ng m-3,a_minus_b,0.163634587996879,-0.008311633064338091,0.36036463516290657,2339,10,25,station_x_block,20260921,2000,534366f7de3dae0bdb8358ad917802203a80c1991867cd2e723a3bcff37b3d6c
+E,E_P|log1p|uniform|permissive|none,P|log1p|uniform|permissive|none,block30,daily_complete_pollutant_days,pollutant_availability_subset,nonindustrial_lower,RMSE,ng m-3,a_minus_b,-0.4359863517936388,-0.707297395324349,-0.2065142861291123,1969,9,25,station_x_block,20260921,2000,0368b43e687ddcdc6346fedbf5a156f1aba1be1fd1ba4380fd3274ff5dae8093
+E,E_P|log1p|uniform|permissive|none,P|log1p|uniform|permissive|none,block30,daily_complete_pollutant_days,pollutant_availability_subset,nonindustrial_lower,MAE,ng m-3,a_minus_b,-0.2138247281182326,-0.35292405203418203,-0.11346692452143577,1969,9,25,station_x_block,20260921,2000,0368b43e687ddcdc6346fedbf5a156f1aba1be1fd1ba4380fd3274ff5dae8093
+E,E_P|log1p|uniform|permissive|none,P|log1p|uniform|permissive|none,block30,daily_complete_pollutant_days,pollutant_availability_subset,nonindustrial_lower,bias,ng m-3,a_minus_b,-0.23292780243219907,-0.39925973656585967,-0.10253577387963178,1969,9,25,station_x_block,20260921,2000,0368b43e687ddcdc6346fedbf5a156f1aba1be1fd1ba4380fd3274ff5dae8093
+E,E_P|log1p|uniform|permissive|none,P|log1p|uniform|permissive|none,block30,daily_incomplete_pollutant_days,pollutant_availability_subset,all_network,RMSE,ng m-3,a_minus_b,-0.26874911355327313,-1.0030757412681326,-0.08444177636100046,781,19,25,station_x_block,20260921,2000,a75d46e1587e47378cd224d3428a99ff7be4ab89de4925dd4d16cf8a0d1c1e7e
+E,E_P|log1p|uniform|permissive|none,P|log1p|uniform|permissive|none,block30,daily_incomplete_pollutant_days,pollutant_availability_subset,all_network,MAE,ng m-3,a_minus_b,-0.21057934996133176,-0.6309930890868554,-0.053285431557041484,781,19,25,station_x_block,20260921,2000,a75d46e1587e47378cd224d3428a99ff7be4ab89de4925dd4d16cf8a0d1c1e7e
+E,E_P|log1p|uniform|permissive|none,P|log1p|uniform|permissive|none,block30,daily_incomplete_pollutant_days,pollutant_availability_subset,all_network,bias,ng m-3,a_minus_b,0.0006341478460947791,-0.6657397519437821,0.24051840416454967,781,19,25,station_x_block,20260921,2000,a75d46e1587e47378cd224d3428a99ff7be4ab89de4925dd4d16cf8a0d1c1e7e
+E,E_P|log1p|uniform|permissive|none,P|log1p|uniform|permissive|none,block30,daily_incomplete_pollutant_days,pollutant_availability_subset,nonindustrial,RMSE,ng m-3,a_minus_b,-0.3906963785815958,-1.2754983605439991,-0.07680206912698388,544,18,25,station_x_block,20260921,2000,b15751201784f3ba52ed7b95fe535bf1bd6a7ec1b2945af9917f7dc1c7560180
+E,E_P|log1p|uniform|permissive|none,P|log1p|uniform|permissive|none,block30,daily_incomplete_pollutant_days,pollutant_availability_subset,nonindustrial,MAE,ng m-3,a_minus_b,-0.14796799509154412,-0.8125933228112328,-0.03241598794316163,544,18,25,station_x_block,20260921,2000,b15751201784f3ba52ed7b95fe535bf1bd6a7ec1b2945af9917f7dc1c7560180
+E,E_P|log1p|uniform|permissive|none,P|log1p|uniform|permissive|none,block30,daily_incomplete_pollutant_days,pollutant_availability_subset,nonindustrial,bias,ng m-3,a_minus_b,-0.13987149926875,-0.8880301520509547,-0.011718921898807336,544,18,25,station_x_block,20260921,2000,b15751201784f3ba52ed7b95fe535bf1bd6a7ec1b2945af9917f7dc1c7560180
+E,E_P|log1p|uniform|permissive|none,P|log1p|uniform|permissive|none,block30,daily_incomplete_pollutant_days,pollutant_availability_subset,nonindustrial_higher,RMSE,ng m-3,a_minus_b,-1.03948761048497,-1.7634481383350218,0.22961414190964965,55,8,12,station_x_block,20260921,2000,8bc742768f84e0cde5fbf4649429eaae5d0031446127da5adde987434322784b
+E,E_P|log1p|uniform|permissive|none,P|log1p|uniform|permissive|none,block30,daily_incomplete_pollutant_days,pollutant_availability_subset,nonindustrial_higher,MAE,ng m-3,a_minus_b,-0.6286050589636365,-1.3566595491488984,0.17586892194642817,55,8,12,station_x_block,20260921,2000,8bc742768f84e0cde5fbf4649429eaae5d0031446127da5adde987434322784b
+E,E_P|log1p|uniform|permissive|none,P|log1p|uniform|permissive|none,block30,daily_incomplete_pollutant_days,pollutant_availability_subset,nonindustrial_higher,bias,ng m-3,a_minus_b,-0.6491383519454546,-1.4144144405960146,0.37737261909981085,55,8,12,station_x_block,20260921,2000,8bc742768f84e0cde5fbf4649429eaae5d0031446127da5adde987434322784b
+E,E_P|log1p|uniform|permissive|none,P|log1p|uniform|permissive|none,block30,daily_incomplete_pollutant_days,pollutant_availability_subset,nonindustrial_lower,RMSE,ng m-3,a_minus_b,-0.24317499770272544,-1.4185842135687499,-0.05571567606522091,489,10,25,station_x_block,20260921,2000,3bea97d4042a40fb665f8bdd3eec8d09bb4adce450c662958c3439560b610ceb
+E,E_P|log1p|uniform|permissive|none,P|log1p|uniform|permissive|none,block30,daily_incomplete_pollutant_days,pollutant_availability_subset,nonindustrial_lower,MAE,ng m-3,a_minus_b,-0.09390861162944783,-0.8139301273736433,-0.029444505237935736,489,10,25,station_x_block,20260921,2000,3bea97d4042a40fb665f8bdd3eec8d09bb4adce450c662958c3439560b610ceb
+E,E_P|log1p|uniform|permissive|none,P|log1p|uniform|permissive|none,block30,daily_incomplete_pollutant_days,pollutant_availability_subset,nonindustrial_lower,bias,ng m-3,a_minus_b,-0.08259199641145196,-0.973826117415635,-0.0064164395957425,489,10,25,station_x_block,20260921,2000,3bea97d4042a40fb665f8bdd3eec8d09bb4adce450c662958c3439560b610ceb
+E,E_P|log1p|uniform|permissive|none,P|log1p|uniform|permissive|none,loso,daily,all_expected_targets,all_network,RMSE,ng m-3,a_minus_b,-0.03108710180624108,-0.2525280386613202,0.05774609871934489,5089,21,1,station,20260921,2000,49422f1082065a9d47ebdfaf52caf564b1c3e1dad3fba927ae8da3a978f385a0
+E,E_P|log1p|uniform|permissive|none,P|log1p|uniform|permissive|none,loso,daily,all_expected_targets,all_network,MAE,ng m-3,a_minus_b,-0.06457310189757304,-0.13337348792455186,0.002114362278043734,5089,21,1,station,20260921,2000,49422f1082065a9d47ebdfaf52caf564b1c3e1dad3fba927ae8da3a978f385a0
+E,E_P|log1p|uniform|permissive|none,P|log1p|uniform|permissive|none,loso,daily,all_expected_targets,all_network,bias,ng m-3,a_minus_b,0.02134546746408919,-0.09696610089209953,0.16523251097608363,5089,21,1,station,20260921,2000,49422f1082065a9d47ebdfaf52caf564b1c3e1dad3fba927ae8da3a978f385a0
+E,E_P|log1p|uniform|permissive|none,P|log1p|uniform|permissive|none,loso,daily,all_expected_targets,nonindustrial,RMSE,ng m-3,a_minus_b,-0.17150173151541348,-0.2752708883594704,-0.0557014736862186,4852,20,1,station,20260921,2000,5d1137882eec8537744050437f9ce1b569790644db3bdcfe69d5597e07b2e781
+E,E_P|log1p|uniform|permissive|none,P|log1p|uniform|permissive|none,loso,daily,all_expected_targets,nonindustrial,MAE,ng m-3,a_minus_b,-0.08220605815056892,-0.1440901151467651,-0.02304621265948432,4852,20,1,station,20260921,2000,5d1137882eec8537744050437f9ce1b569790644db3bdcfe69d5597e07b2e781
+E,E_P|log1p|uniform|permissive|none,P|log1p|uniform|permissive|none,loso,daily,all_expected_targets,nonindustrial,bias,ng m-3,a_minus_b,0.04109393902196207,-0.07662420617232034,0.1768055966787769,4852,20,1,station,20260921,2000,5d1137882eec8537744050437f9ce1b569790644db3bdcfe69d5597e07b2e781
+E,E_P|log1p|uniform|permissive|none,P|log1p|uniform|permissive|none,loso,daily,all_expected_targets,nonindustrial_higher,RMSE,ng m-3,a_minus_b,-0.1844721796377271,-0.33082144336575103,-0.018665757363014936,2394,10,1,station,20260921,2000,62f59d22b59dd9d7e2e072c7b3fe63144e2f3e8824a30706c4074510f362197d
+E,E_P|log1p|uniform|permissive|none,P|log1p|uniform|permissive|none,loso,daily,all_expected_targets,nonindustrial_higher,MAE,ng m-3,a_minus_b,-0.10009182061737687,-0.18644202249047268,-0.022793204206468378,2394,10,1,station,20260921,2000,62f59d22b59dd9d7e2e072c7b3fe63144e2f3e8824a30706c4074510f362197d
+E,E_P|log1p|uniform|permissive|none,P|log1p|uniform|permissive|none,loso,daily,all_expected_targets,nonindustrial_higher,bias,ng m-3,a_minus_b,0.1683955735538848,-0.042588095896962164,0.3881873794017302,2394,10,1,station,20260921,2000,62f59d22b59dd9d7e2e072c7b3fe63144e2f3e8824a30706c4074510f362197d
+E,E_P|log1p|uniform|permissive|none,P|log1p|uniform|permissive|none,loso,daily,all_expected_targets,nonindustrial_lower,RMSE,ng m-3,a_minus_b,-0.1656916237246201,-0.3197740970780826,-0.003255310137212333,2458,10,1,station,20260921,2000,b29a851546d291a0d2f7dfae9c12846445d0e09a394514e7c02a871b374d99af
+E,E_P|log1p|uniform|permissive|none,P|log1p|uniform|permissive|none,loso,daily,all_expected_targets,nonindustrial_lower,MAE,ng m-3,a_minus_b,-0.064785994950594,-0.14886042524242346,0.02866571377093874,2458,10,1,station,20260921,2000,b29a851546d291a0d2f7dfae9c12846445d0e09a394514e7c02a871b374d99af
+E,E_P|log1p|uniform|permissive|none,P|log1p|uniform|permissive|none,loso,daily,all_expected_targets,nonindustrial_lower,bias,ng m-3,a_minus_b,-0.08289308826421479,-0.17113642883997404,0.0028356758514643814,2458,10,1,station,20260921,2000,b29a851546d291a0d2f7dfae9c12846445d0e09a394514e7c02a871b374d99af
+E,E_P|log1p|uniform|permissive|none,P|log1p|uniform|permissive|none,loso,station_year_mean,all_sampled_dates,all_network,RMSE,ng m-3,a_minus_b,0.05277022589759772,-0.182257919808418,0.13417100685928898,42,21,1,station,20260921,2000,a4b83f112a2a39d7bb39c1c70c56f5678dc7ac9449f27af54e02cbafaafd9a52
+E,E_P|log1p|uniform|permissive|none,P|log1p|uniform|permissive|none,loso,station_year_mean,all_sampled_dates,all_network,MAE,ng m-3,a_minus_b,-0.03234554783884347,-0.13472211462279887,0.06664981857257757,42,21,1,station,20260921,2000,a4b83f112a2a39d7bb39c1c70c56f5678dc7ac9449f27af54e02cbafaafd9a52
+E,E_P|log1p|uniform|permissive|none,P|log1p|uniform|permissive|none,loso,station_year_mean,all_sampled_dates,all_network,bias,ng m-3,a_minus_b,0.011918443849193161,-0.10334243344135774,0.14884840746967357,42,21,1,station,20260921,2000,a4b83f112a2a39d7bb39c1c70c56f5678dc7ac9449f27af54e02cbafaafd9a52
+E,E_P|log1p|uniform|permissive|none,P|log1p|uniform|permissive|none,loso,station_year_mean,all_sampled_dates,nonindustrial,RMSE,ng m-3,a_minus_b,-0.0941903931327226,-0.21939841927796067,0.03069697686686097,40,20,1,station,20260921,2000,75f77a11b57c142012fafa94a0442f20d6ba5eff6db77fdddfbfa204481e78df
+E,E_P|log1p|uniform|permissive|none,P|log1p|uniform|permissive|none,loso,station_year_mean,all_sampled_dates,nonindustrial,MAE,ng m-3,a_minus_b,-0.05311698818927829,-0.15705426972654193,0.04272375268282487,40,20,1,station,20260921,2000,75f77a11b57c142012fafa94a0442f20d6ba5eff6db77fdddfbfa204481e78df
+E,E_P|log1p|uniform|permissive|none,P|log1p|uniform|permissive|none,loso,station_year_mean,all_sampled_dates,nonindustrial,bias,ng m-3,a_minus_b,0.031668529000145634,-0.08188970756476899,0.1601045681560573,40,20,1,station,20260921,2000,75f77a11b57c142012fafa94a0442f20d6ba5eff6db77fdddfbfa204481e78df
+E,E_P|log1p|uniform|permissive|none,P|log1p|uniform|permissive|none,loso,station_year_mean,all_sampled_dates,nonindustrial_higher,RMSE,ng m-3,a_minus_b,-0.1487575474655169,-0.319634840510835,0.04704670691902562,20,10,1,station,20260921,2000,54d313e95dc309aa2e8ef845fd41708208c653e62ac636636faccd8f7f1e8a69
+E,E_P|log1p|uniform|permissive|none,P|log1p|uniform|permissive|none,loso,station_year_mean,all_sampled_dates,nonindustrial_higher,MAE,ng m-3,a_minus_b,-0.09012355382254489,-0.24650909947150795,0.061162946867008176,20,10,1,station,20260921,2000,54d313e95dc309aa2e8ef845fd41708208c653e62ac636636faccd8f7f1e8a69
+E,E_P|log1p|uniform|permissive|none,P|log1p|uniform|permissive|none,loso,station_year_mean,all_sampled_dates,nonindustrial_higher,bias,ng m-3,a_minus_b,0.14742955251367504,-0.05622231078103477,0.3652460319974145,20,10,1,station,20260921,2000,54d313e95dc309aa2e8ef845fd41708208c653e62ac636636faccd8f7f1e8a69
+E,E_P|log1p|uniform|permissive|none,P|log1p|uniform|permissive|none,loso,station_year_mean,all_sampled_dates,nonindustrial_lower,RMSE,ng m-3,a_minus_b,-0.023958353243952124,-0.14055759705411672,0.11101811777535796,20,10,1,station,20260921,2000,670d7f6c2b4a419dd7125e6759a5a484d1cc22269df900a9e6b8100ba467cbdc
+E,E_P|log1p|uniform|permissive|none,P|log1p|uniform|permissive|none,loso,station_year_mean,all_sampled_dates,nonindustrial_lower,MAE,ng m-3,a_minus_b,-0.01611042255601161,-0.1242363269204088,0.10949634048104293,20,10,1,station,20260921,2000,670d7f6c2b4a419dd7125e6759a5a484d1cc22269df900a9e6b8100ba467cbdc
+E,E_P|log1p|uniform|permissive|none,P|log1p|uniform|permissive|none,loso,station_year_mean,all_sampled_dates,nonindustrial_lower,bias,ng m-3,a_minus_b,-0.08409249451338383,-0.17403817197135205,0.010143364603890606,20,10,1,station,20260921,2000,670d7f6c2b4a419dd7125e6759a5a484d1cc22269df900a9e6b8100ba467cbdc
+E,E_P|log1p|uniform|permissive|none,P|log1p|uniform|permissive|none,loso,daily_complete_pollutant_days,pollutant_availability_subset,all_network,RMSE,ng m-3,a_minus_b,-0.1844125506754105,-0.2901102775585269,-0.06569437761357656,4308,19,1,station,20260921,2000,67faf505efd6f0d6bb0b3f597eb172f8146b2effb0c729e07c637195e3ebcb3e
+E,E_P|log1p|uniform|permissive|none,P|log1p|uniform|permissive|none,loso,daily_complete_pollutant_days,pollutant_availability_subset,all_network,MAE,ng m-3,a_minus_b,-0.09878220078274375,-0.1577806021597935,-0.045354028524006676,4308,19,1,station,20260921,2000,67faf505efd6f0d6bb0b3f597eb172f8146b2effb0c729e07c637195e3ebcb3e
+E,E_P|log1p|uniform|permissive|none,P|log1p|uniform|permissive|none,loso,daily_complete_pollutant_days,pollutant_availability_subset,all_network,bias,ng m-3,a_minus_b,0.04337661771681989,-0.09128803625759087,0.20967810156267208,4308,19,1,station,20260921,2000,67faf505efd6f0d6bb0b3f597eb172f8146b2effb0c729e07c637195e3ebcb3e
+E,E_P|log1p|uniform|permissive|none,P|log1p|uniform|permissive|none,loso,daily_complete_pollutant_days,pollutant_availability_subset,nonindustrial,RMSE,ng m-3,a_minus_b,-0.1844125506754105,-0.2901102775585269,-0.06569437761357656,4308,19,1,station,20260921,2000,67faf505efd6f0d6bb0b3f597eb172f8146b2effb0c729e07c637195e3ebcb3e
+E,E_P|log1p|uniform|permissive|none,P|log1p|uniform|permissive|none,loso,daily_complete_pollutant_days,pollutant_availability_subset,nonindustrial,MAE,ng m-3,a_minus_b,-0.09878220078274375,-0.1577806021597935,-0.045354028524006676,4308,19,1,station,20260921,2000,67faf505efd6f0d6bb0b3f597eb172f8146b2effb0c729e07c637195e3ebcb3e
+E,E_P|log1p|uniform|permissive|none,P|log1p|uniform|permissive|none,loso,daily_complete_pollutant_days,pollutant_availability_subset,nonindustrial,bias,ng m-3,a_minus_b,0.04337661771681989,-0.09128803625759087,0.20967810156267208,4308,19,1,station,20260921,2000,67faf505efd6f0d6bb0b3f597eb172f8146b2effb0c729e07c637195e3ebcb3e
+E,E_P|log1p|uniform|permissive|none,P|log1p|uniform|permissive|none,loso,daily_complete_pollutant_days,pollutant_availability_subset,nonindustrial_higher,RMSE,ng m-3,a_minus_b,-0.1721627780827275,-0.3243334379351319,-0.0030082777138891264,2339,10,1,station,20260921,2000,534366f7de3dae0bdb8358ad917802203a80c1991867cd2e723a3bcff37b3d6c
+E,E_P|log1p|uniform|permissive|none,P|log1p|uniform|permissive|none,loso,daily_complete_pollutant_days,pollutant_availability_subset,nonindustrial_higher,MAE,ng m-3,a_minus_b,-0.09121331352030793,-0.18454129046219214,-0.006893843513543815,2339,10,1,station,20260921,2000,534366f7de3dae0bdb8358ad917802203a80c1991867cd2e723a3bcff37b3d6c
+E,E_P|log1p|uniform|permissive|none,P|log1p|uniform|permissive|none,loso,daily_complete_pollutant_days,pollutant_availability_subset,nonindustrial_higher,bias,ng m-3,a_minus_b,0.18366997386660966,-0.030123068727511717,0.4040654875493851,2339,10,1,station,20260921,2000,534366f7de3dae0bdb8358ad917802203a80c1991867cd2e723a3bcff37b3d6c
+E,E_P|log1p|uniform|permissive|none,P|log1p|uniform|permissive|none,loso,daily_complete_pollutant_days,pollutant_availability_subset,nonindustrial_lower,RMSE,ng m-3,a_minus_b,-0.22952678347256883,-0.36889821065836453,-0.11798937431157225,1969,9,1,station,20260921,2000,0368b43e687ddcdc6346fedbf5a156f1aba1be1fd1ba4380fd3274ff5dae8093
+E,E_P|log1p|uniform|permissive|none,P|log1p|uniform|permissive|none,loso,daily_complete_pollutant_days,pollutant_availability_subset,nonindustrial_lower,MAE,ng m-3,a_minus_b,-0.10777337767803963,-0.17535172735937707,-0.05241071658499457,1969,9,1,station,20260921,2000,0368b43e687ddcdc6346fedbf5a156f1aba1be1fd1ba4380fd3274ff5dae8093
+E,E_P|log1p|uniform|permissive|none,P|log1p|uniform|permissive|none,loso,daily_complete_pollutant_days,pollutant_availability_subset,nonindustrial_lower,bias,ng m-3,a_minus_b,-0.12327963420514979,-0.1967273135788917,-0.0642813317205819,1969,9,1,station,20260921,2000,0368b43e687ddcdc6346fedbf5a156f1aba1be1fd1ba4380fd3274ff5dae8093
+E,E_P|log1p|uniform|permissive|none,P|log1p|uniform|permissive|none,loso,daily_incomplete_pollutant_days,pollutant_availability_subset,all_network,RMSE,ng m-3,a_minus_b,0.12873390294368292,-0.7495287720708327,0.20770999516000996,781,19,1,station,20260921,2000,a75d46e1587e47378cd224d3428a99ff7be4ab89de4925dd4d16cf8a0d1c1e7e
+E,E_P|log1p|uniform|permissive|none,P|log1p|uniform|permissive|none,loso,daily_incomplete_pollutant_days,pollutant_availability_subset,all_network,MAE,ng m-3,a_minus_b,0.12412446275967981,-0.4618236302631282,0.25238761678015187,781,19,1,station,20260921,2000,a75d46e1587e47378cd224d3428a99ff7be4ab89de4925dd4d16cf8a0d1c1e7e
+E,E_P|log1p|uniform|permissive|none,P|log1p|uniform|permissive|none,loso,daily_incomplete_pollutant_days,pollutant_availability_subset,all_network,bias,ng m-3,a_minus_b,-0.10017847016556947,-0.5285766736312554,0.12675573252989533,781,19,1,station,20260921,2000,a75d46e1587e47378cd224d3428a99ff7be4ab89de4925dd4d16cf8a0d1c1e7e
+E,E_P|log1p|uniform|permissive|none,P|log1p|uniform|permissive|none,loso,daily_incomplete_pollutant_days,pollutant_availability_subset,nonindustrial,RMSE,ng m-3,a_minus_b,-0.04968130634668,-0.8876338440815241,0.20725630626289523,544,18,1,station,20260921,2000,b15751201784f3ba52ed7b95fe535bf1bd6a7ec1b2945af9917f7dc1c7560180
+E,E_P|log1p|uniform|permissive|none,P|log1p|uniform|permissive|none,loso,daily_incomplete_pollutant_days,pollutant_availability_subset,nonindustrial,MAE,ng m-3,a_minus_b,0.049062365488051485,-0.6046638469362033,0.22555295378810908,544,18,1,station,20260921,2000,b15751201784f3ba52ed7b95fe535bf1bd6a7ec1b2945af9917f7dc1c7560180
+E,E_P|log1p|uniform|permissive|none,P|log1p|uniform|permissive|none,loso,daily_incomplete_pollutant_days,pollutant_availability_subset,nonindustrial,bias,ng m-3,a_minus_b,0.023017137886948563,-0.6760155378007353,0.1537989319313744,544,18,1,station,20260921,2000,b15751201784f3ba52ed7b95fe535bf1bd6a7ec1b2945af9917f7dc1c7560180
+E,E_P|log1p|uniform|permissive|none,P|log1p|uniform|permissive|none,loso,daily_incomplete_pollutant_days,pollutant_availability_subset,nonindustrial_higher,RMSE,ng m-3,a_minus_b,-0.6689546592181067,-0.8877118895901039,-0.30401154947332953,55,8,1,station,20260921,2000,8bc742768f84e0cde5fbf4649429eaae5d0031446127da5adde987434322784b
+E,E_P|log1p|uniform|permissive|none,P|log1p|uniform|permissive|none,loso,daily_incomplete_pollutant_days,pollutant_availability_subset,nonindustrial_higher,MAE,ng m-3,a_minus_b,-0.4776705133454545,-0.7702320902256661,-0.07456647725490201,55,8,1,station,20260921,2000,8bc742768f84e0cde5fbf4649429eaae5d0031446127da5adde987434322784b
+E,E_P|log1p|uniform|permissive|none,P|log1p|uniform|permissive|none,loso,daily_incomplete_pollutant_days,pollutant_availability_subset,nonindustrial_higher,bias,ng m-3,a_minus_b,-0.4811830142909092,-0.7596240586720278,-0.04512852444444446,55,8,1,station,20260921,2000,8bc742768f84e0cde5fbf4649429eaae5d0031446127da5adde987434322784b
+E,E_P|log1p|uniform|permissive|none,P|log1p|uniform|permissive|none,loso,daily_incomplete_pollutant_days,pollutant_availability_subset,nonindustrial_lower,RMSE,ng m-3,a_minus_b,0.07309838006714686,-1.1305284853873485,0.2963840680675198,489,10,1,station,20260921,2000,3bea97d4042a40fb665f8bdd3eec8d09bb4adce450c662958c3439560b610ceb
+E,E_P|log1p|uniform|permissive|none,P|log1p|uniform|permissive|none,loso,daily_incomplete_pollutant_days,pollutant_availability_subset,nonindustrial_lower,MAE,ng m-3,a_minus_b,0.10830634981492837,-0.6353111051871152,0.2816425022463357,489,10,1,station,20260921,2000,3bea97d4042a40fb665f8bdd3eec8d09bb4adce450c662958c3439560b610ceb
+E,E_P|log1p|uniform|permissive|none,P|log1p|uniform|permissive|none,loso,daily_incomplete_pollutant_days,pollutant_availability_subset,nonindustrial_lower,bias,ng m-3,a_minus_b,0.07972676645501021,-0.792321669962139,0.20029021577889647,489,10,1,station,20260921,2000,3bea97d4042a40fb665f8bdd3eec8d09bb4adce450c662958c3439560b610ceb
+P,E_P|log1p|uniform|permissive|none,E|log1p|uniform|permissive|none,block30,daily,all_expected_targets,all_network,RMSE,ng m-3,a_minus_b,-0.25144375917059425,-0.4817981468179086,-0.11500233170714126,5089,21,25,station_x_block,20260921,2000,49422f1082065a9d47ebdfaf52caf564b1c3e1dad3fba927ae8da3a978f385a0
+P,E_P|log1p|uniform|permissive|none,E|log1p|uniform|permissive|none,block30,daily,all_expected_targets,all_network,MAE,ng m-3,a_minus_b,-0.1091712051782393,-0.21230870380645891,-0.0379411272232239,5089,21,25,station_x_block,20260921,2000,49422f1082065a9d47ebdfaf52caf564b1c3e1dad3fba927ae8da3a978f385a0
+P,E_P|log1p|uniform|permissive|none,E|log1p|uniform|permissive|none,block30,daily,all_expected_targets,all_network,bias,ng m-3,a_minus_b,0.04147902205923755,-0.023093753091252348,0.124941703498362,5089,21,25,station_x_block,20260921,2000,49422f1082065a9d47ebdfaf52caf564b1c3e1dad3fba927ae8da3a978f385a0
+P,E_P|log1p|uniform|permissive|none,E|log1p|uniform|permissive|none,block30,daily,all_expected_targets,nonindustrial,RMSE,ng m-3,a_minus_b,-0.29923267092641836,-0.5320428277274777,-0.10391407729415689,4852,20,25,station_x_block,20260921,2000,5d1137882eec8537744050437f9ce1b569790644db3bdcfe69d5597e07b2e781
+P,E_P|log1p|uniform|permissive|none,E|log1p|uniform|permissive|none,block30,daily,all_expected_targets,nonindustrial,MAE,ng m-3,a_minus_b,-0.10481459853298841,-0.2180876862868076,-0.0348820735477601,4852,20,25,station_x_block,20260921,2000,5d1137882eec8537744050437f9ce1b569790644db3bdcfe69d5597e07b2e781
+P,E_P|log1p|uniform|permissive|none,E|log1p|uniform|permissive|none,block30,daily,all_expected_targets,nonindustrial,bias,ng m-3,a_minus_b,0.02628537735561831,-0.02648544188680274,0.08308790970001881,4852,20,25,station_x_block,20260921,2000,5d1137882eec8537744050437f9ce1b569790644db3bdcfe69d5597e07b2e781
+P,E_P|log1p|uniform|permissive|none,E|log1p|uniform|permissive|none,block30,daily,all_expected_targets,nonindustrial_higher,RMSE,ng m-3,a_minus_b,-0.4352124994789677,-0.7323116850598274,-0.15986903458357662,2394,10,25,station_x_block,20260921,2000,62f59d22b59dd9d7e2e072c7b3fe63144e2f3e8824a30706c4074510f362197d
+P,E_P|log1p|uniform|permissive|none,E|log1p|uniform|permissive|none,block30,daily,all_expected_targets,nonindustrial_higher,MAE,ng m-3,a_minus_b,-0.1868988926861737,-0.3531335908327213,-0.06149433829537092,2394,10,25,station_x_block,20260921,2000,62f59d22b59dd9d7e2e072c7b3fe63144e2f3e8824a30706c4074510f362197d
+P,E_P|log1p|uniform|permissive|none,E|log1p|uniform|permissive|none,block30,daily,all_expected_targets,nonindustrial_higher,bias,ng m-3,a_minus_b,0.056783436424686716,-0.03477545709142913,0.15545428117546672,2394,10,25,station_x_block,20260921,2000,62f59d22b59dd9d7e2e072c7b3fe63144e2f3e8824a30706c4074510f362197d
+P,E_P|log1p|uniform|permissive|none,E|log1p|uniform|permissive|none,block30,daily,all_expected_targets,nonindustrial_lower,RMSE,ng m-3,a_minus_b,-0.04695194241333295,-0.10673917483345546,0.010379681358651844,2458,10,25,station_x_block,20260921,2000,b29a851546d291a0d2f7dfae9c12846445d0e09a394514e7c02a871b374d99af
+P,E_P|log1p|uniform|permissive|none,E|log1p|uniform|permissive|none,block30,daily,all_expected_targets,nonindustrial_lower,MAE,ng m-3,a_minus_b,-0.024867568344735524,-0.05624861945750547,-0.0011393985540458786,2458,10,25,station_x_block,20260921,2000,b29a851546d291a0d2f7dfae9c12846445d0e09a394514e7c02a871b374d99af
+P,E_P|log1p|uniform|permissive|none,E|log1p|uniform|permissive|none,block30,daily,all_expected_targets,nonindustrial_lower,bias,ng m-3,a_minus_b,-0.00341859067178194,-0.04342772971617353,0.028099598661660872,2458,10,25,station_x_block,20260921,2000,b29a851546d291a0d2f7dfae9c12846445d0e09a394514e7c02a871b374d99af
+P,E_P|log1p|uniform|permissive|none,E|log1p|uniform|permissive|none,block30,station_year_mean,all_sampled_dates,all_network,RMSE,ng m-3,a_minus_b,-0.08406121831783275,-0.14081559808667946,-0.018461105826041296,42,21,1,station,20260921,2000,a4b83f112a2a39d7bb39c1c70c56f5678dc7ac9449f27af54e02cbafaafd9a52
+P,E_P|log1p|uniform|permissive|none,E|log1p|uniform|permissive|none,block30,station_year_mean,all_sampled_dates,all_network,MAE,ng m-3,a_minus_b,-0.04337323357822795,-0.07771154175381333,-0.016832258767193117,42,21,1,station,20260921,2000,a4b83f112a2a39d7bb39c1c70c56f5678dc7ac9449f27af54e02cbafaafd9a52
+P,E_P|log1p|uniform|permissive|none,E|log1p|uniform|permissive|none,block30,station_year_mean,all_sampled_dates,all_network,bias,ng m-3,a_minus_b,0.04054771605676896,0.010800450868052317,0.07852243693342689,42,21,1,station,20260921,2000,a4b83f112a2a39d7bb39c1c70c56f5678dc7ac9449f27af54e02cbafaafd9a52
+P,E_P|log1p|uniform|permissive|none,E|log1p|uniform|permissive|none,block30,station_year_mean,all_sampled_dates,nonindustrial,RMSE,ng m-3,a_minus_b,-0.02894594180659038,-0.04341977028131006,-0.014939296439311932,40,20,1,station,20260921,2000,75f77a11b57c142012fafa94a0442f20d6ba5eff6db77fdddfbfa204481e78df
+P,E_P|log1p|uniform|permissive|none,E|log1p|uniform|permissive|none,block30,station_year_mean,all_sampled_dates,nonindustrial,MAE,ng m-3,a_minus_b,-0.02786953561540384,-0.04326451979792021,-0.013511459831139636,40,20,1,station,20260921,2000,75f77a11b57c142012fafa94a0442f20d6ba5eff6db77fdddfbfa204481e78df
+P,E_P|log1p|uniform|permissive|none,E|log1p|uniform|permissive|none,block30,station_year_mean,all_sampled_dates,nonindustrial,bias,ng m-3,a_minus_b,0.024902742217871903,0.007244814981271858,0.04352710924546947,40,20,1,station,20260921,2000,75f77a11b57c142012fafa94a0442f20d6ba5eff6db77fdddfbfa204481e78df
+P,E_P|log1p|uniform|permissive|none,E|log1p|uniform|permissive|none,block30,station_year_mean,all_sampled_dates,nonindustrial_higher,RMSE,ng m-3,a_minus_b,-0.04108143392772652,-0.061860435666861294,-0.02074582792679858,20,10,1,station,20260921,2000,54d313e95dc309aa2e8ef845fd41708208c653e62ac636636faccd8f7f1e8a69
+P,E_P|log1p|uniform|permissive|none,E|log1p|uniform|permissive|none,block30,station_year_mean,all_sampled_dates,nonindustrial_higher,MAE,ng m-3,a_minus_b,-0.042810091596417216,-0.06625245115761143,-0.01864020364020363,20,10,1,station,20260921,2000,54d313e95dc309aa2e8ef845fd41708208c653e62ac636636faccd8f7f1e8a69
+P,E_P|log1p|uniform|permissive|none,E|log1p|uniform|permissive|none,block30,station_year_mean,all_sampled_dates,nonindustrial_higher,bias,ng m-3,a_minus_b,0.053574725168354556,0.031378169522056826,0.07608505932351145,20,10,1,station,20260921,2000,54d313e95dc309aa2e8ef845fd41708208c653e62ac636636faccd8f7f1e8a69
+P,E_P|log1p|uniform|permissive|none,E|log1p|uniform|permissive|none,block30,station_year_mean,all_sampled_dates,nonindustrial_lower,RMSE,ng m-3,a_minus_b,-0.011298226464021496,-0.022969006654287787,7.123520676500139e-05,20,10,1,station,20260921,2000,670d7f6c2b4a419dd7125e6759a5a484d1cc22269df900a9e6b8100ba467cbdc
+P,E_P|log1p|uniform|permissive|none,E|log1p|uniform|permissive|none,block30,station_year_mean,all_sampled_dates,nonindustrial_lower,MAE,ng m-3,a_minus_b,-0.012928979634390506,-0.02609485266690102,-0.00046957782442128763,20,10,1,station,20260921,2000,670d7f6c2b4a419dd7125e6759a5a484d1cc22269df900a9e6b8100ba467cbdc
+P,E_P|log1p|uniform|permissive|none,E|log1p|uniform|permissive|none,block30,station_year_mean,all_sampled_dates,nonindustrial_lower,bias,ng m-3,a_minus_b,-0.0037692407326107387,-0.021365227439098567,0.010229781116763181,20,10,1,station,20260921,2000,670d7f6c2b4a419dd7125e6759a5a484d1cc22269df900a9e6b8100ba467cbdc
+P,E_P|log1p|uniform|permissive|none,E|log1p|uniform|permissive|none,block30,daily_complete_pollutant_days,pollutant_availability_subset,all_network,RMSE,ng m-3,a_minus_b,-0.32577589177737076,-0.5494419381121486,-0.11751852364696742,4308,19,25,station_x_block,20260921,2000,67faf505efd6f0d6bb0b3f597eb172f8146b2effb0c729e07c637195e3ebcb3e
+P,E_P|log1p|uniform|permissive|none,E|log1p|uniform|permissive|none,block30,daily_complete_pollutant_days,pollutant_availability_subset,all_network,MAE,ng m-3,a_minus_b,-0.11919427955535283,-0.22714391066644857,-0.04077269898060422,4308,19,25,station_x_block,20260921,2000,67faf505efd6f0d6bb0b3f597eb172f8146b2effb0c729e07c637195e3ebcb3e
+P,E_P|log1p|uniform|permissive|none,E|log1p|uniform|permissive|none,block30,daily_complete_pollutant_days,pollutant_availability_subset,all_network,bias,ng m-3,a_minus_b,0.025286708282883007,-0.03521089262444548,0.09289954897199719,4308,19,25,station_x_block,20260921,2000,67faf505efd6f0d6bb0b3f597eb172f8146b2effb0c729e07c637195e3ebcb3e
+P,E_P|log1p|uniform|permissive|none,E|log1p|uniform|permissive|none,block30,daily_complete_pollutant_days,pollutant_availability_subset,nonindustrial,RMSE,ng m-3,a_minus_b,-0.32577589177737076,-0.5494419381121486,-0.11751852364696742,4308,19,25,station_x_block,20260921,2000,67faf505efd6f0d6bb0b3f597eb172f8146b2effb0c729e07c637195e3ebcb3e
+P,E_P|log1p|uniform|permissive|none,E|log1p|uniform|permissive|none,block30,daily_complete_pollutant_days,pollutant_availability_subset,nonindustrial,MAE,ng m-3,a_minus_b,-0.11919427955535283,-0.22714391066644857,-0.04077269898060422,4308,19,25,station_x_block,20260921,2000,67faf505efd6f0d6bb0b3f597eb172f8146b2effb0c729e07c637195e3ebcb3e
+P,E_P|log1p|uniform|permissive|none,E|log1p|uniform|permissive|none,block30,daily_complete_pollutant_days,pollutant_availability_subset,nonindustrial,bias,ng m-3,a_minus_b,0.025286708282883007,-0.03521089262444548,0.09289954897199719,4308,19,25,station_x_block,20260921,2000,67faf505efd6f0d6bb0b3f597eb172f8146b2effb0c729e07c637195e3ebcb3e
+P,E_P|log1p|uniform|permissive|none,E|log1p|uniform|permissive|none,block30,daily_complete_pollutant_days,pollutant_availability_subset,nonindustrial_higher,RMSE,ng m-3,a_minus_b,-0.44669468785743216,-0.7435689970740424,-0.1728883982409535,2339,10,25,station_x_block,20260921,2000,534366f7de3dae0bdb8358ad917802203a80c1991867cd2e723a3bcff37b3d6c
+P,E_P|log1p|uniform|permissive|none,E|log1p|uniform|permissive|none,block30,daily_complete_pollutant_days,pollutant_availability_subset,nonindustrial_higher,MAE,ng m-3,a_minus_b,-0.19516503833933313,-0.36166813450696855,-0.07033584630589353,2339,10,25,station_x_block,20260921,2000,534366f7de3dae0bdb8358ad917802203a80c1991867cd2e723a3bcff37b3d6c
+P,E_P|log1p|uniform|permissive|none,E|log1p|uniform|permissive|none,block30,daily_complete_pollutant_days,pollutant_availability_subset,nonindustrial_higher,bias,ng m-3,a_minus_b,0.049428455551817,-0.04065044177106646,0.15015939958828445,2339,10,25,station_x_block,20260921,2000,534366f7de3dae0bdb8358ad917802203a80c1991867cd2e723a3bcff37b3d6c
+P,E_P|log1p|uniform|permissive|none,E|log1p|uniform|permissive|none,block30,daily_complete_pollutant_days,pollutant_availability_subset,nonindustrial_lower,RMSE,ng m-3,a_minus_b,-0.059150679567284536,-0.12525696310739956,0.006526559472935561,1969,9,25,station_x_block,20260921,2000,0368b43e687ddcdc6346fedbf5a156f1aba1be1fd1ba4380fd3274ff5dae8093
+P,E_P|log1p|uniform|permissive|none,E|log1p|uniform|permissive|none,block30,daily_complete_pollutant_days,pollutant_availability_subset,nonindustrial_lower,MAE,ng m-3,a_minus_b,-0.02894765446864403,-0.06410791379500294,-0.002452149708849133,1969,9,25,station_x_block,20260921,2000,0368b43e687ddcdc6346fedbf5a156f1aba1be1fd1ba4380fd3274ff5dae8093
+P,E_P|log1p|uniform|permissive|none,E|log1p|uniform|permissive|none,block30,daily_complete_pollutant_days,pollutant_availability_subset,nonindustrial_lower,bias,ng m-3,a_minus_b,-0.0033915785947384418,-0.04956669778132422,0.034566821435461595,1969,9,25,station_x_block,20260921,2000,0368b43e687ddcdc6346fedbf5a156f1aba1be1fd1ba4380fd3274ff5dae8093
+P,E_P|log1p|uniform|permissive|none,E|log1p|uniform|permissive|none,block30,daily_incomplete_pollutant_days,pollutant_availability_subset,all_network,RMSE,ng m-3,a_minus_b,-0.25134945045538704,-0.49687685950023663,0.1981569717854581,781,19,25,station_x_block,20260921,2000,a75d46e1587e47378cd224d3428a99ff7be4ab89de4925dd4d16cf8a0d1c1e7e
+P,E_P|log1p|uniform|permissive|none,E|log1p|uniform|permissive|none,block30,daily_incomplete_pollutant_days,pollutant_availability_subset,all_network,MAE,ng m-3,a_minus_b,-0.053883875579513685,-0.20164694064971833,0.0941653217137867,781,19,25,station_x_block,20260921,2000,a75d46e1587e47378cd224d3428a99ff7be4ab89de4925dd4d16cf8a0d1c1e7e
+P,E_P|log1p|uniform|permissive|none,E|log1p|uniform|permissive|none,block30,daily_incomplete_pollutant_days,pollutant_availability_subset,all_network,bias,ng m-3,a_minus_b,0.13079590778079386,-0.017553245808696383,0.42421341991126965,781,19,25,station_x_block,20260921,2000,a75d46e1587e47378cd224d3428a99ff7be4ab89de4925dd4d16cf8a0d1c1e7e
+P,E_P|log1p|uniform|permissive|none,E|log1p|uniform|permissive|none,block30,daily_incomplete_pollutant_days,pollutant_availability_subset,nonindustrial,RMSE,ng m-3,a_minus_b,0.042944497674549165,-0.09360335349738225,0.31337613617338206,544,18,25,station_x_block,20260921,2000,b15751201784f3ba52ed7b95fe535bf1bd6a7ec1b2945af9917f7dc1c7560180
+P,E_P|log1p|uniform|permissive|none,E|log1p|uniform|permissive|none,block30,daily_incomplete_pollutant_days,pollutant_availability_subset,nonindustrial,MAE,ng m-3,a_minus_b,0.009059787210294129,-0.03408492584256881,0.17835207271037345,544,18,25,station_x_block,20260921,2000,b15751201784f3ba52ed7b95fe535bf1bd6a7ec1b2945af9917f7dc1c7560180
+P,E_P|log1p|uniform|permissive|none,E|log1p|uniform|permissive|none,block30,daily_incomplete_pollutant_days,pollutant_availability_subset,nonindustrial,bias,ng m-3,a_minus_b,0.03419395523308824,-0.025436733099063837,0.3335382136574204,544,18,25,station_x_block,20260921,2000,b15751201784f3ba52ed7b95fe535bf1bd6a7ec1b2945af9917f7dc1c7560180
+P,E_P|log1p|uniform|permissive|none,E|log1p|uniform|permissive|none,block30,daily_incomplete_pollutant_days,pollutant_availability_subset,nonindustrial_higher,RMSE,ng m-3,a_minus_b,0.25041447001435657,-0.43651466303658626,0.8429520175851327,55,8,12,station_x_block,20260921,2000,8bc742768f84e0cde5fbf4649429eaae5d0031446127da5adde987434322784b
+P,E_P|log1p|uniform|permissive|none,E|log1p|uniform|permissive|none,block30,daily_incomplete_pollutant_days,pollutant_availability_subset,nonindustrial_higher,MAE,ng m-3,a_minus_b,0.16463773790909086,-0.20802570419444447,0.5467032687568921,55,8,12,station_x_block,20260921,2000,8bc742768f84e0cde5fbf4649429eaae5d0031446127da5adde987434322784b
+P,E_P|log1p|uniform|permissive|none,E|log1p|uniform|permissive|none,block30,daily_incomplete_pollutant_days,pollutant_availability_subset,nonindustrial_higher,bias,ng m-3,a_minus_b,0.36957071390909085,0.002288324111111094,1.02857646805379,55,8,12,station_x_block,20260921,2000,8bc742768f84e0cde5fbf4649429eaae5d0031446127da5adde987434322784b
+P,E_P|log1p|uniform|permissive|none,E|log1p|uniform|permissive|none,block30,daily_incomplete_pollutant_days,pollutant_availability_subset,nonindustrial_lower,RMSE,ng m-3,a_minus_b,0.000864391718748192,-0.05531033899989357,0.0923252768942336,489,10,25,station_x_block,20260921,2000,3bea97d4042a40fb665f8bdd3eec8d09bb4adce450c662958c3439560b610ceb
+P,E_P|log1p|uniform|permissive|none,E|log1p|uniform|permissive|none,block30,daily_incomplete_pollutant_days,pollutant_availability_subset,nonindustrial_lower,MAE,ng m-3,a_minus_b,-0.008438755301840462,-0.0371057195677592,0.08204705132831469,489,10,25,station_x_block,20260921,2000,3bea97d4042a40fb665f8bdd3eec8d09bb4adce450c662958c3439560b610ceb
+P,E_P|log1p|uniform|permissive|none,E|log1p|uniform|permissive|none,block30,daily_incomplete_pollutant_days,pollutant_availability_subset,nonindustrial_lower,bias,ng m-3,a_minus_b,-0.003527357092433542,-0.04238620246795178,0.11802365655232123,489,10,25,station_x_block,20260921,2000,3bea97d4042a40fb665f8bdd3eec8d09bb4adce450c662958c3439560b610ceb
+P,E_P|log1p|uniform|permissive|none,E|log1p|uniform|permissive|none,loso,daily,all_expected_targets,all_network,RMSE,ng m-3,a_minus_b,-0.2199118609621209,-0.7315503036920364,-0.011707722198415338,5089,21,1,station,20260921,2000,49422f1082065a9d47ebdfaf52caf564b1c3e1dad3fba927ae8da3a978f385a0
+P,E_P|log1p|uniform|permissive|none,E|log1p|uniform|permissive|none,loso,daily,all_expected_targets,all_network,MAE,ng m-3,a_minus_b,-0.2706626524722243,-0.5227021475553267,-0.10188277668625516,5089,21,1,station,20260921,2000,49422f1082065a9d47ebdfaf52caf564b1c3e1dad3fba927ae8da3a978f385a0
+P,E_P|log1p|uniform|permissive|none,E|log1p|uniform|permissive|none,loso,daily,all_expected_targets,all_network,bias,ng m-3,a_minus_b,-0.18496590473429947,-0.4613338982744877,0.026622663771098336,5089,21,1,station,20260921,2000,49422f1082065a9d47ebdfaf52caf564b1c3e1dad3fba927ae8da3a978f385a0
+P,E_P|log1p|uniform|permissive|none,E|log1p|uniform|permissive|none,loso,daily,all_expected_targets,nonindustrial,RMSE,ng m-3,a_minus_b,-0.5245490685503125,-0.7874513025496155,-0.2746236212645369,4852,20,1,station,20260921,2000,5d1137882eec8537744050437f9ce1b569790644db3bdcfe69d5597e07b2e781
+P,E_P|log1p|uniform|permissive|none,E|log1p|uniform|permissive|none,loso,daily,all_expected_targets,nonindustrial,MAE,ng m-3,a_minus_b,-0.2941388539408408,-0.5259528170108513,-0.11632483654300468,4852,20,1,station,20260921,2000,5d1137882eec8537744050437f9ce1b569790644db3bdcfe69d5597e07b2e781
+P,E_P|log1p|uniform|permissive|none,E|log1p|uniform|permissive|none,loso,daily,all_expected_targets,nonindustrial,bias,ng m-3,a_minus_b,-0.16992061874341302,-0.4459326109879536,0.043366639822917344,4852,20,1,station,20260921,2000,5d1137882eec8537744050437f9ce1b569790644db3bdcfe69d5597e07b2e781
+P,E_P|log1p|uniform|permissive|none,E|log1p|uniform|permissive|none,loso,daily,all_expected_targets,nonindustrial_higher,RMSE,ng m-3,a_minus_b,-0.4236832224777354,-0.5660701338526335,-0.2803961538885563,2394,10,1,station,20260921,2000,62f59d22b59dd9d7e2e072c7b3fe63144e2f3e8824a30706c4074510f362197d
+P,E_P|log1p|uniform|permissive|none,E|log1p|uniform|permissive|none,loso,daily,all_expected_targets,nonindustrial_higher,MAE,ng m-3,a_minus_b,-0.21775025566649964,-0.29937175639886277,-0.14054985458236183,2394,10,1,station,20260921,2000,62f59d22b59dd9d7e2e072c7b3fe63144e2f3e8824a30706c4074510f362197d
+P,E_P|log1p|uniform|permissive|none,E|log1p|uniform|permissive|none,loso,daily,all_expected_targets,nonindustrial_higher,bias,ng m-3,a_minus_b,0.033006916853634105,-0.17527519162559752,0.21044568581379855,2394,10,1,station,20260921,2000,62f59d22b59dd9d7e2e072c7b3fe63144e2f3e8824a30706c4074510f362197d
+P,E_P|log1p|uniform|permissive|none,E|log1p|uniform|permissive|none,loso,daily,all_expected_targets,nonindustrial_lower,RMSE,ng m-3,a_minus_b,-0.679230127837665,-1.130008798037216,-0.13578639330717432,2458,10,1,station,20260921,2000,b29a851546d291a0d2f7dfae9c12846445d0e09a394514e7c02a871b374d99af
+P,E_P|log1p|uniform|permissive|none,E|log1p|uniform|permissive|none,loso,daily,all_expected_targets,nonindustrial_lower,MAE,ng m-3,a_minus_b,-0.3685384895261839,-0.8111779606435618,-0.051325171467639895,2458,10,1,station,20260921,2000,b29a851546d291a0d2f7dfae9c12846445d0e09a394514e7c02a871b374d99af
+P,E_P|log1p|uniform|permissive|none,E|log1p|uniform|permissive|none,loso,daily,all_expected_targets,nonindustrial_lower,bias,ng m-3,a_minus_b,-0.36756444308,-0.837205883701389,-0.01284844820186182,2458,10,1,station,20260921,2000,b29a851546d291a0d2f7dfae9c12846445d0e09a394514e7c02a871b374d99af
+P,E_P|log1p|uniform|permissive|none,E|log1p|uniform|permissive|none,loso,station_year_mean,all_sampled_dates,all_network,RMSE,ng m-3,a_minus_b,-0.10683415542148134,-0.7218099798946733,0.12383303334351128,42,21,1,station,20260921,2000,a4b83f112a2a39d7bb39c1c70c56f5678dc7ac9449f27af54e02cbafaafd9a52
+P,E_P|log1p|uniform|permissive|none,E|log1p|uniform|permissive|none,loso,station_year_mean,all_sampled_dates,all_network,MAE,ng m-3,a_minus_b,-0.21944779485558008,-0.4734003831633522,-0.02412960047214338,42,21,1,station,20260921,2000,a4b83f112a2a39d7bb39c1c70c56f5678dc7ac9449f27af54e02cbafaafd9a52
+P,E_P|log1p|uniform|permissive|none,E|log1p|uniform|permissive|none,loso,station_year_mean,all_sampled_dates,all_network,bias,ng m-3,a_minus_b,-0.20913444013014879,-0.48344227209435753,0.017696800503103963,42,21,1,station,20260921,2000,a4b83f112a2a39d7bb39c1c70c56f5678dc7ac9449f27af54e02cbafaafd9a52
+P,E_P|log1p|uniform|permissive|none,E|log1p|uniform|permissive|none,loso,station_year_mean,all_sampled_dates,nonindustrial,RMSE,ng m-3,a_minus_b,-0.480868833470079,-0.784947251104741,-0.14317736597494457,40,20,1,station,20260921,2000,75f77a11b57c142012fafa94a0442f20d6ba5eff6db77fdddfbfa204481e78df
+P,E_P|log1p|uniform|permissive|none,E|log1p|uniform|permissive|none,loso,station_year_mean,all_sampled_dates,nonindustrial,MAE,ng m-3,a_minus_b,-0.25506905521020956,-0.48782170787361095,-0.06506156577952127,40,20,1,station,20260921,2000,75f77a11b57c142012fafa94a0442f20d6ba5eff6db77fdddfbfa204481e78df
+P,E_P|log1p|uniform|permissive|none,E|log1p|uniform|permissive|none,loso,station_year_mean,all_sampled_dates,nonindustrial,bias,ng m-3,a_minus_b,-0.19494229152480563,-0.47403477318121606,0.03386033239546557,40,20,1,station,20260921,2000,75f77a11b57c142012fafa94a0442f20d6ba5eff6db77fdddfbfa204481e78df
+P,E_P|log1p|uniform|permissive|none,E|log1p|uniform|permissive|none,loso,station_year_mean,all_sampled_dates,nonindustrial_higher,RMSE,ng m-3,a_minus_b,-0.20892982876299382,-0.31451905625756515,-0.08348082369478252,20,10,1,station,20260921,2000,54d313e95dc309aa2e8ef845fd41708208c653e62ac636636faccd8f7f1e8a69
+P,E_P|log1p|uniform|permissive|none,E|log1p|uniform|permissive|none,loso,station_year_mean,all_sampled_dates,nonindustrial_higher,MAE,ng m-3,a_minus_b,-0.16330975817555915,-0.2892887630615653,-0.047436818342762414,20,10,1,station,20260921,2000,54d313e95dc309aa2e8ef845fd41708208c653e62ac636636faccd8f7f1e8a69
+P,E_P|log1p|uniform|permissive|none,E|log1p|uniform|permissive|none,loso,station_year_mean,all_sampled_dates,nonindustrial_higher,bias,ng m-3,a_minus_b,0.011726430029242924,-0.22812994098136385,0.21492255070515984,20,10,1,station,20260921,2000,54d313e95dc309aa2e8ef845fd41708208c653e62ac636636faccd8f7f1e8a69
+P,E_P|log1p|uniform|permissive|none,E|log1p|uniform|permissive|none,loso,station_year_mean,all_sampled_dates,nonindustrial_lower,RMSE,ng m-3,a_minus_b,-0.6899587240381931,-1.1041467345606983,-0.13110709678025004,20,10,1,station,20260921,2000,670d7f6c2b4a419dd7125e6759a5a484d1cc22269df900a9e6b8100ba467cbdc
+P,E_P|log1p|uniform|permissive|none,E|log1p|uniform|permissive|none,loso,station_year_mean,all_sampled_dates,nonindustrial_lower,MAE,ng m-3,a_minus_b,-0.34682835224485975,-0.769837091653952,-0.014698866129244436,20,10,1,station,20260921,2000,670d7f6c2b4a419dd7125e6759a5a484d1cc22269df900a9e6b8100ba467cbdc
+P,E_P|log1p|uniform|permissive|none,E|log1p|uniform|permissive|none,loso,station_year_mean,all_sampled_dates,nonindustrial_lower,bias,ng m-3,a_minus_b,-0.40161101307885405,-0.84524785575915,-0.03548160761843186,20,10,1,station,20260921,2000,670d7f6c2b4a419dd7125e6759a5a484d1cc22269df900a9e6b8100ba467cbdc
+P,E_P|log1p|uniform|permissive|none,E|log1p|uniform|permissive|none,loso,daily_complete_pollutant_days,pollutant_availability_subset,all_network,RMSE,ng m-3,a_minus_b,-0.49903356655480635,-0.7974302285959047,-0.2545041601144155,4308,19,1,station,20260921,2000,67faf505efd6f0d6bb0b3f597eb172f8146b2effb0c729e07c637195e3ebcb3e
+P,E_P|log1p|uniform|permissive|none,E|log1p|uniform|permissive|none,loso,daily_complete_pollutant_days,pollutant_availability_subset,all_network,MAE,ng m-3,a_minus_b,-0.27129435451770195,-0.5115676621730337,-0.10713630567216632,4308,19,1,station,20260921,2000,67faf505efd6f0d6bb0b3f597eb172f8146b2effb0c729e07c637195e3ebcb3e
+P,E_P|log1p|uniform|permissive|none,E|log1p|uniform|permissive|none,loso,daily_complete_pollutant_days,pollutant_availability_subset,all_network,bias,ng m-3,a_minus_b,-0.12386497442937328,-0.4033574729639697,0.07268533155449687,4308,19,1,station,20260921,2000,67faf505efd6f0d6bb0b3f597eb172f8146b2effb0c729e07c637195e3ebcb3e
+P,E_P|log1p|uniform|permissive|none,E|log1p|uniform|permissive|none,loso,daily_complete_pollutant_days,pollutant_availability_subset,nonindustrial,RMSE,ng m-3,a_minus_b,-0.49903356655480635,-0.7974302285959047,-0.2545041601144155,4308,19,1,station,20260921,2000,67faf505efd6f0d6bb0b3f597eb172f8146b2effb0c729e07c637195e3ebcb3e
+P,E_P|log1p|uniform|permissive|none,E|log1p|uniform|permissive|none,loso,daily_complete_pollutant_days,pollutant_availability_subset,nonindustrial,MAE,ng m-3,a_minus_b,-0.27129435451770195,-0.5115676621730337,-0.10713630567216632,4308,19,1,station,20260921,2000,67faf505efd6f0d6bb0b3f597eb172f8146b2effb0c729e07c637195e3ebcb3e
+P,E_P|log1p|uniform|permissive|none,E|log1p|uniform|permissive|none,loso,daily_complete_pollutant_days,pollutant_availability_subset,nonindustrial,bias,ng m-3,a_minus_b,-0.12386497442937328,-0.4033574729639697,0.07268533155449687,4308,19,1,station,20260921,2000,67faf505efd6f0d6bb0b3f597eb172f8146b2effb0c729e07c637195e3ebcb3e
+P,E_P|log1p|uniform|permissive|none,E|log1p|uniform|permissive|none,loso,daily_complete_pollutant_days,pollutant_availability_subset,nonindustrial_higher,RMSE,ng m-3,a_minus_b,-0.4337719236852562,-0.5841934514238678,-0.28568321162657023,2339,10,1,station,20260921,2000,534366f7de3dae0bdb8358ad917802203a80c1991867cd2e723a3bcff37b3d6c
+P,E_P|log1p|uniform|permissive|none,E|log1p|uniform|permissive|none,loso,daily_complete_pollutant_days,pollutant_availability_subset,nonindustrial_higher,MAE,ng m-3,a_minus_b,-0.22510508471616075,-0.30591434964389014,-0.14761314986203886,2339,10,1,station,20260921,2000,534366f7de3dae0bdb8358ad917802203a80c1991867cd2e723a3bcff37b3d6c
+P,E_P|log1p|uniform|permissive|none,E|log1p|uniform|permissive|none,loso,daily_complete_pollutant_days,pollutant_availability_subset,nonindustrial_higher,bias,ng m-3,a_minus_b,0.02497467627238134,-0.18590921271690025,0.20250560257935693,2339,10,1,station,20260921,2000,534366f7de3dae0bdb8358ad917802203a80c1991867cd2e723a3bcff37b3d6c
+P,E_P|log1p|uniform|permissive|none,E|log1p|uniform|permissive|none,loso,daily_complete_pollutant_days,pollutant_availability_subset,nonindustrial_lower,RMSE,ng m-3,a_minus_b,-0.6431030620899926,-1.2037726040250671,-0.025209111052841043,1969,9,1,station,20260921,2000,0368b43e687ddcdc6346fedbf5a156f1aba1be1fd1ba4380fd3274ff5dae8093
+P,E_P|log1p|uniform|permissive|none,E|log1p|uniform|permissive|none,loso,daily_complete_pollutant_days,pollutant_availability_subset,nonindustrial_lower,MAE,ng m-3,a_minus_b,-0.3261631722250685,-0.8442764671981559,0.0043679059504177,1969,9,1,station,20260921,2000,0368b43e687ddcdc6346fedbf5a156f1aba1be1fd1ba4380fd3274ff5dae8093
+P,E_P|log1p|uniform|permissive|none,E|log1p|uniform|permissive|none,loso,daily_complete_pollutant_days,pollutant_availability_subset,nonindustrial_lower,bias,ng m-3,a_minus_b,-0.3006734777261757,-0.8436727631990448,0.05536102036213392,1969,9,1,station,20260921,2000,0368b43e687ddcdc6346fedbf5a156f1aba1be1fd1ba4380fd3274ff5dae8093
+P,E_P|log1p|uniform|permissive|none,E|log1p|uniform|permissive|none,loso,daily_incomplete_pollutant_days,pollutant_availability_subset,all_network,RMSE,ng m-3,a_minus_b,0.027828126257952945,-1.0938229978382266,0.2459316400262994,781,19,1,station,20260921,2000,a75d46e1587e47378cd224d3428a99ff7be4ab89de4925dd4d16cf8a0d1c1e7e
+P,E_P|log1p|uniform|permissive|none,E|log1p|uniform|permissive|none,loso,daily_incomplete_pollutant_days,pollutant_availability_subset,all_network,MAE,ng m-3,a_minus_b,-0.26717818075402033,-0.9646180129640308,0.14918975390260658,781,19,1,station,20260921,2000,a75d46e1587e47378cd224d3428a99ff7be4ab89de4925dd4d16cf8a0d1c1e7e
+P,E_P|log1p|uniform|permissive|none,E|log1p|uniform|permissive|none,loso,daily_incomplete_pollutant_days,pollutant_availability_subset,all_network,bias,ng m-3,a_minus_b,-0.5219989492331752,-1.109261714170559,0.05068772556059445,781,19,1,station,20260921,2000,a75d46e1587e47378cd224d3428a99ff7be4ab89de4925dd4d16cf8a0d1c1e7e
+P,E_P|log1p|uniform|permissive|none,E|log1p|uniform|permissive|none,loso,daily_incomplete_pollutant_days,pollutant_availability_subset,nonindustrial,RMSE,ng m-3,a_minus_b,-0.7275088908995819,-1.159240517385884,0.060945910273044496,544,18,1,station,20260921,2000,b15751201784f3ba52ed7b95fe535bf1bd6a7ec1b2945af9917f7dc1c7560180
+P,E_P|log1p|uniform|permissive|none,E|log1p|uniform|permissive|none,loso,daily_incomplete_pollutant_days,pollutant_availability_subset,nonindustrial,MAE,ng m-3,a_minus_b,-0.4750471324608455,-1.04728369596802,0.029521005382722072,544,18,1,station,20260921,2000,b15751201784f3ba52ed7b95fe535bf1bd6a7ec1b2945af9917f7dc1c7560180
+P,E_P|log1p|uniform|permissive|none,E|log1p|uniform|permissive|none,loso,daily_incomplete_pollutant_days,pollutant_availability_subset,nonindustrial,bias,ng m-3,a_minus_b,-0.5346406843773897,-1.2163071497803444,0.17226591947999512,544,18,1,station,20260921,2000,b15751201784f3ba52ed7b95fe535bf1bd6a7ec1b2945af9917f7dc1c7560180
+P,E_P|log1p|uniform|permissive|none,E|log1p|uniform|permissive|none,loso,daily_incomplete_pollutant_days,pollutant_availability_subset,nonindustrial_higher,RMSE,ng m-3,a_minus_b,0.19968866875408464,-0.1461933993015832,0.4494939240946043,55,8,1,station,20260921,2000,8bc742768f84e0cde5fbf4649429eaae5d0031446127da5adde987434322784b
+P,E_P|log1p|uniform|permissive|none,E|log1p|uniform|permissive|none,loso,daily_incomplete_pollutant_days,pollutant_availability_subset,nonindustrial_higher,MAE,ng m-3,a_minus_b,0.09503056519090924,-0.07809225999999997,0.243196288557692,55,8,1,station,20260921,2000,8bc742768f84e0cde5fbf4649429eaae5d0031446127da5adde987434322784b
+P,E_P|log1p|uniform|permissive|none,E|log1p|uniform|permissive|none,loso,daily_incomplete_pollutant_days,pollutant_availability_subset,nonindustrial_higher,bias,ng m-3,a_minus_b,0.37459620266363636,0.0237328674490365,1.021473978235294,55,8,1,station,20260921,2000,8bc742768f84e0cde5fbf4649429eaae5d0031446127da5adde987434322784b
+P,E_P|log1p|uniform|permissive|none,E|log1p|uniform|permissive|none,loso,daily_incomplete_pollutant_days,pollutant_availability_subset,nonindustrial_lower,RMSE,ng m-3,a_minus_b,-0.809311941346877,-1.279579476968928,-0.0666703529857711,489,10,1,station,20260921,2000,3bea97d4042a40fb665f8bdd3eec8d09bb4adce450c662958c3439560b610ceb
+P,E_P|log1p|uniform|permissive|none,E|log1p|uniform|permissive|none,loso,daily_incomplete_pollutant_days,pollutant_availability_subset,nonindustrial_lower,MAE,ng m-3,a_minus_b,-0.5391663009083845,-1.1603947571454694,-0.008586896021674398,489,10,1,station,20260921,2000,3bea97d4042a40fb665f8bdd3eec8d09bb4adce450c662958c3439560b610ceb
+P,E_P|log1p|uniform|permissive|none,E|log1p|uniform|permissive|none,loso,daily_incomplete_pollutant_days,pollutant_availability_subset,nonindustrial_lower,bias,ng m-3,a_minus_b,-0.6369065919177914,-1.3650075523953313,-0.01656654966154347,489,10,1,station,20260921,2000,3bea97d4042a40fb665f8bdd3eec8d09bb4adce450c662958c3439560b610ceb
+M,E_P_M|log1p|uniform|permissive|none,E_P|log1p|uniform|permissive|none,block30,daily,all_expected_targets,all_network,RMSE,ng m-3,a_minus_b,0.0008197900961348648,-0.012810901632358618,0.013039703338874513,5089,21,25,station_x_block,20260921,2000,49422f1082065a9d47ebdfaf52caf564b1c3e1dad3fba927ae8da3a978f385a0
+M,E_P_M|log1p|uniform|permissive|none,E_P|log1p|uniform|permissive|none,block30,daily,all_expected_targets,all_network,MAE,ng m-3,a_minus_b,-0.0014683032785406946,-0.0077813280282876445,0.0045824426880507205,5089,21,25,station_x_block,20260921,2000,49422f1082065a9d47ebdfaf52caf564b1c3e1dad3fba927ae8da3a978f385a0
+M,E_P_M|log1p|uniform|permissive|none,E_P|log1p|uniform|permissive|none,block30,daily,all_expected_targets,all_network,bias,ng m-3,a_minus_b,0.004533426832048354,-0.0017425259279696362,0.013077003595146084,5089,21,25,station_x_block,20260921,2000,49422f1082065a9d47ebdfaf52caf564b1c3e1dad3fba927ae8da3a978f385a0
+M,E_P_M|log1p|uniform|permissive|none,E_P|log1p|uniform|permissive|none,block30,daily,all_expected_targets,nonindustrial,RMSE,ng m-3,a_minus_b,-0.00010668634378596664,-0.013223708420513116,0.013535928152936824,4852,20,25,station_x_block,20260921,2000,5d1137882eec8537744050437f9ce1b569790644db3bdcfe69d5597e07b2e781
+M,E_P_M|log1p|uniform|permissive|none,E_P|log1p|uniform|permissive|none,block30,daily,all_expected_targets,nonindustrial,MAE,ng m-3,a_minus_b,-0.0024622512911158245,-0.007623133206674021,0.0019352084074876616,4852,20,25,station_x_block,20260921,2000,5d1137882eec8537744050437f9ce1b569790644db3bdcfe69d5597e07b2e781
+M,E_P_M|log1p|uniform|permissive|none,E_P|log1p|uniform|permissive|none,block30,daily,all_expected_targets,nonindustrial,bias,ng m-3,a_minus_b,0.005170106992640972,-0.0014182281200195007,0.013828647992207899,4852,20,25,station_x_block,20260921,2000,5d1137882eec8537744050437f9ce1b569790644db3bdcfe69d5597e07b2e781
+M,E_P_M|log1p|uniform|permissive|none,E_P|log1p|uniform|permissive|none,block30,daily,all_expected_targets,nonindustrial_higher,RMSE,ng m-3,a_minus_b,0.0004964803163854947,-0.018419134871789825,0.02054876083963946,2394,10,25,station_x_block,20260921,2000,62f59d22b59dd9d7e2e072c7b3fe63144e2f3e8824a30706c4074510f362197d
+M,E_P_M|log1p|uniform|permissive|none,E_P|log1p|uniform|permissive|none,block30,daily,all_expected_targets,nonindustrial_higher,MAE,ng m-3,a_minus_b,-0.0032967599532164327,-0.012515125043222896,0.0042929762517271266,2394,10,25,station_x_block,20260921,2000,62f59d22b59dd9d7e2e072c7b3fe63144e2f3e8824a30706c4074510f362197d
+M,E_P_M|log1p|uniform|permissive|none,E_P|log1p|uniform|permissive|none,block30,daily,all_expected_targets,nonindustrial_higher,bias,ng m-3,a_minus_b,0.009011510832080207,-0.0026180341654180104,0.022012701231254237,2394,10,25,station_x_block,20260921,2000,62f59d22b59dd9d7e2e072c7b3fe63144e2f3e8824a30706c4074510f362197d
+M,E_P_M|log1p|uniform|permissive|none,E_P|log1p|uniform|permissive|none,block30,daily,all_expected_targets,nonindustrial_lower,RMSE,ng m-3,a_minus_b,-0.0016091816626413458,-0.007242647624946447,0.005569274095402296,2458,10,25,station_x_block,20260921,2000,b29a851546d291a0d2f7dfae9c12846445d0e09a394514e7c02a871b374d99af
+M,E_P_M|log1p|uniform|permissive|none,E_P|log1p|uniform|permissive|none,block30,daily,all_expected_targets,nonindustrial_lower,MAE,ng m-3,a_minus_b,-0.0016494710888909914,-0.0045872607482848925,0.0010067925449675798,2458,10,25,station_x_block,20260921,2000,b29a851546d291a0d2f7dfae9c12846445d0e09a394514e7c02a871b374d99af
+M,E_P_M|log1p|uniform|permissive|none,E_P|log1p|uniform|permissive|none,block30,daily,all_expected_targets,nonindustrial_lower,bias,ng m-3,a_minus_b,0.0014287234321781932,-0.001929871247956773,0.005711339144152736,2458,10,25,station_x_block,20260921,2000,b29a851546d291a0d2f7dfae9c12846445d0e09a394514e7c02a871b374d99af
+M,E_P_M|log1p|uniform|permissive|none,E_P|log1p|uniform|permissive|none,block30,station_year_mean,all_sampled_dates,all_network,RMSE,ng m-3,a_minus_b,0.0014302825001520914,-0.0037421969042440986,0.003150130323792362,42,21,1,station,20260921,2000,a4b83f112a2a39d7bb39c1c70c56f5678dc7ac9449f27af54e02cbafaafd9a52
+M,E_P_M|log1p|uniform|permissive|none,E_P|log1p|uniform|permissive|none,block30,station_year_mean,all_sampled_dates,all_network,MAE,ng m-3,a_minus_b,-5.092454634537946e-05,-0.003305016796437428,0.003170103556797472,42,21,1,station,20260921,2000,a4b83f112a2a39d7bb39c1c70c56f5678dc7ac9449f27af54e02cbafaafd9a52
+M,E_P_M|log1p|uniform|permissive|none,E_P|log1p|uniform|permissive|none,block30,station_year_mean,all_sampled_dates,all_network,bias,ng m-3,a_minus_b,0.004731802206189961,0.0012809509172815434,0.008586507025216954,42,21,1,station,20260921,2000,a4b83f112a2a39d7bb39c1c70c56f5678dc7ac9449f27af54e02cbafaafd9a52
+M,E_P_M|log1p|uniform|permissive|none,E_P|log1p|uniform|permissive|none,block30,station_year_mean,all_sampled_dates,nonindustrial,RMSE,ng m-3,a_minus_b,-0.0018451015520981745,-0.004508221650876346,0.0008893667069949281,40,20,1,station,20260921,2000,75f77a11b57c142012fafa94a0442f20d6ba5eff6db77fdddfbfa204481e78df
+M,E_P_M|log1p|uniform|permissive|none,E_P|log1p|uniform|permissive|none,block30,station_year_mean,all_sampled_dates,nonindustrial,MAE,ng m-3,a_minus_b,-0.00047612655585175384,-0.0038765005697413697,0.0028429910637035286,40,20,1,station,20260921,2000,75f77a11b57c142012fafa94a0442f20d6ba5eff6db77fdddfbfa204481e78df
+M,E_P_M|log1p|uniform|permissive|none,E_P|log1p|uniform|permissive|none,block30,station_year_mean,all_sampled_dates,nonindustrial,bias,ng m-3,a_minus_b,0.00539104809868856,0.00194325176899729,0.008965305841574688,40,20,1,station,20260921,2000,75f77a11b57c142012fafa94a0442f20d6ba5eff6db77fdddfbfa204481e78df
+M,E_P_M|log1p|uniform|permissive|none,E_P|log1p|uniform|permissive|none,block30,station_year_mean,all_sampled_dates,nonindustrial_higher,RMSE,ng m-3,a_minus_b,-0.0028453499781572605,-0.006925485818127464,0.0018695672795810629,20,10,1,station,20260921,2000,54d313e95dc309aa2e8ef845fd41708208c653e62ac636636faccd8f7f1e8a69
+M,E_P_M|log1p|uniform|permissive|none,E_P|log1p|uniform|permissive|none,block30,station_year_mean,all_sampled_dates,nonindustrial_higher,MAE,ng m-3,a_minus_b,1.0617953945801784e-06,-0.006047831367095182,0.00665806459614499,20,10,1,station,20260921,2000,54d313e95dc309aa2e8ef845fd41708208c653e62ac636636faccd8f7f1e8a69
+M,E_P_M|log1p|uniform|permissive|none,E_P|log1p|uniform|permissive|none,block30,station_year_mean,all_sampled_dates,nonindustrial_higher,bias,ng m-3,a_minus_b,0.009346808612666135,0.0031962712226475992,0.015005892524054187,20,10,1,station,20260921,2000,54d313e95dc309aa2e8ef845fd41708208c653e62ac636636faccd8f7f1e8a69
+M,E_P_M|log1p|uniform|permissive|none,E_P|log1p|uniform|permissive|none,block30,station_year_mean,all_sampled_dates,nonindustrial_lower,RMSE,ng m-3,a_minus_b,-0.00048093881853182585,-0.0021429864005044026,0.0012084996493739325,20,10,1,station,20260921,2000,670d7f6c2b4a419dd7125e6759a5a484d1cc22269df900a9e6b8100ba467cbdc
+M,E_P_M|log1p|uniform|permissive|none,E_P|log1p|uniform|permissive|none,block30,station_year_mean,all_sampled_dates,nonindustrial_lower,MAE,ng m-3,a_minus_b,-0.0009533149070980601,-0.002714041903773537,0.0007623150649212901,20,10,1,station,20260921,2000,670d7f6c2b4a419dd7125e6759a5a484d1cc22269df900a9e6b8100ba467cbdc
+M,E_P_M|log1p|uniform|permissive|none,E_P|log1p|uniform|permissive|none,block30,station_year_mean,all_sampled_dates,nonindustrial_lower,bias,ng m-3,a_minus_b,0.001435287584710984,0.0001501096874682242,0.002785599580899461,20,10,1,station,20260921,2000,670d7f6c2b4a419dd7125e6759a5a484d1cc22269df900a9e6b8100ba467cbdc
+M,E_P_M|log1p|uniform|permissive|none,E_P|log1p|uniform|permissive|none,loso,daily,all_expected_targets,all_network,RMSE,ng m-3,a_minus_b,-0.0011426109168770626,-0.00833076473908632,0.00642858167967507,5089,21,1,station,20260921,2000,49422f1082065a9d47ebdfaf52caf564b1c3e1dad3fba927ae8da3a978f385a0
+M,E_P_M|log1p|uniform|permissive|none,E_P|log1p|uniform|permissive|none,loso,daily,all_expected_targets,all_network,MAE,ng m-3,a_minus_b,-0.004898869591414834,-0.008842204368420283,-0.0006413907892948327,5089,21,1,station,20260921,2000,49422f1082065a9d47ebdfaf52caf564b1c3e1dad3fba927ae8da3a978f385a0
+M,E_P_M|log1p|uniform|permissive|none,E_P|log1p|uniform|permissive|none,loso,daily,all_expected_targets,all_network,bias,ng m-3,a_minus_b,-0.009563020247846304,-0.01982711363985032,0.001997076714026583,5089,21,1,station,20260921,2000,49422f1082065a9d47ebdfaf52caf564b1c3e1dad3fba927ae8da3a978f385a0
+M,E_P_M|log1p|uniform|permissive|none,E_P|log1p|uniform|permissive|none,loso,daily,all_expected_targets,nonindustrial,RMSE,ng m-3,a_minus_b,-0.000951508115899391,-0.009863921992600302,0.009381282897545966,4852,20,1,station,20260921,2000,5d1137882eec8537744050437f9ce1b569790644db3bdcfe69d5597e07b2e781
+M,E_P_M|log1p|uniform|permissive|none,E_P|log1p|uniform|permissive|none,loso,daily,all_expected_targets,nonindustrial,MAE,ng m-3,a_minus_b,-0.004935731102823582,-0.009124635605845572,-0.00036499686341395364,4852,20,1,station,20260921,2000,5d1137882eec8537744050437f9ce1b569790644db3bdcfe69d5597e07b2e781
+M,E_P_M|log1p|uniform|permissive|none,E_P|log1p|uniform|permissive|none,loso,daily,all_expected_targets,nonindustrial,bias,ng m-3,a_minus_b,-0.010324051698495453,-0.021511243021365103,0.0007848824015625276,4852,20,1,station,20260921,2000,5d1137882eec8537744050437f9ce1b569790644db3bdcfe69d5597e07b2e781
+M,E_P_M|log1p|uniform|permissive|none,E_P|log1p|uniform|permissive|none,loso,daily,all_expected_targets,nonindustrial_higher,RMSE,ng m-3,a_minus_b,-0.00013687256663819092,-0.01453202379438635,0.016130596887006604,2394,10,1,station,20260921,2000,62f59d22b59dd9d7e2e072c7b3fe63144e2f3e8824a30706c4074510f362197d
+M,E_P_M|log1p|uniform|permissive|none,E_P|log1p|uniform|permissive|none,loso,daily,all_expected_targets,nonindustrial_higher,MAE,ng m-3,a_minus_b,-0.004840790918504645,-0.011864411974240116,0.00356038214041709,2394,10,1,station,20260921,2000,62f59d22b59dd9d7e2e072c7b3fe63144e2f3e8824a30706c4074510f362197d
+M,E_P_M|log1p|uniform|permissive|none,E_P|log1p|uniform|permissive|none,loso,daily,all_expected_targets,nonindustrial_higher,bias,ng m-3,a_minus_b,-0.015448758013826225,-0.035191215105295985,0.006586999553864113,2394,10,1,station,20260921,2000,62f59d22b59dd9d7e2e072c7b3fe63144e2f3e8824a30706c4074510f362197d
+M,E_P_M|log1p|uniform|permissive|none,E_P|log1p|uniform|permissive|none,loso,daily,all_expected_targets,nonindustrial_lower,RMSE,ng m-3,a_minus_b,-0.0024933495477041934,-0.006309632034709254,0.0006255466879383644,2458,10,1,station,20260921,2000,b29a851546d291a0d2f7dfae9c12846445d0e09a394514e7c02a871b374d99af
+M,E_P_M|log1p|uniform|permissive|none,E_P|log1p|uniform|permissive|none,loso,daily,all_expected_targets,nonindustrial_lower,MAE,ng m-3,a_minus_b,-0.0050281992888527305,-0.010087633123830644,-0.0008730002427869542,2458,10,1,station,20260921,2000,b29a851546d291a0d2f7dfae9c12846445d0e09a394514e7c02a871b374d99af
+M,E_P_M|log1p|uniform|permissive|none,E_P|log1p|uniform|permissive|none,loso,daily,all_expected_targets,nonindustrial_lower,bias,ng m-3,a_minus_b,-0.005332779558991085,-0.01133801737413501,-0.00017882401776857048,2458,10,1,station,20260921,2000,b29a851546d291a0d2f7dfae9c12846445d0e09a394514e7c02a871b374d99af
+M,E_P_M|log1p|uniform|permissive|none,E_P|log1p|uniform|permissive|none,loso,station_year_mean,all_sampled_dates,all_network,RMSE,ng m-3,a_minus_b,-0.001599568611052371,-0.010708843679296826,0.008371113807496038,42,21,1,station,20260921,2000,a4b83f112a2a39d7bb39c1c70c56f5678dc7ac9449f27af54e02cbafaafd9a52
+M,E_P_M|log1p|uniform|permissive|none,E_P|log1p|uniform|permissive|none,loso,station_year_mean,all_sampled_dates,all_network,MAE,ng m-3,a_minus_b,-0.0008213763775142269,-0.01276772350263517,0.011443100056155904,42,21,1,station,20260921,2000,a4b83f112a2a39d7bb39c1c70c56f5678dc7ac9449f27af54e02cbafaafd9a52
+M,E_P_M|log1p|uniform|permissive|none,E_P|log1p|uniform|permissive|none,loso,station_year_mean,all_sampled_dates,all_network,bias,ng m-3,a_minus_b,-0.009594617183411813,-0.020847816027112998,0.003198847119476026,42,21,1,station,20260921,2000,a4b83f112a2a39d7bb39c1c70c56f5678dc7ac9449f27af54e02cbafaafd9a52
+M,E_P_M|log1p|uniform|permissive|none,E_P|log1p|uniform|permissive|none,loso,station_year_mean,all_sampled_dates,nonindustrial,RMSE,ng m-3,a_minus_b,-0.0011838638722689865,-0.013767768048076088,0.012070470208446944,40,20,1,station,20260921,2000,75f77a11b57c142012fafa94a0442f20d6ba5eff6db77fdddfbfa204481e78df
+M,E_P_M|log1p|uniform|permissive|none,E_P|log1p|uniform|permissive|none,loso,station_year_mean,all_sampled_dates,nonindustrial,MAE,ng m-3,a_minus_b,-0.0005608020336901609,-0.013555777057423259,0.013396219594081387,40,20,1,station,20260921,2000,75f77a11b57c142012fafa94a0442f20d6ba5eff6db77fdddfbfa204481e78df
+M,E_P_M|log1p|uniform|permissive|none,E_P|log1p|uniform|permissive|none,loso,station_year_mean,all_sampled_dates,nonindustrial,bias,ng m-3,a_minus_b,-0.010375991205282306,-0.02289942501099513,0.0018506799524443118,40,20,1,station,20260921,2000,75f77a11b57c142012fafa94a0442f20d6ba5eff6db77fdddfbfa204481e78df
+M,E_P_M|log1p|uniform|permissive|none,E_P|log1p|uniform|permissive|none,loso,station_year_mean,all_sampled_dates,nonindustrial_higher,RMSE,ng m-3,a_minus_b,0.0037834194967676926,-0.018297884787487034,0.025534206539479923,20,10,1,station,20260921,2000,54d313e95dc309aa2e8ef845fd41708208c653e62ac636636faccd8f7f1e8a69
+M,E_P_M|log1p|uniform|permissive|none,E_P|log1p|uniform|permissive|none,loso,station_year_mean,all_sampled_dates,nonindustrial_higher,MAE,ng m-3,a_minus_b,0.0036943104358980183,-0.021351924134459827,0.02890209664111135,20,10,1,station,20260921,2000,54d313e95dc309aa2e8ef845fd41708208c653e62ac636636faccd8f7f1e8a69
+M,E_P_M|log1p|uniform|permissive|none,E_P|log1p|uniform|permissive|none,loso,station_year_mean,all_sampled_dates,nonindustrial_higher,bias,ng m-3,a_minus_b,-0.015297242524474203,-0.037280894338583885,0.009357795340326559,20,10,1,station,20260921,2000,54d313e95dc309aa2e8ef845fd41708208c653e62ac636636faccd8f7f1e8a69
+M,E_P_M|log1p|uniform|permissive|none,E_P|log1p|uniform|permissive|none,loso,station_year_mean,all_sampled_dates,nonindustrial_lower,RMSE,ng m-3,a_minus_b,-0.006924813269799934,-0.013532758503221231,-0.0002762968485250062,20,10,1,station,20260921,2000,670d7f6c2b4a419dd7125e6759a5a484d1cc22269df900a9e6b8100ba467cbdc
+M,E_P_M|log1p|uniform|permissive|none,E_P|log1p|uniform|permissive|none,loso,station_year_mean,all_sampled_dates,nonindustrial_lower,MAE,ng m-3,a_minus_b,-0.004815914503278423,-0.01124404135354366,0.0005152126205076468,20,10,1,station,20260921,2000,670d7f6c2b4a419dd7125e6759a5a484d1cc22269df900a9e6b8100ba467cbdc
+M,E_P_M|log1p|uniform|permissive|none,E_P|log1p|uniform|permissive|none,loso,station_year_mean,all_sampled_dates,nonindustrial_lower,bias,ng m-3,a_minus_b,-0.005454739886090437,-0.011320641613464511,-0.00020714447624501235,20,10,1,station,20260921,2000,670d7f6c2b4a419dd7125e6759a5a484d1cc22269df900a9e6b8100ba467cbdc
+I,E_P_M_I|log1p|uniform|permissive|none,E_P_M|log1p|uniform|permissive|none,block30,daily,all_expected_targets,all_network,RMSE,ng m-3,a_minus_b,-0.009082730101441117,-0.03631482852591256,0.01759543022814909,5089,21,25,station_x_block,20260921,2000,49422f1082065a9d47ebdfaf52caf564b1c3e1dad3fba927ae8da3a978f385a0
+I,E_P_M_I|log1p|uniform|permissive|none,E_P_M|log1p|uniform|permissive|none,block30,daily,all_expected_targets,all_network,MAE,ng m-3,a_minus_b,-0.0033182945882504478,-0.01415586362551321,0.007096603953179835,5089,21,25,station_x_block,20260921,2000,49422f1082065a9d47ebdfaf52caf564b1c3e1dad3fba927ae8da3a978f385a0
+I,E_P_M_I|log1p|uniform|permissive|none,E_P_M|log1p|uniform|permissive|none,block30,daily,all_expected_targets,all_network,bias,ng m-3,a_minus_b,-0.005590130337668309,-0.020020459602048485,0.010551961207673684,5089,21,25,station_x_block,20260921,2000,49422f1082065a9d47ebdfaf52caf564b1c3e1dad3fba927ae8da3a978f385a0
+I,E_P_M_I|log1p|uniform|permissive|none,E_P_M|log1p|uniform|permissive|none,block30,daily,all_expected_targets,nonindustrial,RMSE,ng m-3,a_minus_b,-0.0022663791944470546,-0.01748708653589873,0.012833735488472487,4852,20,25,station_x_block,20260921,2000,5d1137882eec8537744050437f9ce1b569790644db3bdcfe69d5597e07b2e781
+I,E_P_M_I|log1p|uniform|permissive|none,E_P_M|log1p|uniform|permissive|none,block30,daily,all_expected_targets,nonindustrial,MAE,ng m-3,a_minus_b,-0.0026039893816171,-0.00923748944523395,0.00464250614107506,4852,20,25,station_x_block,20260921,2000,5d1137882eec8537744050437f9ce1b569790644db3bdcfe69d5597e07b2e781
+I,E_P_M_I|log1p|uniform|permissive|none,E_P_M|log1p|uniform|permissive|none,block30,daily,all_expected_targets,nonindustrial,bias,ng m-3,a_minus_b,-0.01005874367032028,-0.022429456704934153,-0.00013703685851000627,4852,20,25,station_x_block,20260921,2000,5d1137882eec8537744050437f9ce1b569790644db3bdcfe69d5597e07b2e781
+I,E_P_M_I|log1p|uniform|permissive|none,E_P_M|log1p|uniform|permissive|none,block30,daily,all_expected_targets,nonindustrial_higher,RMSE,ng m-3,a_minus_b,-0.004014872870129471,-0.026581529011199888,0.01778007673683415,2394,10,25,station_x_block,20260921,2000,62f59d22b59dd9d7e2e072c7b3fe63144e2f3e8824a30706c4074510f362197d
+I,E_P_M_I|log1p|uniform|permissive|none,E_P_M|log1p|uniform|permissive|none,block30,daily,all_expected_targets,nonindustrial_higher,MAE,ng m-3,a_minus_b,-0.004838709916374306,-0.015711754009489143,0.00773329728576382,2394,10,25,station_x_block,20260921,2000,62f59d22b59dd9d7e2e072c7b3fe63144e2f3e8824a30706c4074510f362197d
+I,E_P_M_I|log1p|uniform|permissive|none,E_P_M|log1p|uniform|permissive|none,block30,daily,all_expected_targets,nonindustrial_higher,bias,ng m-3,a_minus_b,-0.015032958758646613,-0.03607262885832951,0.0032561865935605344,2394,10,25,station_x_block,20260921,2000,62f59d22b59dd9d7e2e072c7b3fe63144e2f3e8824a30706c4074510f362197d
+I,E_P_M_I|log1p|uniform|permissive|none,E_P_M|log1p|uniform|permissive|none,block30,daily,all_expected_targets,nonindustrial_lower,RMSE,ng m-3,a_minus_b,0.0012973613424454578,-0.010839537357547899,0.011870249957663212,2458,10,25,station_x_block,20260921,2000,b29a851546d291a0d2f7dfae9c12846445d0e09a394514e7c02a871b374d99af
+I,E_P_M_I|log1p|uniform|permissive|none,E_P_M|log1p|uniform|permissive|none,block30,daily,all_expected_targets,nonindustrial_lower,MAE,ng m-3,a_minus_b,-0.0004274552236802065,-0.005471086868081275,0.005571691183788323,2458,10,25,station_x_block,20260921,2000,b29a851546d291a0d2f7dfae9c12846445d0e09a394514e7c02a871b374d99af
+I,E_P_M_I|log1p|uniform|permissive|none,E_P_M|log1p|uniform|permissive|none,block30,daily,all_expected_targets,nonindustrial_lower,bias,ng m-3,a_minus_b,-0.005214044353211554,-0.010814389338569881,-4.87770399152229e-05,2458,10,25,station_x_block,20260921,2000,b29a851546d291a0d2f7dfae9c12846445d0e09a394514e7c02a871b374d99af
+I,E_P_M_I|log1p|uniform|permissive|none,E_P_M|log1p|uniform|permissive|none,block30,station_year_mean,all_sampled_dates,all_network,RMSE,ng m-3,a_minus_b,-0.016548271198863707,-0.03168423622303514,0.01312429771333084,42,21,1,station,20260921,2000,a4b83f112a2a39d7bb39c1c70c56f5678dc7ac9449f27af54e02cbafaafd9a52
+I,E_P_M_I|log1p|uniform|permissive|none,E_P_M|log1p|uniform|permissive|none,block30,station_year_mean,all_sampled_dates,all_network,MAE,ng m-3,a_minus_b,-0.0005530671860879549,-0.010820039433539885,0.009502682491565717,42,21,1,station,20260921,2000,a4b83f112a2a39d7bb39c1c70c56f5678dc7ac9449f27af54e02cbafaafd9a52
+I,E_P_M_I|log1p|uniform|permissive|none,E_P_M|log1p|uniform|permissive|none,block30,station_year_mean,all_sampled_dates,all_network,bias,ng m-3,a_minus_b,-0.0060228755088745645,-0.01641426379125441,0.0051881340759803,42,21,1,station,20260921,2000,a4b83f112a2a39d7bb39c1c70c56f5678dc7ac9449f27af54e02cbafaafd9a52
+I,E_P_M_I|log1p|uniform|permissive|none,E_P_M|log1p|uniform|permissive|none,block30,station_year_mean,all_sampled_dates,nonindustrial,RMSE,ng m-3,a_minus_b,0.0069617170478599305,-0.0002765716688217203,0.015695159925410877,40,20,1,station,20260921,2000,75f77a11b57c142012fafa94a0442f20d6ba5eff6db77fdddfbfa204481e78df
+I,E_P_M_I|log1p|uniform|permissive|none,E_P_M|log1p|uniform|permissive|none,block30,station_year_mean,all_sampled_dates,nonindustrial,MAE,ng m-3,a_minus_b,0.0037040601947265217,-0.002880442458627803,0.011543248718464077,40,20,1,station,20260921,2000,75f77a11b57c142012fafa94a0442f20d6ba5eff6db77fdddfbfa204481e78df
+I,E_P_M_I|log1p|uniform|permissive|none,E_P_M|log1p|uniform|permissive|none,block30,station_year_mean,all_sampled_dates,nonindustrial,bias,ng m-3,a_minus_b,-0.010608800024437166,-0.01880823220294708,-0.003610137499415771,40,20,1,station,20260921,2000,75f77a11b57c142012fafa94a0442f20d6ba5eff6db77fdddfbfa204481e78df
+I,E_P_M_I|log1p|uniform|permissive|none,E_P_M|log1p|uniform|permissive|none,block30,station_year_mean,all_sampled_dates,nonindustrial_higher,RMSE,ng m-3,a_minus_b,0.011559245202795457,-0.0003089480893408411,0.025414219864882563,20,10,1,station,20260921,2000,54d313e95dc309aa2e8ef845fd41708208c653e62ac636636faccd8f7f1e8a69
+I,E_P_M_I|log1p|uniform|permissive|none,E_P_M|log1p|uniform|permissive|none,block30,station_year_mean,all_sampled_dates,nonindustrial_higher,MAE,ng m-3,a_minus_b,0.006899525040765131,-0.005571943398672452,0.02101293710315963,20,10,1,station,20260921,2000,54d313e95dc309aa2e8ef845fd41708208c653e62ac636636faccd8f7f1e8a69
+I,E_P_M_I|log1p|uniform|permissive|none,E_P_M|log1p|uniform|permissive|none,block30,station_year_mean,all_sampled_dates,nonindustrial_higher,bias,ng m-3,a_minus_b,-0.01617932899689899,-0.030030617049100893,-0.003357268041006183,20,10,1,station,20260921,2000,54d313e95dc309aa2e8ef845fd41708208c653e62ac636636faccd8f7f1e8a69
+I,E_P_M_I|log1p|uniform|permissive|none,E_P_M|log1p|uniform|permissive|none,block30,station_year_mean,all_sampled_dates,nonindustrial_lower,RMSE,ng m-3,a_minus_b,0.00037652052440794587,-0.002165614191132173,0.0029697463774049832,20,10,1,station,20260921,2000,670d7f6c2b4a419dd7125e6759a5a484d1cc22269df900a9e6b8100ba467cbdc
+I,E_P_M_I|log1p|uniform|permissive|none,E_P_M|log1p|uniform|permissive|none,block30,station_year_mean,all_sampled_dates,nonindustrial_lower,MAE,ng m-3,a_minus_b,0.0005085953486879125,-0.0025987353146927307,0.003932858879015386,20,10,1,station,20260921,2000,670d7f6c2b4a419dd7125e6759a5a484d1cc22269df900a9e6b8100ba467cbdc
+I,E_P_M_I|log1p|uniform|permissive|none,E_P_M|log1p|uniform|permissive|none,block30,station_year_mean,all_sampled_dates,nonindustrial_lower,bias,ng m-3,a_minus_b,-0.005038271051975345,-0.008509920224996007,-0.0015667105038630973,20,10,1,station,20260921,2000,670d7f6c2b4a419dd7125e6759a5a484d1cc22269df900a9e6b8100ba467cbdc
+I (PM level),PM_I|log1p|uniform|permissive|none,PM|log1p|uniform|permissive|none,block30,daily,all_expected_targets,all_network,RMSE,ng m-3,a_minus_b,-0.42211820319279525,-0.581010772877687,-0.23840645302801744,5089,21,25,station_x_block,20260921,2000,49422f1082065a9d47ebdfaf52caf564b1c3e1dad3fba927ae8da3a978f385a0
+I (PM level),PM_I|log1p|uniform|permissive|none,PM|log1p|uniform|permissive|none,block30,daily,all_expected_targets,all_network,MAE,ng m-3,a_minus_b,-0.21866256794413452,-0.32244092865810864,-0.12316596609927175,5089,21,25,station_x_block,20260921,2000,49422f1082065a9d47ebdfaf52caf564b1c3e1dad3fba927ae8da3a978f385a0
+I (PM level),PM_I|log1p|uniform|permissive|none,PM|log1p|uniform|permissive|none,block30,daily,all_expected_targets,all_network,bias,ng m-3,a_minus_b,-0.006274235855040271,-0.24401965442350418,0.2917973602978021,5089,21,25,station_x_block,20260921,2000,49422f1082065a9d47ebdfaf52caf564b1c3e1dad3fba927ae8da3a978f385a0
+I (PM level),PM_I|log1p|uniform|permissive|none,PM|log1p|uniform|permissive|none,block30,daily,all_expected_targets,nonindustrial,RMSE,ng m-3,a_minus_b,-0.37302831538182424,-0.5602267031052571,-0.21271058094505618,4852,20,25,station_x_block,20260921,2000,5d1137882eec8537744050437f9ce1b569790644db3bdcfe69d5597e07b2e781
+I (PM level),PM_I|log1p|uniform|permissive|none,PM|log1p|uniform|permissive|none,block30,daily,all_expected_targets,nonindustrial,MAE,ng m-3,a_minus_b,-0.19693731273716003,-0.30357143766381367,-0.11813433460808168,4852,20,25,station_x_block,20260921,2000,5d1137882eec8537744050437f9ce1b569790644db3bdcfe69d5597e07b2e781
+I (PM level),PM_I|log1p|uniform|permissive|none,PM|log1p|uniform|permissive|none,block30,daily,all_expected_targets,nonindustrial,bias,ng m-3,a_minus_b,-0.11852901612392827,-0.2748692650767297,0.04801021328177969,4852,20,25,station_x_block,20260921,2000,5d1137882eec8537744050437f9ce1b569790644db3bdcfe69d5597e07b2e781
+I (PM level),PM_I|log1p|uniform|permissive|none,PM|log1p|uniform|permissive|none,block30,daily,all_expected_targets,nonindustrial_higher,RMSE,ng m-3,a_minus_b,-0.3153535719107292,-0.49441820218475485,-0.16153885351774389,2394,10,25,station_x_block,20260921,2000,62f59d22b59dd9d7e2e072c7b3fe63144e2f3e8824a30706c4074510f362197d
+I (PM level),PM_I|log1p|uniform|permissive|none,PM|log1p|uniform|permissive|none,block30,daily,all_expected_targets,nonindustrial_higher,MAE,ng m-3,a_minus_b,-0.16813005442013373,-0.2667939900062413,-0.08922987632217118,2394,10,25,station_x_block,20260921,2000,62f59d22b59dd9d7e2e072c7b3fe63144e2f3e8824a30706c4074510f362197d
+I (PM level),PM_I|log1p|uniform|permissive|none,PM|log1p|uniform|permissive|none,block30,daily,all_expected_targets,nonindustrial_higher,bias,ng m-3,a_minus_b,0.03623555169331662,-0.17434244162139886,0.2675485797462003,2394,10,25,station_x_block,20260921,2000,62f59d22b59dd9d7e2e072c7b3fe63144e2f3e8824a30706c4074510f362197d
+I (PM level),PM_I|log1p|uniform|permissive|none,PM|log1p|uniform|permissive|none,block30,daily,all_expected_targets,nonindustrial_lower,RMSE,ng m-3,a_minus_b,-0.4930422986985553,-0.8117014166099799,-0.2095479735226596,2458,10,25,station_x_block,20260921,2000,b29a851546d291a0d2f7dfae9c12846445d0e09a394514e7c02a871b374d99af
+I (PM level),PM_I|log1p|uniform|permissive|none,PM|log1p|uniform|permissive|none,block30,daily,all_expected_targets,nonindustrial_lower,MAE,ng m-3,a_minus_b,-0.22499450411672098,-0.40587502332936237,-0.10157034172847361,2458,10,25,station_x_block,20260921,2000,b29a851546d291a0d2f7dfae9c12846445d0e09a394514e7c02a871b374d99af
+I (PM level),PM_I|log1p|uniform|permissive|none,PM|log1p|uniform|permissive|none,block30,daily,all_expected_targets,nonindustrial_lower,bias,ng m-3,a_minus_b,-0.26926391252526444,-0.47685904003626733,-0.11586134453369483,2458,10,25,station_x_block,20260921,2000,b29a851546d291a0d2f7dfae9c12846445d0e09a394514e7c02a871b374d99af
+I (PM level),PM_I|log1p|uniform|permissive|none,PM|log1p|uniform|permissive|none,block30,station_year_mean,all_sampled_dates,all_network,RMSE,ng m-3,a_minus_b,-0.5596372968092433,-0.9019009585296912,-0.18842995576205396,42,21,1,station,20260921,2000,a4b83f112a2a39d7bb39c1c70c56f5678dc7ac9449f27af54e02cbafaafd9a52
+I (PM level),PM_I|log1p|uniform|permissive|none,PM|log1p|uniform|permissive|none,block30,station_year_mean,all_sampled_dates,all_network,MAE,ng m-3,a_minus_b,-0.30780942438393477,-0.525138485458558,-0.14547915234792233,42,21,1,station,20260921,2000,a4b83f112a2a39d7bb39c1c70c56f5678dc7ac9449f27af54e02cbafaafd9a52
+I (PM level),PM_I|log1p|uniform|permissive|none,PM|log1p|uniform|permissive|none,block30,station_year_mean,all_sampled_dates,all_network,bias,ng m-3,a_minus_b,0.003192594358716147,-0.212535131871852,0.29320323076646,42,21,1,station,20260921,2000,a4b83f112a2a39d7bb39c1c70c56f5678dc7ac9449f27af54e02cbafaafd9a52
+I (PM level),PM_I|log1p|uniform|permissive|none,PM|log1p|uniform|permissive|none,block30,station_year_mean,all_sampled_dates,nonindustrial,RMSE,ng m-3,a_minus_b,-0.2625564155315149,-0.35592217062076426,-0.1606543476185768,40,20,1,station,20260921,2000,75f77a11b57c142012fafa94a0442f20d6ba5eff6db77fdddfbfa204481e78df
+I (PM level),PM_I|log1p|uniform|permissive|none,PM|log1p|uniform|permissive|none,block30,station_year_mean,all_sampled_dates,nonindustrial,MAE,ng m-3,a_minus_b,-0.20860227445971005,-0.298975297030318,-0.12522177329637424,40,20,1,station,20260921,2000,75f77a11b57c142012fafa94a0442f20d6ba5eff6db77fdddfbfa204481e78df
+I (PM level),PM_I|log1p|uniform|permissive|none,PM|log1p|uniform|permissive|none,block30,station_year_mean,all_sampled_dates,nonindustrial,bias,ng m-3,a_minus_b,-0.11124539706676956,-0.2307817297684596,0.022120622423588497,40,20,1,station,20260921,2000,75f77a11b57c142012fafa94a0442f20d6ba5eff6db77fdddfbfa204481e78df
+I (PM level),PM_I|log1p|uniform|permissive|none,PM|log1p|uniform|permissive|none,block30,station_year_mean,all_sampled_dates,nonindustrial_higher,RMSE,ng m-3,a_minus_b,-0.18305338579127048,-0.25904166075973684,-0.1035992610124671,20,10,1,station,20260921,2000,54d313e95dc309aa2e8ef845fd41708208c653e62ac636636faccd8f7f1e8a69
+I (PM level),PM_I|log1p|uniform|permissive|none,PM|log1p|uniform|permissive|none,block30,station_year_mean,all_sampled_dates,nonindustrial_higher,MAE,ng m-3,a_minus_b,-0.15677821505333428,-0.23574056587342818,-0.0924517433468754,20,10,1,station,20260921,2000,54d313e95dc309aa2e8ef845fd41708208c653e62ac636636faccd8f7f1e8a69
+I (PM level),PM_I|log1p|uniform|permissive|none,PM|log1p|uniform|permissive|none,block30,station_year_mean,all_sampled_dates,nonindustrial_higher,bias,ng m-3,a_minus_b,0.049827089066363836,-0.1059528273860297,0.20753942194132743,20,10,1,station,20260921,2000,54d313e95dc309aa2e8ef845fd41708208c653e62ac636636faccd8f7f1e8a69
+I (PM level),PM_I|log1p|uniform|permissive|none,PM|log1p|uniform|permissive|none,block30,station_year_mean,all_sampled_dates,nonindustrial_lower,RMSE,ng m-3,a_minus_b,-0.33914281785168526,-0.4810276994290773,-0.16578142797495987,20,10,1,station,20260921,2000,670d7f6c2b4a419dd7125e6759a5a484d1cc22269df900a9e6b8100ba467cbdc
+I (PM level),PM_I|log1p|uniform|permissive|none,PM|log1p|uniform|permissive|none,block30,station_year_mean,all_sampled_dates,nonindustrial_lower,MAE,ng m-3,a_minus_b,-0.2604263338660859,-0.4188814416832858,-0.10517874449871957,20,10,1,station,20260921,2000,670d7f6c2b4a419dd7125e6759a5a484d1cc22269df900a9e6b8100ba467cbdc
+I (PM level),PM_I|log1p|uniform|permissive|none,PM|log1p|uniform|permissive|none,block30,station_year_mean,all_sampled_dates,nonindustrial_lower,bias,ng m-3,a_minus_b,-0.27231788319990297,-0.4255825327999302,-0.12457686638448093,20,10,1,station,20260921,2000,670d7f6c2b4a419dd7125e6759a5a484d1cc22269df900a9e6b8100ba467cbdc
Bundle,E_P_M_I|log1p|uniform|permissive|none,PM_I|log1p|uniform|permissive|none,block30,daily,all_expected_targets,all_network,RMSE,ng m-3,a_minus_b,-0.11131619231515244,-0.20038915513435357,-0.028677328336530788,5089,21,25,station_x_block,20260921,2000,49422f1082065a9d47ebdfaf52caf564b1c3e1dad3fba927ae8da3a978f385a0
Bundle,E_P_M_I|log1p|uniform|permissive|none,PM_I|log1p|uniform|permissive|none,block30,daily,all_expected_targets,all_network,MAE,ng m-3,a_minus_b,-0.0854537633866379,-0.14221817121177363,-0.04242329243722195,5089,21,25,station_x_block,20260921,2000,49422f1082065a9d47ebdfaf52caf564b1c3e1dad3fba927ae8da3a978f385a0
Bundle,E_P_M_I|log1p|uniform|permissive|none,PM_I|log1p|uniform|permissive|none,block30,daily,all_expected_targets,all_network,bias,ng m-3,a_minus_b,-0.01606721652297112,-0.07823698100149207,0.03670830749893022,5089,21,25,station_x_block,20260921,2000,49422f1082065a9d47ebdfaf52caf564b1c3e1dad3fba927ae8da3a978f385a0
Bundle,E_P_M_I|log1p|uniform|permissive|none,PM_I|log1p|uniform|permissive|none,block30,daily,all_expected_targets,nonindustrial,RMSE,ng m-3,a_minus_b,-0.08760186134042536,-0.16442763317403047,-0.015470635621704988,4852,20,25,station_x_block,20260921,2000,5d1137882eec8537744050437f9ce1b569790644db3bdcfe69d5597e07b2e781
Bundle,E_P_M_I|log1p|uniform|permissive|none,PM_I|log1p|uniform|permissive|none,block30,daily,all_expected_targets,nonindustrial,MAE,ng m-3,a_minus_b,-0.07072315150136022,-0.11284389719211632,-0.038460881552098876,4852,20,25,station_x_block,20260921,2000,5d1137882eec8537744050437f9ce1b569790644db3bdcfe69d5597e07b2e781
Bundle,E_P_M_I|log1p|uniform|permissive|none,PM_I|log1p|uniform|permissive|none,block30,daily,all_expected_targets,nonindustrial,bias,ng m-3,a_minus_b,-0.0190572458069662,-0.07431865331977533,0.029051998855984206,4852,20,25,station_x_block,20260921,2000,5d1137882eec8537744050437f9ce1b569790644db3bdcfe69d5597e07b2e781
Bundle,E_P_M_I|log1p|uniform|permissive|none,PM_I|log1p|uniform|permissive|none,block30,daily,all_expected_targets,nonindustrial_higher,RMSE,ng m-3,a_minus_b,-0.08326870017516985,-0.1853316198848676,0.01567599743807503,2394,10,25,station_x_block,20260921,2000,62f59d22b59dd9d7e2e072c7b3fe63144e2f3e8824a30706c4074510f362197d
Bundle,E_P_M_I|log1p|uniform|permissive|none,PM_I|log1p|uniform|permissive|none,block30,daily,all_expected_targets,nonindustrial_higher,MAE,ng m-3,a_minus_b,-0.08319774758517129,-0.14540281439423408,-0.027646933933561754,2394,10,25,station_x_block,20260921,2000,62f59d22b59dd9d7e2e072c7b3fe63144e2f3e8824a30706c4074510f362197d
Bundle,E_P_M_I|log1p|uniform|permissive|none,PM_I|log1p|uniform|permissive|none,block30,daily,all_expected_targets,nonindustrial_higher,bias,ng m-3,a_minus_b,0.0050182489803258165,-0.07159924988787278,0.07199140992074263,2394,10,25,station_x_block,20260921,2000,62f59d22b59dd9d7e2e072c7b3fe63144e2f3e8824a30706c4074510f362197d
Bundle,E_P_M_I|log1p|uniform|permissive|none,PM_I|log1p|uniform|permissive|none,block30,daily,all_expected_targets,nonindustrial_lower,RMSE,ng m-3,a_minus_b,-0.11760266752786935,-0.22336396977639453,-0.04191457901432131,2458,10,25,station_x_block,20260921,2000,b29a851546d291a0d2f7dfae9c12846445d0e09a394514e7c02a871b374d99af
Bundle,E_P_M_I|log1p|uniform|permissive|none,PM_I|log1p|uniform|permissive|none,block30,daily,all_expected_targets,nonindustrial_lower,MAE,ng m-3,a_minus_b,-0.05857336182493894,-0.09699293922158574,-0.03031486661303481,2458,10,25,station_x_block,20260921,2000,b29a851546d291a0d2f7dfae9c12846445d0e09a394514e7c02a871b374d99af
Bundle,E_P_M_I|log1p|uniform|permissive|none,PM_I|log1p|uniform|permissive|none,block30,daily,all_expected_targets,nonindustrial_lower,bias,ng m-3,a_minus_b,-0.042505876612815297,-0.09959756239861986,-0.0018022730904621806,2458,10,25,station_x_block,20260921,2000,b29a851546d291a0d2f7dfae9c12846445d0e09a394514e7c02a871b374d99af
Bundle,E_P_M_I|log1p|uniform|permissive|none,PM_I|log1p|uniform|permissive|none,block30,station_year_mean,all_sampled_dates,all_network,RMSE,ng m-3,a_minus_b,-0.01612535944029686,-0.029714540489694546,-0.013583565146026334,42,21,1,station,20260921,2000,a4b83f112a2a39d7bb39c1c70c56f5678dc7ac9449f27af54e02cbafaafd9a52
Bundle,E_P_M_I|log1p|uniform|permissive|none,PM_I|log1p|uniform|permissive|none,block30,station_year_mean,all_sampled_dates,all_network,MAE,ng m-3,a_minus_b,-0.02635752462559557,-0.0334518169782127,-0.01778347571065993,42,21,1,station,20260921,2000,a4b83f112a2a39d7bb39c1c70c56f5678dc7ac9449f27af54e02cbafaafd9a52
Bundle,E_P_M_I|log1p|uniform|permissive|none,PM_I|log1p|uniform|permissive|none,block30,station_year_mean,all_sampled_dates,all_network,bias,ng m-3,a_minus_b,-0.01602990454020639,-0.03717790911305857,0.0051520209651414834,42,21,1,station,20260921,2000,a4b83f112a2a39d7bb39c1c70c56f5678dc7ac9449f27af54e02cbafaafd9a52
Bundle,E_P_M_I|log1p|uniform|permissive|none,PM_I|log1p|uniform|permissive|none,block30,station_year_mean,all_sampled_dates,nonindustrial,RMSE,ng m-3,a_minus_b,-0.02232927203094827,-0.03182219625601644,-0.013578325043526117,40,20,1,station,20260921,2000,75f77a11b57c142012fafa94a0442f20d6ba5eff6db77fdddfbfa204481e78df
Bundle,E_P_M_I|log1p|uniform|permissive|none,PM_I|log1p|uniform|permissive|none,block30,station_year_mean,all_sampled_dates,nonindustrial,MAE,ng m-3,a_minus_b,-0.025407457128951975,-0.03240996820612185,-0.017505460167912063,40,20,1,station,20260921,2000,75f77a11b57c142012fafa94a0442f20d6ba5eff6db77fdddfbfa204481e78df
Bundle,E_P_M_I|log1p|uniform|permissive|none,PM_I|log1p|uniform|permissive|none,block30,station_year_mean,all_sampled_dates,nonindustrial,bias,ng m-3,a_minus_b,-0.019099343495140066,-0.039786025048841045,0.002590390071808475,40,20,1,station,20260921,2000,75f77a11b57c142012fafa94a0442f20d6ba5eff6db77fdddfbfa204481e78df
Bundle,E_P_M_I|log1p|uniform|permissive|none,PM_I|log1p|uniform|permissive|none,block30,station_year_mean,all_sampled_dates,nonindustrial_higher,RMSE,ng m-3,a_minus_b,-0.02725507975751007,-0.041834514886659874,-0.014417656864710537,20,10,1,station,20260921,2000,54d313e95dc309aa2e8ef845fd41708208c653e62ac636636faccd8f7f1e8a69
Bundle,E_P_M_I|log1p|uniform|permissive|none,PM_I|log1p|uniform|permissive|none,block30,station_year_mean,all_sampled_dates,nonindustrial_higher,MAE,ng m-3,a_minus_b,-0.03081436618205842,-0.03924453245587372,-0.02279474956711496,20,10,1,station,20260921,2000,54d313e95dc309aa2e8ef845fd41708208c653e62ac636636faccd8f7f1e8a69
Bundle,E_P_M_I|log1p|uniform|permissive|none,PM_I|log1p|uniform|permissive|none,block30,station_year_mean,all_sampled_dates,nonindustrial_higher,bias,ng m-3,a_minus_b,0.0036601437792698824,-0.029908058853953954,0.03826909667102913,20,10,1,station,20260921,2000,54d313e95dc309aa2e8ef845fd41708208c653e62ac636636faccd8f7f1e8a69
Bundle,E_P_M_I|log1p|uniform|permissive|none,PM_I|log1p|uniform|permissive|none,block30,station_year_mean,all_sampled_dates,nonindustrial_lower,RMSE,ng m-3,a_minus_b,-0.015965534406385824,-0.024888079446324124,-0.0045149632466398495,20,10,1,station,20260921,2000,670d7f6c2b4a419dd7125e6759a5a484d1cc22269df900a9e6b8100ba467cbdc
Bundle,E_P_M_I|log1p|uniform|permissive|none,PM_I|log1p|uniform|permissive|none,block30,station_year_mean,all_sampled_dates,nonindustrial_lower,MAE,ng m-3,a_minus_b,-0.020000548075845517,-0.031106087767321582,-0.005670948203213467,20,10,1,station,20260921,2000,670d7f6c2b4a419dd7125e6759a5a484d1cc22269df900a9e6b8100ba467cbdc
Bundle,E_P_M_I|log1p|uniform|permissive|none,PM_I|log1p|uniform|permissive|none,block30,station_year_mean,all_sampled_dates,nonindustrial_lower,bias,ng m-3,a_minus_b,-0.04185883076955003,-0.062092137417411805,-0.024024630402214347,20,10,1,station,20260921,2000,670d7f6c2b4a419dd7125e6759a5a484d1cc22269df900a9e6b8100ba467cbdc
+NO2 given E,E_P|log1p|uniform|permissive|none,E_PM|log1p|uniform|permissive|none,block30,daily,all_expected_targets,all_network,RMSE,ng m-3,a_minus_b,0.012619253077352788,-0.01808655270793643,0.03618050600491335,5089,21,25,station_x_block,20260921,2000,49422f1082065a9d47ebdfaf52caf564b1c3e1dad3fba927ae8da3a978f385a0
+NO2 given E,E_P|log1p|uniform|permissive|none,E_PM|log1p|uniform|permissive|none,block30,daily,all_expected_targets,all_network,MAE,ng m-3,a_minus_b,-0.00011004968332289922,-0.010296759243542166,0.01111772410858179,5089,21,25,station_x_block,20260921,2000,49422f1082065a9d47ebdfaf52caf564b1c3e1dad3fba927ae8da3a978f385a0
+NO2 given E,E_P|log1p|uniform|permissive|none,E_PM|log1p|uniform|permissive|none,block30,daily,all_expected_targets,all_network,bias,ng m-3,a_minus_b,-0.0026433283217076192,-0.018095725637280274,0.012316138987036384,5089,21,25,station_x_block,20260921,2000,49422f1082065a9d47ebdfaf52caf564b1c3e1dad3fba927ae8da3a978f385a0
+NO2 given E,E_P|log1p|uniform|permissive|none,E_PM|log1p|uniform|permissive|none,block30,daily,all_expected_targets,nonindustrial,RMSE,ng m-3,a_minus_b,0.0011191914514775414,-0.025361037397325807,0.027112483222433842,4852,20,25,station_x_block,20260921,2000,5d1137882eec8537744050437f9ce1b569790644db3bdcfe69d5597e07b2e781
+NO2 given E,E_P|log1p|uniform|permissive|none,E_PM|log1p|uniform|permissive|none,block30,daily,all_expected_targets,nonindustrial,MAE,ng m-3,a_minus_b,-0.0011147798554059785,-0.011544239807235058,0.00966191304802948,4852,20,25,station_x_block,20260921,2000,5d1137882eec8537744050437f9ce1b569790644db3bdcfe69d5597e07b2e781
+NO2 given E,E_P|log1p|uniform|permissive|none,E_PM|log1p|uniform|permissive|none,block30,daily,all_expected_targets,nonindustrial,bias,ng m-3,a_minus_b,-0.004434174882351606,-0.01799162974165894,0.008110744140223036,4852,20,25,station_x_block,20260921,2000,5d1137882eec8537744050437f9ce1b569790644db3bdcfe69d5597e07b2e781
+NO2 given E,E_P|log1p|uniform|permissive|none,E_PM|log1p|uniform|permissive|none,block30,daily,all_expected_targets,nonindustrial_higher,RMSE,ng m-3,a_minus_b,0.0033092190475438876,-0.03782787037788143,0.04351215179205494,2394,10,25,station_x_block,20260921,2000,62f59d22b59dd9d7e2e072c7b3fe63144e2f3e8824a30706c4074510f362197d
+NO2 given E,E_P|log1p|uniform|permissive|none,E_PM|log1p|uniform|permissive|none,block30,daily,all_expected_targets,nonindustrial_higher,MAE,ng m-3,a_minus_b,0.0021572181157060166,-0.015937697022955007,0.021047364099666562,2394,10,25,station_x_block,20260921,2000,62f59d22b59dd9d7e2e072c7b3fe63144e2f3e8824a30706c4074510f362197d
+NO2 given E,E_P|log1p|uniform|permissive|none,E_PM|log1p|uniform|permissive|none,block30,daily,all_expected_targets,nonindustrial_higher,bias,ng m-3,a_minus_b,-0.0026283128316624965,-0.02623336231908882,0.019661344263035316,2394,10,25,station_x_block,20260921,2000,62f59d22b59dd9d7e2e072c7b3fe63144e2f3e8824a30706c4074510f362197d
+NO2 given E,E_P|log1p|uniform|permissive|none,E_PM|log1p|uniform|permissive|none,block30,daily,all_expected_targets,nonindustrial_lower,RMSE,ng m-3,a_minus_b,-0.0038354514692875985,-0.027372189526057442,0.01187903862262425,2458,10,25,station_x_block,20260921,2000,b29a851546d291a0d2f7dfae9c12846445d0e09a394514e7c02a871b374d99af
+NO2 given E,E_P|log1p|uniform|permissive|none,E_PM|log1p|uniform|permissive|none,block30,daily,all_expected_targets,nonindustrial_lower,MAE,ng m-3,a_minus_b,-0.004301583412298582,-0.014467969577309739,0.004086986479406028,2458,10,25,station_x_block,20260921,2000,b29a851546d291a0d2f7dfae9c12846445d0e09a394514e7c02a871b374d99af
+NO2 given E,E_P|log1p|uniform|permissive|none,E_PM|log1p|uniform|permissive|none,block30,daily,all_expected_targets,nonindustrial_lower,bias,ng m-3,a_minus_b,-0.0061930169284662336,-0.018727707167829864,0.005129282999949677,2458,10,25,station_x_block,20260921,2000,b29a851546d291a0d2f7dfae9c12846445d0e09a394514e7c02a871b374d99af
+NO2 given E,E_P|log1p|uniform|permissive|none,E_PM|log1p|uniform|permissive|none,block30,station_year_mean,all_sampled_dates,all_network,RMSE,ng m-3,a_minus_b,-0.00860605667641745,-0.01421122422332768,4.928291873058855e-05,42,21,1,station,20260921,2000,a4b83f112a2a39d7bb39c1c70c56f5678dc7ac9449f27af54e02cbafaafd9a52
+NO2 given E,E_P|log1p|uniform|permissive|none,E_PM|log1p|uniform|permissive|none,block30,station_year_mean,all_sampled_dates,all_network,MAE,ng m-3,a_minus_b,-0.007392504601893821,-0.014865261250153632,-2.703635881466165e-05,42,21,1,station,20260921,2000,a4b83f112a2a39d7bb39c1c70c56f5678dc7ac9449f27af54e02cbafaafd9a52
+NO2 given E,E_P|log1p|uniform|permissive|none,E_PM|log1p|uniform|permissive|none,block30,station_year_mean,all_sampled_dates,all_network,bias,ng m-3,a_minus_b,-0.0023618758077966484,-0.009970077240561094,0.005879253008234567,42,21,1,station,20260921,2000,a4b83f112a2a39d7bb39c1c70c56f5678dc7ac9449f27af54e02cbafaafd9a52
+NO2 given E,E_P|log1p|uniform|permissive|none,E_PM|log1p|uniform|permissive|none,block30,station_year_mean,all_sampled_dates,nonindustrial,RMSE,ng m-3,a_minus_b,-0.005875102079266004,-0.013789296153308636,0.001891157197613906,40,20,1,station,20260921,2000,75f77a11b57c142012fafa94a0442f20d6ba5eff6db77fdddfbfa204481e78df
+NO2 given E,E_P|log1p|uniform|permissive|none,E_PM|log1p|uniform|permissive|none,block30,station_year_mean,all_sampled_dates,nonindustrial,MAE,ng m-3,a_minus_b,-0.006063526410912443,-0.013498820023654604,0.0013928913411683558,40,20,1,station,20260921,2000,75f77a11b57c142012fafa94a0442f20d6ba5eff6db77fdddfbfa204481e78df
+NO2 given E,E_P|log1p|uniform|permissive|none,E_PM|log1p|uniform|permissive|none,block30,station_year_mean,all_sampled_dates,nonindustrial,bias,ng m-3,a_minus_b,-0.004178573019262527,-0.011068069579854367,0.003363919793120985,40,20,1,station,20260921,2000,75f77a11b57c142012fafa94a0442f20d6ba5eff6db77fdddfbfa204481e78df
+NO2 given E,E_P|log1p|uniform|permissive|none,E_PM|log1p|uniform|permissive|none,block30,station_year_mean,all_sampled_dates,nonindustrial_higher,RMSE,ng m-3,a_minus_b,-0.009686077909712695,-0.020791881320011224,0.0017582539429461346,20,10,1,station,20260921,2000,54d313e95dc309aa2e8ef845fd41708208c653e62ac636636faccd8f7f1e8a69
+NO2 given E,E_P|log1p|uniform|permissive|none,E_PM|log1p|uniform|permissive|none,block30,station_year_mean,all_sampled_dates,nonindustrial_higher,MAE,ng m-3,a_minus_b,-0.011324567404554495,-0.02293114935818183,0.0016275879990527908,20,10,1,station,20260921,2000,54d313e95dc309aa2e8ef845fd41708208c653e62ac636636faccd8f7f1e8a69
+NO2 given E,E_P|log1p|uniform|permissive|none,E_PM|log1p|uniform|permissive|none,block30,station_year_mean,all_sampled_dates,nonindustrial_higher,bias,ng m-3,a_minus_b,-0.0023208076817937684,-0.015147148943113694,0.011967519340014394,20,10,1,station,20260921,2000,54d313e95dc309aa2e8ef845fd41708208c653e62ac636636faccd8f7f1e8a69
+NO2 given E,E_P|log1p|uniform|permissive|none,E_PM|log1p|uniform|permissive|none,block30,station_year_mean,all_sampled_dates,nonindustrial_lower,RMSE,ng m-3,a_minus_b,-0.00036339031802170435,-0.0074567559952605725,0.007073171927530196,20,10,1,station,20260921,2000,670d7f6c2b4a419dd7125e6759a5a484d1cc22269df900a9e6b8100ba467cbdc
+NO2 given E,E_P|log1p|uniform|permissive|none,E_PM|log1p|uniform|permissive|none,block30,station_year_mean,all_sampled_dates,nonindustrial_lower,MAE,ng m-3,a_minus_b,-0.0008024854172704252,-0.007253081454898,0.005758350990527582,20,10,1,station,20260921,2000,670d7f6c2b4a419dd7125e6759a5a484d1cc22269df900a9e6b8100ba467cbdc
+NO2 given E,E_P|log1p|uniform|permissive|none,E_PM|log1p|uniform|permissive|none,block30,station_year_mean,all_sampled_dates,nonindustrial_lower,bias,ng m-3,a_minus_b,-0.006036338356731287,-0.009956914193031139,-0.0021644852952355112,20,10,1,station,20260921,2000,670d7f6c2b4a419dd7125e6759a5a484d1cc22269df900a9e6b8100ba467cbdc
+NO2 given E,E_P|log1p|uniform|permissive|none,E_PM|log1p|uniform|permissive|none,loso,daily,all_expected_targets,all_network,RMSE,ng m-3,a_minus_b,-0.06054182780404793,-0.26006538450050976,0.0008841253362044071,5089,21,1,station,20260921,2000,49422f1082065a9d47ebdfaf52caf564b1c3e1dad3fba927ae8da3a978f385a0
+NO2 given E,E_P|log1p|uniform|permissive|none,E_PM|log1p|uniform|permissive|none,loso,daily,all_expected_targets,all_network,MAE,ng m-3,a_minus_b,-0.10525942856031634,-0.24574260648375298,-0.008485647985948998,5089,21,1,station,20260921,2000,49422f1082065a9d47ebdfaf52caf564b1c3e1dad3fba927ae8da3a978f385a0
+NO2 given E,E_P|log1p|uniform|permissive|none,E_PM|log1p|uniform|permissive|none,loso,daily,all_expected_targets,all_network,bias,ng m-3,a_minus_b,-0.12167568973640207,-0.26677767650849726,-0.014361093259520803,5089,21,1,station,20260921,2000,49422f1082065a9d47ebdfaf52caf564b1c3e1dad3fba927ae8da3a978f385a0
+NO2 given E,E_P|log1p|uniform|permissive|none,E_PM|log1p|uniform|permissive|none,loso,daily,all_expected_targets,nonindustrial,RMSE,ng m-3,a_minus_b,-0.1447959807047815,-0.3024476718903202,-0.013217743130592744,4852,20,1,station,20260921,2000,5d1137882eec8537744050437f9ce1b569790644db3bdcfe69d5597e07b2e781
+NO2 given E,E_P|log1p|uniform|permissive|none,E_PM|log1p|uniform|permissive|none,loso,daily,all_expected_targets,nonindustrial,MAE,ng m-3,a_minus_b,-0.11105551270429925,-0.24398013194755477,-0.012046195550165319,4852,20,1,station,20260921,2000,5d1137882eec8537744050437f9ce1b569790644db3bdcfe69d5597e07b2e781
+NO2 given E,E_P|log1p|uniform|permissive|none,E_PM|log1p|uniform|permissive|none,loso,daily,all_expected_targets,nonindustrial,bias,ng m-3,a_minus_b,-0.12660762275983925,-0.27359553013724847,-0.011946629280972974,4852,20,1,station,20260921,2000,5d1137882eec8537744050437f9ce1b569790644db3bdcfe69d5597e07b2e781
+NO2 given E,E_P|log1p|uniform|permissive|none,E_PM|log1p|uniform|permissive|none,loso,daily,all_expected_targets,nonindustrial_higher,RMSE,ng m-3,a_minus_b,-0.023109674771786493,-0.04818730797730118,0.0008107460221868923,2394,10,1,station,20260921,2000,62f59d22b59dd9d7e2e072c7b3fe63144e2f3e8824a30706c4074510f362197d
+NO2 given E,E_P|log1p|uniform|permissive|none,E_PM|log1p|uniform|permissive|none,loso,daily,all_expected_targets,nonindustrial_higher,MAE,ng m-3,a_minus_b,-0.029288955759565583,-0.07790154161582336,0.000842272721791849,2394,10,1,station,20260921,2000,62f59d22b59dd9d7e2e072c7b3fe63144e2f3e8824a30706c4074510f362197d
+NO2 given E,E_P|log1p|uniform|permissive|none,E_PM|log1p|uniform|permissive|none,loso,daily,all_expected_targets,nonindustrial_higher,bias,ng m-3,a_minus_b,-0.05142824634152046,-0.16018697707239793,0.025039038143690386,2394,10,1,station,20260921,2000,62f59d22b59dd9d7e2e072c7b3fe63144e2f3e8824a30706c4074510f362197d
+NO2 given E,E_P|log1p|uniform|permissive|none,E_PM|log1p|uniform|permissive|none,loso,daily,all_expected_targets,nonindustrial_lower,RMSE,ng m-3,a_minus_b,-0.3206916788464046,-0.56499429951793,-0.005471236751307386,2458,10,1,station,20260921,2000,b29a851546d291a0d2f7dfae9c12846445d0e09a394514e7c02a871b374d99af
+NO2 given E,E_P|log1p|uniform|permissive|none,E_PM|log1p|uniform|permissive|none,loso,daily,all_expected_targets,nonindustrial_lower,MAE,ng m-3,a_minus_b,-0.1906930787440439,-0.44027093516122945,-0.009274970275528361,2458,10,1,station,20260921,2000,b29a851546d291a0d2f7dfae9c12846445d0e09a394514e7c02a871b374d99af
+NO2 given E,E_P|log1p|uniform|permissive|none,E_PM|log1p|uniform|permissive|none,loso,daily,all_expected_targets,nonindustrial_lower,bias,ng m-3,a_minus_b,-0.19982952151714398,-0.4576096495603036,-0.004588422657148738,2458,10,1,station,20260921,2000,b29a851546d291a0d2f7dfae9c12846445d0e09a394514e7c02a871b374d99af
+NO2 given E,E_P|log1p|uniform|permissive|none,E_PM|log1p|uniform|permissive|none,loso,station_year_mean,all_sampled_dates,all_network,RMSE,ng m-3,a_minus_b,-0.06095490516224755,-0.343581596540072,0.004797293108008871,42,21,1,station,20260921,2000,a4b83f112a2a39d7bb39c1c70c56f5678dc7ac9449f27af54e02cbafaafd9a52
+NO2 given E,E_P|log1p|uniform|permissive|none,E_PM|log1p|uniform|permissive|none,loso,station_year_mean,all_sampled_dates,all_network,MAE,ng m-3,a_minus_b,-0.08749447873121752,-0.2138522717338257,0.010136967856510689,42,21,1,station,20260921,2000,a4b83f112a2a39d7bb39c1c70c56f5678dc7ac9449f27af54e02cbafaafd9a52
+NO2 given E,E_P|log1p|uniform|permissive|none,E_PM|log1p|uniform|permissive|none,loso,station_year_mean,all_sampled_dates,all_network,bias,ng m-3,a_minus_b,-0.13644995164653406,-0.27984189738897447,-0.020540145508660627,42,21,1,station,20260921,2000,a4b83f112a2a39d7bb39c1c70c56f5678dc7ac9449f27af54e02cbafaafd9a52
+NO2 given E,E_P|log1p|uniform|permissive|none,E_PM|log1p|uniform|permissive|none,loso,station_year_mean,all_sampled_dates,nonindustrial,RMSE,ng m-3,a_minus_b,-0.20473192737156254,-0.37909436528487594,-0.007843144852052236,40,20,1,station,20260921,2000,75f77a11b57c142012fafa94a0442f20d6ba5eff6db77fdddfbfa204481e78df
+NO2 given E,E_P|log1p|uniform|permissive|none,E_PM|log1p|uniform|permissive|none,loso,station_year_mean,all_sampled_dates,nonindustrial,MAE,ng m-3,a_minus_b,-0.09290490645914384,-0.21441490457613815,0.004739198495462534,40,20,1,station,20260921,2000,75f77a11b57c142012fafa94a0442f20d6ba5eff6db77fdddfbfa204481e78df
+NO2 given E,E_P|log1p|uniform|permissive|none,E_PM|log1p|uniform|permissive|none,loso,station_year_mean,all_sampled_dates,nonindustrial,bias,ng m-3,a_minus_b,-0.14223674543749518,-0.29065064265845497,-0.01955966575099372,40,20,1,station,20260921,2000,75f77a11b57c142012fafa94a0442f20d6ba5eff6db77fdddfbfa204481e78df
+NO2 given E,E_P|log1p|uniform|permissive|none,E_PM|log1p|uniform|permissive|none,loso,station_year_mean,all_sampled_dates,nonindustrial_higher,RMSE,ng m-3,a_minus_b,-0.01525042564837703,-0.054153145060557226,0.02725343087770947,20,10,1,station,20260921,2000,54d313e95dc309aa2e8ef845fd41708208c653e62ac636636faccd8f7f1e8a69
+NO2 given E,E_P|log1p|uniform|permissive|none,E_PM|log1p|uniform|permissive|none,loso,station_year_mean,all_sampled_dates,nonindustrial_higher,MAE,ng m-3,a_minus_b,-0.008039221055508583,-0.06165354289124163,0.0519735281144035,20,10,1,station,20260921,2000,54d313e95dc309aa2e8ef845fd41708208c653e62ac636636faccd8f7f1e8a69
+NO2 given E,E_P|log1p|uniform|permissive|none,E_PM|log1p|uniform|permissive|none,loso,station_year_mean,all_sampled_dates,nonindustrial_higher,bias,ng m-3,a_minus_b,-0.06465301320482603,-0.19235052826596005,0.02686961911166795,20,10,1,station,20260921,2000,54d313e95dc309aa2e8ef845fd41708208c653e62ac636636faccd8f7f1e8a69
+NO2 given E,E_P|log1p|uniform|permissive|none,E_PM|log1p|uniform|permissive|none,loso,station_year_mean,all_sampled_dates,nonindustrial_lower,RMSE,ng m-3,a_minus_b,-0.35071185407048766,-0.5734580983161373,-0.022122099681545427,20,10,1,station,20260921,2000,670d7f6c2b4a419dd7125e6759a5a484d1cc22269df900a9e6b8100ba467cbdc
+NO2 given E,E_P|log1p|uniform|permissive|none,E_PM|log1p|uniform|permissive|none,loso,station_year_mean,all_sampled_dates,nonindustrial_lower,MAE,ng m-3,a_minus_b,-0.1777705918627792,-0.3981701910586079,-0.008236590697197527,20,10,1,station,20260921,2000,670d7f6c2b4a419dd7125e6759a5a484d1cc22269df900a9e6b8100ba467cbdc
+NO2 given E,E_P|log1p|uniform|permissive|none,E_PM|log1p|uniform|permissive|none,loso,station_year_mean,all_sampled_dates,nonindustrial_lower,bias,ng m-3,a_minus_b,-0.21982047767016424,-0.469500694119159,-0.020290635963972306,20,10,1,station,20260921,2000,670d7f6c2b4a419dd7125e6759a5a484d1cc22269df900a9e6b8100ba467cbdc
+PM given E,E_P|log1p|uniform|permissive|none,E_NO2|log1p|uniform|permissive|none,block30,daily,all_expected_targets,all_network,RMSE,ng m-3,a_minus_b,-0.17507374617108318,-0.31888897249156306,-0.07312680022253325,5089,21,25,station_x_block,20260921,2000,49422f1082065a9d47ebdfaf52caf564b1c3e1dad3fba927ae8da3a978f385a0
+PM given E,E_P|log1p|uniform|permissive|none,E_NO2|log1p|uniform|permissive|none,block30,daily,all_expected_targets,all_network,MAE,ng m-3,a_minus_b,-0.07285791156258603,-0.14345020786477183,-0.024877160854460994,5089,21,25,station_x_block,20260921,2000,49422f1082065a9d47ebdfaf52caf564b1c3e1dad3fba927ae8da3a978f385a0
+PM given E,E_P|log1p|uniform|permissive|none,E_NO2|log1p|uniform|permissive|none,block30,daily,all_expected_targets,all_network,bias,ng m-3,a_minus_b,0.04274336277032817,-0.009304621586411849,0.11117675586782151,5089,21,25,station_x_block,20260921,2000,49422f1082065a9d47ebdfaf52caf564b1c3e1dad3fba927ae8da3a978f385a0
+PM given E,E_P|log1p|uniform|permissive|none,E_NO2|log1p|uniform|permissive|none,block30,daily,all_expected_targets,nonindustrial,RMSE,ng m-3,a_minus_b,-0.17966764385755718,-0.33210179649940225,-0.05679746394482173,4852,20,25,station_x_block,20260921,2000,5d1137882eec8537744050437f9ce1b569790644db3bdcfe69d5597e07b2e781
+PM given E,E_P|log1p|uniform|permissive|none,E_NO2|log1p|uniform|permissive|none,block30,daily,all_expected_targets,nonindustrial,MAE,ng m-3,a_minus_b,-0.06318967899258032,-0.13230901779800433,-0.019348631479788617,4852,20,25,station_x_block,20260921,2000,5d1137882eec8537744050437f9ce1b569790644db3bdcfe69d5597e07b2e781
+PM given E,E_P|log1p|uniform|permissive|none,E_NO2|log1p|uniform|permissive|none,block30,daily,all_expected_targets,nonindustrial,bias,ng m-3,a_minus_b,0.034115235698309966,-0.008294460291174092,0.08398915636823395,4852,20,25,station_x_block,20260921,2000,5d1137882eec8537744050437f9ce1b569790644db3bdcfe69d5597e07b2e781
+PM given E,E_P|log1p|uniform|permissive|none,E_NO2|log1p|uniform|permissive|none,block30,daily,all_expected_targets,nonindustrial_higher,RMSE,ng m-3,a_minus_b,-0.2606028699253189,-0.4667276829481041,-0.08158365385025036,2394,10,25,station_x_block,20260921,2000,62f59d22b59dd9d7e2e072c7b3fe63144e2f3e8824a30706c4074510f362197d
+PM given E,E_P|log1p|uniform|permissive|none,E_NO2|log1p|uniform|permissive|none,block30,daily,all_expected_targets,nonindustrial_higher,MAE,ng m-3,a_minus_b,-0.11459924122765236,-0.21561175527791582,-0.03555219901857105,2394,10,25,station_x_block,20260921,2000,62f59d22b59dd9d7e2e072c7b3fe63144e2f3e8824a30706c4074510f362197d
+PM given E,E_P|log1p|uniform|permissive|none,E_NO2|log1p|uniform|permissive|none,block30,daily,all_expected_targets,nonindustrial_higher,bias,ng m-3,a_minus_b,0.05302054369966582,-0.023673168586468677,0.13408073107995927,2394,10,25,station_x_block,20260921,2000,62f59d22b59dd9d7e2e072c7b3fe63144e2f3e8824a30706c4074510f362197d
+PM given E,E_P|log1p|uniform|permissive|none,E_NO2|log1p|uniform|permissive|none,block30,daily,all_expected_targets,nonindustrial_lower,RMSE,ng m-3,a_minus_b,-0.03305287490034381,-0.07431798202898512,0.013687048494686013,2458,10,25,station_x_block,20260921,2000,b29a851546d291a0d2f7dfae9c12846445d0e09a394514e7c02a871b374d99af
+PM given E,E_P|log1p|uniform|permissive|none,E_NO2|log1p|uniform|permissive|none,block30,daily,all_expected_targets,nonindustrial_lower,MAE,ng m-3,a_minus_b,-0.01311868957404394,-0.03276418263885519,0.0037493952021050514,2458,10,25,station_x_block,20260921,2000,b29a851546d291a0d2f7dfae9c12846445d0e09a394514e7c02a871b374d99af
+PM given E,E_P|log1p|uniform|permissive|none,E_NO2|log1p|uniform|permissive|none,block30,daily,all_expected_targets,nonindustrial_lower,bias,ng m-3,a_minus_b,0.01570217330805533,-0.0080040994610455,0.04149487393932393,2458,10,25,station_x_block,20260921,2000,b29a851546d291a0d2f7dfae9c12846445d0e09a394514e7c02a871b374d99af
+PM given E,E_P|log1p|uniform|permissive|none,E_NO2|log1p|uniform|permissive|none,block30,station_year_mean,all_sampled_dates,all_network,RMSE,ng m-3,a_minus_b,-0.056508219491922196,-0.09032310905299773,-0.02252918886077697,42,21,1,station,20260921,2000,a4b83f112a2a39d7bb39c1c70c56f5678dc7ac9449f27af54e02cbafaafd9a52
+PM given E,E_P|log1p|uniform|permissive|none,E_NO2|log1p|uniform|permissive|none,block30,station_year_mean,all_sampled_dates,all_network,MAE,ng m-3,a_minus_b,-0.04202375960637153,-0.0651545455531789,-0.020928538589397767,42,21,1,station,20260921,2000,a4b83f112a2a39d7bb39c1c70c56f5678dc7ac9449f27af54e02cbafaafd9a52
+PM given E,E_P|log1p|uniform|permissive|none,E_NO2|log1p|uniform|permissive|none,block30,station_year_mean,all_sampled_dates,all_network,bias,ng m-3,a_minus_b,0.040793042132389545,0.019123157809690053,0.0639987012939754,42,21,1,station,20260921,2000,a4b83f112a2a39d7bb39c1c70c56f5678dc7ac9449f27af54e02cbafaafd9a52
+PM given E,E_P|log1p|uniform|permissive|none,E_NO2|log1p|uniform|permissive|none,block30,station_year_mean,all_sampled_dates,nonindustrial,RMSE,ng m-3,a_minus_b,-0.03349403064385463,-0.04800342948231174,-0.018776019729252993,40,20,1,station,20260921,2000,75f77a11b57c142012fafa94a0442f20d6ba5eff6db77fdddfbfa204481e78df
+PM given E,E_P|log1p|uniform|permissive|none,E_NO2|log1p|uniform|permissive|none,block30,station_year_mean,all_sampled_dates,nonindustrial,MAE,ng m-3,a_minus_b,-0.03311842903607404,-0.04918298595622578,-0.01684014818111996,40,20,1,station,20260921,2000,75f77a11b57c142012fafa94a0442f20d6ba5eff6db77fdddfbfa204481e78df
+PM given E,E_P|log1p|uniform|permissive|none,E_NO2|log1p|uniform|permissive|none,block30,station_year_mean,all_sampled_dates,nonindustrial,bias,ng m-3,a_minus_b,0.03182617568839298,0.014913992133814963,0.04882832950672391,40,20,1,station,20260921,2000,75f77a11b57c142012fafa94a0442f20d6ba5eff6db77fdddfbfa204481e78df
+PM given E,E_P|log1p|uniform|permissive|none,E_NO2|log1p|uniform|permissive|none,block30,station_year_mean,all_sampled_dates,nonindustrial_higher,RMSE,ng m-3,a_minus_b,-0.04733104793036291,-0.066580677405778,-0.027360498933086327,20,10,1,station,20260921,2000,54d313e95dc309aa2e8ef845fd41708208c653e62ac636636faccd8f7f1e8a69
+PM given E,E_P|log1p|uniform|permissive|none,E_NO2|log1p|uniform|permissive|none,block30,station_year_mean,all_sampled_dates,nonindustrial_higher,MAE,ng m-3,a_minus_b,-0.052643838448947544,-0.07433717384375668,-0.0288704490789094,20,10,1,station,20260921,2000,54d313e95dc309aa2e8ef845fd41708208c653e62ac636636faccd8f7f1e8a69
+PM given E,E_P|log1p|uniform|permissive|none,E_NO2|log1p|uniform|permissive|none,block30,station_year_mean,all_sampled_dates,nonindustrial_higher,bias,ng m-3,a_minus_b,0.04963850401225266,0.020919967341503323,0.07626565567900784,20,10,1,station,20260921,2000,54d313e95dc309aa2e8ef845fd41708208c653e62ac636636faccd8f7f1e8a69
+PM given E,E_P|log1p|uniform|permissive|none,E_NO2|log1p|uniform|permissive|none,block30,station_year_mean,all_sampled_dates,nonindustrial_lower,RMSE,ng m-3,a_minus_b,-0.013274628990446333,-0.024289833977224604,0.0002310359126354333,20,10,1,station,20260921,2000,670d7f6c2b4a419dd7125e6759a5a484d1cc22269df900a9e6b8100ba467cbdc
+PM given E,E_P|log1p|uniform|permissive|none,E_NO2|log1p|uniform|permissive|none,block30,station_year_mean,all_sampled_dates,nonindustrial_lower,MAE,ng m-3,a_minus_b,-0.013593019623200565,-0.027077923120979387,0.0002216149881832799,20,10,1,station,20260921,2000,670d7f6c2b4a419dd7125e6759a5a484d1cc22269df900a9e6b8100ba467cbdc
+PM given E,E_P|log1p|uniform|permissive|none,E_NO2|log1p|uniform|permissive|none,block30,station_year_mean,all_sampled_dates,nonindustrial_lower,bias,ng m-3,a_minus_b,0.014013847364533314,0.005042927438153122,0.023202614068759578,20,10,1,station,20260921,2000,670d7f6c2b4a419dd7125e6759a5a484d1cc22269df900a9e6b8100ba467cbdc
+PM given E,E_P|log1p|uniform|permissive|none,E_NO2|log1p|uniform|permissive|none,loso,daily,all_expected_targets,all_network,RMSE,ng m-3,a_minus_b,-0.07244705278353925,-0.37165775101652804,0.04613432031191499,5089,21,1,station,20260921,2000,49422f1082065a9d47ebdfaf52caf564b1c3e1dad3fba927ae8da3a978f385a0
+PM given E,E_P|log1p|uniform|permissive|none,E_NO2|log1p|uniform|permissive|none,loso,daily,all_expected_targets,all_network,MAE,ng m-3,a_minus_b,-0.0756709529844879,-0.15014130532449627,-0.014517418096005414,5089,21,1,station,20260921,2000,49422f1082065a9d47ebdfaf52caf564b1c3e1dad3fba927ae8da3a978f385a0
+PM given E,E_P|log1p|uniform|permissive|none,E_NO2|log1p|uniform|permissive|none,loso,daily,all_expected_targets,all_network,bias,ng m-3,a_minus_b,0.022696410651220217,-0.06111313095979794,0.11274280155918795,5089,21,1,station,20260921,2000,49422f1082065a9d47ebdfaf52caf564b1c3e1dad3fba927ae8da3a978f385a0
+PM given E,E_P|log1p|uniform|permissive|none,E_NO2|log1p|uniform|permissive|none,loso,daily,all_expected_targets,nonindustrial,RMSE,ng m-3,a_minus_b,-0.26261451494213817,-0.41170840347306004,-0.12206670154025631,4852,20,1,station,20260921,2000,5d1137882eec8537744050437f9ce1b569790644db3bdcfe69d5597e07b2e781
+PM given E,E_P|log1p|uniform|permissive|none,E_NO2|log1p|uniform|permissive|none,loso,daily,all_expected_targets,nonindustrial,MAE,ng m-3,a_minus_b,-0.09056742869886025,-0.15843830399833048,-0.03185156174885701,4852,20,1,station,20260921,2000,5d1137882eec8537744050437f9ce1b569790644db3bdcfe69d5597e07b2e781
+PM given E,E_P|log1p|uniform|permissive|none,E_NO2|log1p|uniform|permissive|none,loso,daily,all_expected_targets,nonindustrial,bias,ng m-3,a_minus_b,0.04911146163909109,-0.027295965470166522,0.1296807503214668,4852,20,1,station,20260921,2000,5d1137882eec8537744050437f9ce1b569790644db3bdcfe69d5597e07b2e781
+PM given E,E_P|log1p|uniform|permissive|none,E_NO2|log1p|uniform|permissive|none,loso,daily,all_expected_targets,nonindustrial_higher,RMSE,ng m-3,a_minus_b,-0.40315998821713794,-0.5949221269245145,-0.21459968325586742,2394,10,1,station,20260921,2000,62f59d22b59dd9d7e2e072c7b3fe63144e2f3e8824a30706c4074510f362197d
+PM given E,E_P|log1p|uniform|permissive|none,E_NO2|log1p|uniform|permissive|none,loso,daily,all_expected_targets,nonindustrial_higher,MAE,ng m-3,a_minus_b,-0.18091117828383463,-0.28036121921606866,-0.09160232107709242,2394,10,1,station,20260921,2000,62f59d22b59dd9d7e2e072c7b3fe63144e2f3e8824a30706c4074510f362197d
+PM given E,E_P|log1p|uniform|permissive|none,E_NO2|log1p|uniform|permissive|none,loso,daily,all_expected_targets,nonindustrial_higher,bias,ng m-3,a_minus_b,0.08758011164139512,-0.05367056142668974,0.2416957905635757,2394,10,1,station,20260921,2000,62f59d22b59dd9d7e2e072c7b3fe63144e2f3e8824a30706c4074510f362197d
+PM given E,E_P|log1p|uniform|permissive|none,E_NO2|log1p|uniform|permissive|none,loso,daily,all_expected_targets,nonindustrial_lower,RMSE,ng m-3,a_minus_b,-0.02513484005629274,-0.08717636944979294,0.04329609817507026,2458,10,1,station,20260921,2000,b29a851546d291a0d2f7dfae9c12846445d0e09a394514e7c02a871b374d99af
+PM given E,E_P|log1p|uniform|permissive|none,E_NO2|log1p|uniform|permissive|none,loso,daily,all_expected_targets,nonindustrial_lower,MAE,ng m-3,a_minus_b,-0.002575998061582596,-0.04627160332425119,0.03478355106605803,2458,10,1,station,20260921,2000,b29a851546d291a0d2f7dfae9c12846445d0e09a394514e7c02a871b374d99af
+PM given E,E_P|log1p|uniform|permissive|none,E_NO2|log1p|uniform|permissive|none,loso,daily,all_expected_targets,nonindustrial_lower,bias,ng m-3,a_minus_b,0.01164443637240442,-0.037490310101609754,0.05415820234527011,2458,10,1,station,20260921,2000,b29a851546d291a0d2f7dfae9c12846445d0e09a394514e7c02a871b374d99af
+PM given E,E_P|log1p|uniform|permissive|none,E_NO2|log1p|uniform|permissive|none,loso,station_year_mean,all_sampled_dates,all_network,RMSE,ng m-3,a_minus_b,0.0700531133794089,-0.19507837339152106,0.1789854910144594,42,21,1,station,20260921,2000,a4b83f112a2a39d7bb39c1c70c56f5678dc7ac9449f27af54e02cbafaafd9a52
+PM given E,E_P|log1p|uniform|permissive|none,E_NO2|log1p|uniform|permissive|none,loso,station_year_mean,all_sampled_dates,all_network,MAE,ng m-3,a_minus_b,-0.034955545933185284,-0.12600735169207983,0.047911334045235905,42,21,1,station,20260921,2000,a4b83f112a2a39d7bb39c1c70c56f5678dc7ac9449f27af54e02cbafaafd9a52
+PM given E,E_P|log1p|uniform|permissive|none,E_NO2|log1p|uniform|permissive|none,loso,station_year_mean,all_sampled_dates,all_network,bias,ng m-3,a_minus_b,0.022772500566316578,-0.05957474055273815,0.11233426485133664,42,21,1,station,20260921,2000,a4b83f112a2a39d7bb39c1c70c56f5678dc7ac9449f27af54e02cbafaafd9a52
+PM given E,E_P|log1p|uniform|permissive|none,E_NO2|log1p|uniform|permissive|none,loso,station_year_mean,all_sampled_dates,nonindustrial,RMSE,ng m-3,a_minus_b,-0.12227581869576604,-0.2260931153123026,-0.029839425530152095,40,20,1,station,20260921,2000,75f77a11b57c142012fafa94a0442f20d6ba5eff6db77fdddfbfa204481e78df
+PM given E,E_P|log1p|uniform|permissive|none,E_NO2|log1p|uniform|permissive|none,loso,station_year_mean,all_sampled_dates,nonindustrial,MAE,ng m-3,a_minus_b,-0.0626067812696024,-0.14664365015465047,0.006746292530533979,40,20,1,station,20260921,2000,75f77a11b57c142012fafa94a0442f20d6ba5eff6db77fdddfbfa204481e78df
+PM given E,E_P|log1p|uniform|permissive|none,E_NO2|log1p|uniform|permissive|none,loso,station_year_mean,all_sampled_dates,nonindustrial,bias,ng m-3,a_minus_b,0.04981458363439038,-0.023458900831249272,0.1313437436813378,40,20,1,station,20260921,2000,75f77a11b57c142012fafa94a0442f20d6ba5eff6db77fdddfbfa204481e78df
+PM given E,E_P|log1p|uniform|permissive|none,E_NO2|log1p|uniform|permissive|none,loso,station_year_mean,all_sampled_dates,nonindustrial_higher,RMSE,ng m-3,a_minus_b,-0.2020890226290596,-0.34297179017809754,-0.06634305985829671,20,10,1,station,20260921,2000,54d313e95dc309aa2e8ef845fd41708208c653e62ac636636faccd8f7f1e8a69
+PM given E,E_P|log1p|uniform|permissive|none,E_NO2|log1p|uniform|permissive|none,loso,station_year_mean,all_sampled_dates,nonindustrial_higher,MAE,ng m-3,a_minus_b,-0.14584347858481295,-0.27275979594094396,-0.02464051059512555,20,10,1,station,20260921,2000,54d313e95dc309aa2e8ef845fd41708208c653e62ac636636faccd8f7f1e8a69
+PM given E,E_P|log1p|uniform|permissive|none,E_NO2|log1p|uniform|permissive|none,loso,station_year_mean,all_sampled_dates,nonindustrial_higher,bias,ng m-3,a_minus_b,0.09028892240029404,-0.045342350797843545,0.23855290638181345,20,10,1,station,20260921,2000,54d313e95dc309aa2e8ef845fd41708208c653e62ac636636faccd8f7f1e8a69
+PM given E,E_P|log1p|uniform|permissive|none,E_NO2|log1p|uniform|permissive|none,loso,station_year_mean,all_sampled_dates,nonindustrial_lower,RMSE,ng m-3,a_minus_b,-0.012687328913982387,-0.07033354884575789,0.05501514123895821,20,10,1,station,20260921,2000,670d7f6c2b4a419dd7125e6759a5a484d1cc22269df900a9e6b8100ba467cbdc
+PM given E,E_P|log1p|uniform|permissive|none,E_NO2|log1p|uniform|permissive|none,loso,station_year_mean,all_sampled_dates,nonindustrial_lower,MAE,ng m-3,a_minus_b,0.02062991604560821,-0.024558994331770837,0.05699837130919388,20,10,1,station,20260921,2000,670d7f6c2b4a419dd7125e6759a5a484d1cc22269df900a9e6b8100ba467cbdc
+PM given E,E_P|log1p|uniform|permissive|none,E_NO2|log1p|uniform|permissive|none,loso,station_year_mean,all_sampled_dates,nonindustrial_lower,bias,ng m-3,a_minus_b,0.009340244868486752,-0.03815000381851538,0.05074453212821402,20,10,1,station,20260921,2000,670d7f6c2b4a419dd7125e6759a5a484d1cc22269df900a9e6b8100ba467cbdc
Weights,E_P|log1p|inverse_1_over_bap_plus_0_5|permissive|none,E_P|log1p|uniform|permissive|none,block30,daily,all_expected_targets,all_network,RMSE,ng m-3,a_minus_b,0.10402615025309303,-0.03308313216437001,0.22319402618957757,5089,21,25,station_x_block,20260921,2000,49422f1082065a9d47ebdfaf52caf564b1c3e1dad3fba927ae8da3a978f385a0
Weights,E_P|log1p|inverse_1_over_bap_plus_0_5|permissive|none,E_P|log1p|uniform|permissive|none,block30,daily,all_expected_targets,all_network,MAE,ng m-3,a_minus_b,0.006015762744566722,-0.01659428373314545,0.0363397830125985,5089,21,25,station_x_block,20260921,2000,49422f1082065a9d47ebdfaf52caf564b1c3e1dad3fba927ae8da3a978f385a0
Weights,E_P|log1p|inverse_1_over_bap_plus_0_5|permissive|none,E_P|log1p|uniform|permissive|none,block30,daily,all_expected_targets,all_network,bias,ng m-3,a_minus_b,-0.09318287534668891,-0.2178406373459027,-0.01940491076046506,5089,21,25,station_x_block,20260921,2000,49422f1082065a9d47ebdfaf52caf564b1c3e1dad3fba927ae8da3a978f385a0
Weights,E_P|log1p|inverse_1_over_bap_plus_0_5|permissive|none,E_P|log1p|uniform|permissive|none,block30,daily,all_expected_targets,nonindustrial,RMSE,ng m-3,a_minus_b,0.004690019901033682,-0.04604105051236228,0.06864449249056179,4852,20,25,station_x_block,20260921,2000,5d1137882eec8537744050437f9ce1b569790644db3bdcfe69d5597e07b2e781
Weights,E_P|log1p|inverse_1_over_bap_plus_0_5|permissive|none,E_P|log1p|uniform|permissive|none,block30,daily,all_expected_targets,nonindustrial,MAE,ng m-3,a_minus_b,-0.004493054256574647,-0.020944737460825924,0.015260576717581523,4852,20,25,station_x_block,20260921,2000,5d1137882eec8537744050437f9ce1b569790644db3bdcfe69d5597e07b2e781
Weights,E_P|log1p|inverse_1_over_bap_plus_0_5|permissive|none,E_P|log1p|uniform|permissive|none,block30,daily,all_expected_targets,nonindustrial,bias,ng m-3,a_minus_b,-0.04104055364371393,-0.0762575426822817,-0.011015851462886573,4852,20,25,station_x_block,20260921,2000,5d1137882eec8537744050437f9ce1b569790644db3bdcfe69d5597e07b2e781
Weights,E_P|log1p|inverse_1_over_bap_plus_0_5|permissive|none,E_P|log1p|uniform|permissive|none,block30,daily,all_expected_targets,nonindustrial_higher,RMSE,ng m-3,a_minus_b,0.00967368418385206,-0.06768793976551231,0.10616772589753432,2394,10,25,station_x_block,20260921,2000,62f59d22b59dd9d7e2e072c7b3fe63144e2f3e8824a30706c4074510f362197d
Weights,E_P|log1p|inverse_1_over_bap_plus_0_5|permissive|none,E_P|log1p|uniform|permissive|none,block30,daily,all_expected_targets,nonindustrial_higher,MAE,ng m-3,a_minus_b,-0.00205365670718477,-0.03308257254437527,0.03475229511244914,2394,10,25,station_x_block,20260921,2000,62f59d22b59dd9d7e2e072c7b3fe63144e2f3e8824a30706c4074510f362197d
Weights,E_P|log1p|inverse_1_over_bap_plus_0_5|permissive|none,E_P|log1p|uniform|permissive|none,block30,daily,all_expected_targets,nonindustrial_higher,bias,ng m-3,a_minus_b,-0.057665114664578125,-0.11830634592047723,0.004926409590679689,2394,10,25,station_x_block,20260921,2000,62f59d22b59dd9d7e2e072c7b3fe63144e2f3e8824a30706c4074510f362197d
Weights,E_P|log1p|inverse_1_over_bap_plus_0_5|permissive|none,E_P|log1p|uniform|permissive|none,block30,daily,all_expected_targets,nonindustrial_lower,RMSE,ng m-3,a_minus_b,-0.00610844646778147,-0.03315548578359024,0.018175772463714247,2458,10,25,station_x_block,20260921,2000,b29a851546d291a0d2f7dfae9c12846445d0e09a394514e7c02a871b374d99af
Weights,E_P|log1p|inverse_1_over_bap_plus_0_5|permissive|none,E_P|log1p|uniform|permissive|none,block30,daily,all_expected_targets,nonindustrial_lower,MAE,ng m-3,a_minus_b,-0.006868936165947942,-0.018394662172065836,0.0018230464461669305,2458,10,25,station_x_block,20260921,2000,b29a851546d291a0d2f7dfae9c12846445d0e09a394514e7c02a871b374d99af
Weights,E_P|log1p|inverse_1_over_bap_plus_0_5|permissive|none,E_P|log1p|uniform|permissive|none,block30,daily,all_expected_targets,nonindustrial_lower,bias,ng m-3,a_minus_b,-0.024848853446826687,-0.04450499992356137,-0.008317887844791998,2458,10,25,station_x_block,20260921,2000,b29a851546d291a0d2f7dfae9c12846445d0e09a394514e7c02a871b374d99af
Weights,E_P|log1p|inverse_1_over_bap_plus_0_5|permissive|none,E_P|log1p|uniform|permissive|none,block30,station_year_mean,all_sampled_dates,all_network,RMSE,ng m-3,a_minus_b,0.2542695887022219,0.01540083215876983,0.44049202980316693,42,21,1,station,20260921,2000,a4b83f112a2a39d7bb39c1c70c56f5678dc7ac9449f27af54e02cbafaafd9a52
Weights,E_P|log1p|inverse_1_over_bap_plus_0_5|permissive|none,E_P|log1p|uniform|permissive|none,block30,station_year_mean,all_sampled_dates,all_network,MAE,ng m-3,a_minus_b,0.07882780008796703,0.010910764907642572,0.19241871821417716,42,21,1,station,20260921,2000,a4b83f112a2a39d7bb39c1c70c56f5678dc7ac9449f27af54e02cbafaafd9a52
Weights,E_P|log1p|inverse_1_over_bap_plus_0_5|permissive|none,E_P|log1p|uniform|permissive|none,block30,station_year_mean,all_sampled_dates,all_network,bias,ng m-3,a_minus_b,-0.0947402726800794,-0.2065478465321961,-0.030947996069629478,42,21,1,station,20260921,2000,a4b83f112a2a39d7bb39c1c70c56f5678dc7ac9449f27af54e02cbafaafd9a52
Weights,E_P|log1p|inverse_1_over_bap_plus_0_5|permissive|none,E_P|log1p|uniform|permissive|none,block30,station_year_mean,all_sampled_dates,nonindustrial,RMSE,ng m-3,a_minus_b,0.02859020338113072,0.010638222485454308,0.04606643877773417,40,20,1,station,20260921,2000,75f77a11b57c142012fafa94a0442f20d6ba5eff6db77fdddfbfa204481e78df
Weights,E_P|log1p|inverse_1_over_bap_plus_0_5|permissive|none,E_P|log1p|uniform|permissive|none,block30,station_year_mean,all_sampled_dates,nonindustrial,MAE,ng m-3,a_minus_b,0.024710085755607777,0.006232373610290578,0.04564255933747759,40,20,1,station,20260921,2000,75f77a11b57c142012fafa94a0442f20d6ba5eff6db77fdddfbfa204481e78df
Weights,E_P|log1p|inverse_1_over_bap_plus_0_5|permissive|none,E_P|log1p|uniform|permissive|none,block30,station_year_mean,all_sampled_dates,nonindustrial,bias,ng m-3,a_minus_b,-0.041418181977325816,-0.05748779035348851,-0.02745143391655938,40,20,1,station,20260921,2000,75f77a11b57c142012fafa94a0442f20d6ba5eff6db77fdddfbfa204481e78df
Weights,E_P|log1p|inverse_1_over_bap_plus_0_5|permissive|none,E_P|log1p|uniform|permissive|none,block30,station_year_mean,all_sampled_dates,nonindustrial_higher,RMSE,ng m-3,a_minus_b,0.044052660521476106,0.020121276216593514,0.06706279231145941,20,10,1,station,20260921,2000,54d313e95dc309aa2e8ef845fd41708208c653e62ac636636faccd8f7f1e8a69
Weights,E_P|log1p|inverse_1_over_bap_plus_0_5|permissive|none,E_P|log1p|uniform|permissive|none,block30,station_year_mean,all_sampled_dates,nonindustrial_higher,MAE,ng m-3,a_minus_b,0.04527448716018613,0.013551580147144299,0.07641664601142832,20,10,1,station,20260921,2000,54d313e95dc309aa2e8ef845fd41708208c653e62ac636636faccd8f7f1e8a69
Weights,E_P|log1p|inverse_1_over_bap_plus_0_5|permissive|none,E_P|log1p|uniform|permissive|none,block30,station_year_mean,all_sampled_dates,nonindustrial_higher,bias,ng m-3,a_minus_b,-0.057905235172062905,-0.08272594885556701,-0.03621004415493673,20,10,1,station,20260921,2000,54d313e95dc309aa2e8ef845fd41708208c653e62ac636636faccd8f7f1e8a69
Weights,E_P|log1p|inverse_1_over_bap_plus_0_5|permissive|none,E_P|log1p|uniform|permissive|none,block30,station_year_mean,all_sampled_dates,nonindustrial_lower,RMSE,ng m-3,a_minus_b,0.004476382864782642,-0.006561761786120598,0.01553308593979059,20,10,1,station,20260921,2000,670d7f6c2b4a419dd7125e6759a5a484d1cc22269df900a9e6b8100ba467cbdc
Weights,E_P|log1p|inverse_1_over_bap_plus_0_5|permissive|none,E_P|log1p|uniform|permissive|none,block30,station_year_mean,all_sampled_dates,nonindustrial_lower,MAE,ng m-3,a_minus_b,0.004145684351029452,-0.007244195747852056,0.015809979133916255,20,10,1,station,20260921,2000,670d7f6c2b4a419dd7125e6759a5a484d1cc22269df900a9e6b8100ba467cbdc
Weights,E_P|log1p|inverse_1_over_bap_plus_0_5|permissive|none,E_P|log1p|uniform|permissive|none,block30,station_year_mean,all_sampled_dates,nonindustrial_lower,bias,ng m-3,a_minus_b,-0.02493112878258873,-0.03624693000285278,-0.014692881923301855,20,10,1,station,20260921,2000,670d7f6c2b4a419dd7125e6759a5a484d1cc22269df900a9e6b8100ba467cbdc
Weights,E_P|log1p|inverse_1_over_bap_plus_0_5|permissive|none,E_P|log1p|uniform|permissive|none,loso,daily,all_expected_targets,all_network,RMSE,ng m-3,a_minus_b,0.02818561175657286,-0.02800133550461009,0.1191471274892025,5089,21,1,station,20260921,2000,49422f1082065a9d47ebdfaf52caf564b1c3e1dad3fba927ae8da3a978f385a0
Weights,E_P|log1p|inverse_1_over_bap_plus_0_5|permissive|none,E_P|log1p|uniform|permissive|none,loso,daily,all_expected_targets,all_network,MAE,ng m-3,a_minus_b,0.007999379908046667,-0.0300291169733982,0.04675606023232572,5089,21,1,station,20260921,2000,49422f1082065a9d47ebdfaf52caf564b1c3e1dad3fba927ae8da3a978f385a0
Weights,E_P|log1p|inverse_1_over_bap_plus_0_5|permissive|none,E_P|log1p|uniform|permissive|none,loso,daily,all_expected_targets,all_network,bias,ng m-3,a_minus_b,-0.06162092970250535,-0.12152463216239946,-0.005936913275361138,5089,21,1,station,20260921,2000,49422f1082065a9d47ebdfaf52caf564b1c3e1dad3fba927ae8da3a978f385a0
Weights,E_P|log1p|inverse_1_over_bap_plus_0_5|permissive|none,E_P|log1p|uniform|permissive|none,loso,daily,all_expected_targets,nonindustrial,RMSE,ng m-3,a_minus_b,0.03965968227689842,-0.04179253997907906,0.15339710531958414,4852,20,1,station,20260921,2000,5d1137882eec8537744050437f9ce1b569790644db3bdcfe69d5597e07b2e781
Weights,E_P|log1p|inverse_1_over_bap_plus_0_5|permissive|none,E_P|log1p|uniform|permissive|none,loso,daily,all_expected_targets,nonindustrial,MAE,ng m-3,a_minus_b,0.005814962787893674,-0.030059205503533762,0.04876306801809964,4852,20,1,station,20260921,2000,5d1137882eec8537744050437f9ce1b569790644db3bdcfe69d5597e07b2e781
Weights,E_P|log1p|inverse_1_over_bap_plus_0_5|permissive|none,E_P|log1p|uniform|permissive|none,loso,daily,all_expected_targets,nonindustrial,bias,ng m-3,a_minus_b,-0.061787584763161575,-0.12549409525826702,-0.006941178609600014,4852,20,1,station,20260921,2000,5d1137882eec8537744050437f9ce1b569790644db3bdcfe69d5597e07b2e781
Weights,E_P|log1p|inverse_1_over_bap_plus_0_5|permissive|none,E_P|log1p|uniform|permissive|none,loso,daily,all_expected_targets,nonindustrial_higher,RMSE,ng m-3,a_minus_b,0.08721605124869503,-0.023140844395530036,0.25700403733733634,2394,10,1,station,20260921,2000,62f59d22b59dd9d7e2e072c7b3fe63144e2f3e8824a30706c4074510f362197d
Weights,E_P|log1p|inverse_1_over_bap_plus_0_5|permissive|none,E_P|log1p|uniform|permissive|none,loso,daily,all_expected_targets,nonindustrial_higher,MAE,ng m-3,a_minus_b,0.038518819129908066,-0.0035300194603500074,0.10893452885117647,2394,10,1,station,20260921,2000,62f59d22b59dd9d7e2e072c7b3fe63144e2f3e8824a30706c4074510f362197d
Weights,E_P|log1p|inverse_1_over_bap_plus_0_5|permissive|none,E_P|log1p|uniform|permissive|none,loso,daily,all_expected_targets,nonindustrial_higher,bias,ng m-3,a_minus_b,-0.1047946189603175,-0.21775761705994612,-0.0023147048609423815,2394,10,1,station,20260921,2000,62f59d22b59dd9d7e2e072c7b3fe63144e2f3e8824a30706c4074510f362197d
Weights,E_P|log1p|inverse_1_over_bap_plus_0_5|permissive|none,E_P|log1p|uniform|permissive|none,loso,daily,all_expected_targets,nonindustrial_lower,RMSE,ng m-3,a_minus_b,-0.04499237085827079,-0.1323669232145803,0.020635097475166137,2458,10,1,station,20260921,2000,b29a851546d291a0d2f7dfae9c12846445d0e09a394514e7c02a871b374d99af
Weights,E_P|log1p|inverse_1_over_bap_plus_0_5|permissive|none,E_P|log1p|uniform|permissive|none,loso,daily,all_expected_targets,nonindustrial_lower,MAE,ng m-3,a_minus_b,-0.026037369223002427,-0.07969191655121548,0.0061824983658033674,2458,10,1,station,20260921,2000,b29a851546d291a0d2f7dfae9c12846445d0e09a394514e7c02a871b374d99af
Weights,E_P|log1p|inverse_1_over_bap_plus_0_5|permissive|none,E_P|log1p|uniform|permissive|none,loso,daily,all_expected_targets,nonindustrial_lower,bias,ng m-3,a_minus_b,-0.019900343156981304,-0.07315780090734657,0.023809562219152276,2458,10,1,station,20260921,2000,b29a851546d291a0d2f7dfae9c12846445d0e09a394514e7c02a871b374d99af
Weights,E_P|log1p|inverse_1_over_bap_plus_0_5|permissive|none,E_P|log1p|uniform|permissive|none,loso,station_year_mean,all_sampled_dates,all_network,RMSE,ng m-3,a_minus_b,0.025788557060642647,-0.011636203659224827,0.12131653257005416,42,21,1,station,20260921,2000,a4b83f112a2a39d7bb39c1c70c56f5678dc7ac9449f27af54e02cbafaafd9a52
Weights,E_P|log1p|inverse_1_over_bap_plus_0_5|permissive|none,E_P|log1p|uniform|permissive|none,loso,station_year_mean,all_sampled_dates,all_network,MAE,ng m-3,a_minus_b,0.027913807243358457,-0.034081472025132745,0.09845335466758397,42,21,1,station,20260921,2000,a4b83f112a2a39d7bb39c1c70c56f5678dc7ac9449f27af54e02cbafaafd9a52
Weights,E_P|log1p|inverse_1_over_bap_plus_0_5|permissive|none,E_P|log1p|uniform|permissive|none,loso,station_year_mean,all_sampled_dates,all_network,bias,ng m-3,a_minus_b,-0.06595254346471152,-0.1358060454765405,-0.0043173254352900795,42,21,1,station,20260921,2000,a4b83f112a2a39d7bb39c1c70c56f5678dc7ac9449f27af54e02cbafaafd9a52
Weights,E_P|log1p|inverse_1_over_bap_plus_0_5|permissive|none,E_P|log1p|uniform|permissive|none,loso,station_year_mean,all_sampled_dates,nonindustrial,RMSE,ng m-3,a_minus_b,0.0518079732551634,-0.031878743912071635,0.1523001268218154,40,20,1,station,20260921,2000,75f77a11b57c142012fafa94a0442f20d6ba5eff6db77fdddfbfa204481e78df
Weights,E_P|log1p|inverse_1_over_bap_plus_0_5|permissive|none,E_P|log1p|uniform|permissive|none,loso,station_year_mean,all_sampled_dates,nonindustrial,MAE,ng m-3,a_minus_b,0.026399313287909842,-0.03601780615040355,0.10508628807647762,40,20,1,station,20260921,2000,75f77a11b57c142012fafa94a0442f20d6ba5eff6db77fdddfbfa204481e78df
Weights,E_P|log1p|inverse_1_over_bap_plus_0_5|permissive|none,E_P|log1p|uniform|permissive|none,loso,station_year_mean,all_sampled_dates,nonindustrial,bias,ng m-3,a_minus_b,-0.06633998632033078,-0.140458263813193,-0.0038111126963675805,40,20,1,station,20260921,2000,75f77a11b57c142012fafa94a0442f20d6ba5eff6db77fdddfbfa204481e78df
Weights,E_P|log1p|inverse_1_over_bap_plus_0_5|permissive|none,E_P|log1p|uniform|permissive|none,loso,station_year_mean,all_sampled_dates,nonindustrial_higher,RMSE,ng m-3,a_minus_b,0.11540924373959549,-0.0010723426360805166,0.25185562498154934,20,10,1,station,20260921,2000,54d313e95dc309aa2e8ef845fd41708208c653e62ac636636faccd8f7f1e8a69
Weights,E_P|log1p|inverse_1_over_bap_plus_0_5|permissive|none,E_P|log1p|uniform|permissive|none,loso,station_year_mean,all_sampled_dates,nonindustrial_higher,MAE,ng m-3,a_minus_b,0.07754783397767512,-0.03106222290444102,0.2159591550209695,20,10,1,station,20260921,2000,54d313e95dc309aa2e8ef845fd41708208c653e62ac636636faccd8f7f1e8a69
Weights,E_P|log1p|inverse_1_over_bap_plus_0_5|permissive|none,E_P|log1p|uniform|permissive|none,loso,station_year_mean,all_sampled_dates,nonindustrial_higher,bias,ng m-3,a_minus_b,-0.11191290034184667,-0.24484554681090492,0.001728428113895698,20,10,1,station,20260921,2000,54d313e95dc309aa2e8ef845fd41708208c653e62ac636636faccd8f7f1e8a69
Weights,E_P|log1p|inverse_1_over_bap_plus_0_5|permissive|none,E_P|log1p|uniform|permissive|none,loso,station_year_mean,all_sampled_dates,nonindustrial_lower,RMSE,ng m-3,a_minus_b,-0.03648661971637587,-0.1299939974574872,0.012233300011380191,20,10,1,station,20260921,2000,670d7f6c2b4a419dd7125e6759a5a484d1cc22269df900a9e6b8100ba467cbdc
Weights,E_P|log1p|inverse_1_over_bap_plus_0_5|permissive|none,E_P|log1p|uniform|permissive|none,loso,station_year_mean,all_sampled_dates,nonindustrial_lower,MAE,ng m-3,a_minus_b,-0.02474920740185535,-0.08414712589998194,0.01698968691088729,20,10,1,station,20260921,2000,670d7f6c2b4a419dd7125e6759a5a484d1cc22269df900a9e6b8100ba467cbdc
Weights,E_P|log1p|inverse_1_over_bap_plus_0_5|permissive|none,E_P|log1p|uniform|permissive|none,loso,station_year_mean,all_sampled_dates,nonindustrial_lower,bias,ng m-3,a_minus_b,-0.02076707229881497,-0.07956727836859497,0.027099499533622437,20,10,1,station,20260921,2000,670d7f6c2b4a419dd7125e6759a5a484d1cc22269df900a9e6b8100ba467cbdc
Target,E_P|identity|uniform|permissive|none,E_P|log1p|uniform|permissive|none,block30,daily,all_expected_targets,all_network,RMSE,ng m-3,a_minus_b,0.05769645320610861,-0.005426535540708294,0.14844078454422216,5089,21,25,station_x_block,20260921,2000,49422f1082065a9d47ebdfaf52caf564b1c3e1dad3fba927ae8da3a978f385a0
Target,E_P|identity|uniform|permissive|none,E_P|log1p|uniform|permissive|none,block30,daily,all_expected_targets,all_network,MAE,ng m-3,a_minus_b,0.07331674191560034,0.042703095445560384,0.11035356030974211,5089,21,25,station_x_block,20260921,2000,49422f1082065a9d47ebdfaf52caf564b1c3e1dad3fba927ae8da3a978f385a0
Target,E_P|identity|uniform|permissive|none,E_P|log1p|uniform|permissive|none,block30,daily,all_expected_targets,all_network,bias,ng m-3,a_minus_b,0.16907411734111025,0.08028438278094509,0.288614079835194,5089,21,25,station_x_block,20260921,2000,49422f1082065a9d47ebdfaf52caf564b1c3e1dad3fba927ae8da3a978f385a0
Target,E_P|identity|uniform|permissive|none,E_P|log1p|uniform|permissive|none,block30,daily,all_expected_targets,nonindustrial,RMSE,ng m-3,a_minus_b,0.09242481853942175,0.023328059080746276,0.16693323393461926,4852,20,25,station_x_block,20260921,2000,5d1137882eec8537744050437f9ce1b569790644db3bdcfe69d5597e07b2e781
Target,E_P|identity|uniform|permissive|none,E_P|log1p|uniform|permissive|none,block30,daily,all_expected_targets,nonindustrial,MAE,ng m-3,a_minus_b,0.06480609620331612,0.038616952496065705,0.0955098028881726,4852,20,25,station_x_block,20260921,2000,5d1137882eec8537744050437f9ce1b569790644db3bdcfe69d5597e07b2e781
Target,E_P|identity|uniform|permissive|none,E_P|log1p|uniform|permissive|none,block30,daily,all_expected_targets,nonindustrial,bias,ng m-3,a_minus_b,0.12300997296350163,0.07076322136690993,0.18957303731336167,4852,20,25,station_x_block,20260921,2000,5d1137882eec8537744050437f9ce1b569790644db3bdcfe69d5597e07b2e781
Target,E_P|identity|uniform|permissive|none,E_P|log1p|uniform|permissive|none,block30,daily,all_expected_targets,nonindustrial_higher,RMSE,ng m-3,a_minus_b,0.10567892167415849,0.013051488524957725,0.2010988538009792,2394,10,25,station_x_block,20260921,2000,62f59d22b59dd9d7e2e072c7b3fe63144e2f3e8824a30706c4074510f362197d
Target,E_P|identity|uniform|permissive|none,E_P|log1p|uniform|permissive|none,block30,daily,all_expected_targets,nonindustrial_higher,MAE,ng m-3,a_minus_b,0.07429234867802831,0.03588971667629581,0.11939580477706675,2394,10,25,station_x_block,20260921,2000,62f59d22b59dd9d7e2e072c7b3fe63144e2f3e8824a30706c4074510f362197d
Target,E_P|identity|uniform|permissive|none,E_P|log1p|uniform|permissive|none,block30,daily,all_expected_targets,nonindustrial_higher,bias,ng m-3,a_minus_b,0.16152055183241437,0.0882052152580258,0.24686356043562144,2394,10,25,station_x_block,20260921,2000,62f59d22b59dd9d7e2e072c7b3fe63144e2f3e8824a30706c4074510f362197d
Target,E_P|identity|uniform|permissive|none,E_P|log1p|uniform|permissive|none,block30,daily,all_expected_targets,nonindustrial_lower,RMSE,ng m-3,a_minus_b,0.08642078538221015,0.02468197483726135,0.16874432596658212,2458,10,25,station_x_block,20260921,2000,b29a851546d291a0d2f7dfae9c12846445d0e09a394514e7c02a871b374d99af
Target,E_P|identity|uniform|permissive|none,E_P|log1p|uniform|permissive|none,block30,daily,all_expected_targets,nonindustrial_lower,MAE,ng m-3,a_minus_b,0.055566841352030105,0.034472035009943926,0.08151949068999381,2458,10,25,station_x_block,20260921,2000,b29a851546d291a0d2f7dfae9c12846445d0e09a394514e7c02a871b374d99af
Target,E_P|identity|uniform|permissive|none,E_P|log1p|uniform|permissive|none,block30,daily,all_expected_targets,nonindustrial_lower,bias,ng m-3,a_minus_b,0.08550211055008543,0.044148402796198014,0.14187119927989547,2458,10,25,station_x_block,20260921,2000,b29a851546d291a0d2f7dfae9c12846445d0e09a394514e7c02a871b374d99af
Target,E_P|identity|uniform|permissive|none,E_P|log1p|uniform|permissive|none,block30,station_year_mean,all_sampled_dates,all_network,RMSE,ng m-3,a_minus_b,-0.13795049572573898,-0.3390780566952056,0.10778769133377585,42,21,1,station,20260921,2000,a4b83f112a2a39d7bb39c1c70c56f5678dc7ac9449f27af54e02cbafaafd9a52
Target,E_P|identity|uniform|permissive|none,E_P|log1p|uniform|permissive|none,block30,station_year_mean,all_sampled_dates,all_network,MAE,ng m-3,a_minus_b,0.013064141597896511,-0.11044934505619457,0.09234993901129966,42,21,1,station,20260921,2000,a4b83f112a2a39d7bb39c1c70c56f5678dc7ac9449f27af54e02cbafaafd9a52
Target,E_P|identity|uniform|permissive|none,E_P|log1p|uniform|permissive|none,block30,station_year_mean,all_sampled_dates,all_network,bias,ng m-3,a_minus_b,0.17311883000428308,0.1053126272833651,0.2774602969218359,42,21,1,station,20260921,2000,a4b83f112a2a39d7bb39c1c70c56f5678dc7ac9449f27af54e02cbafaafd9a52
Target,E_P|identity|uniform|permissive|none,E_P|log1p|uniform|permissive|none,block30,station_year_mean,all_sampled_dates,nonindustrial,RMSE,ng m-3,a_minus_b,0.08066217910109587,0.041765458639498196,0.11820498736872695,40,20,1,station,20260921,2000,75f77a11b57c142012fafa94a0442f20d6ba5eff6db77fdddfbfa204481e78df
Target,E_P|identity|uniform|permissive|none,E_P|log1p|uniform|permissive|none,block30,station_year_mean,all_sampled_dates,nonindustrial,MAE,ng m-3,a_minus_b,0.06936742477907673,0.03976422925064078,0.09946855460584454,40,20,1,station,20260921,2000,75f77a11b57c142012fafa94a0442f20d6ba5eff6db77fdddfbfa204481e78df
Target,E_P|identity|uniform|permissive|none,E_P|log1p|uniform|permissive|none,block30,station_year_mean,all_sampled_dates,nonindustrial,bias,ng m-3,a_minus_b,0.1261246954032118,0.09831356954635337,0.156124152638447,40,20,1,station,20260921,2000,75f77a11b57c142012fafa94a0442f20d6ba5eff6db77fdddfbfa204481e78df
Target,E_P|identity|uniform|permissive|none,E_P|log1p|uniform|permissive|none,block30,station_year_mean,all_sampled_dates,nonindustrial_higher,RMSE,ng m-3,a_minus_b,0.1008366444539836,0.03330372882881163,0.157781616329371,20,10,1,station,20260921,2000,54d313e95dc309aa2e8ef845fd41708208c653e62ac636636faccd8f7f1e8a69
Target,E_P|identity|uniform|permissive|none,E_P|log1p|uniform|permissive|none,block30,station_year_mean,all_sampled_dates,nonindustrial_higher,MAE,ng m-3,a_minus_b,0.08246648744917831,0.025183163134800124,0.13552527960731114,20,10,1,station,20260921,2000,54d313e95dc309aa2e8ef845fd41708208c653e62ac636636faccd8f7f1e8a69
Target,E_P|identity|uniform|permissive|none,E_P|log1p|uniform|permissive|none,block30,station_year_mean,all_sampled_dates,nonindustrial_higher,bias,ng m-3,a_minus_b,0.16333754172405204,0.12620717341897242,0.20635060397097937,20,10,1,station,20260921,2000,54d313e95dc309aa2e8ef845fd41708208c653e62ac636636faccd8f7f1e8a69
Target,E_P|identity|uniform|permissive|none,E_P|log1p|uniform|permissive|none,block30,station_year_mean,all_sampled_dates,nonindustrial_lower,RMSE,ng m-3,a_minus_b,0.05403704348954472,0.03544313347486442,0.07258966390223445,20,10,1,station,20260921,2000,670d7f6c2b4a419dd7125e6759a5a484d1cc22269df900a9e6b8100ba467cbdc
Target,E_P|identity|uniform|permissive|none,E_P|log1p|uniform|permissive|none,block30,station_year_mean,all_sampled_dates,nonindustrial_lower,MAE,ng m-3,a_minus_b,0.056268362108975206,0.03581730468644933,0.07589732206689254,20,10,1,station,20260921,2000,670d7f6c2b4a419dd7125e6759a5a484d1cc22269df900a9e6b8100ba467cbdc
Target,E_P|identity|uniform|permissive|none,E_P|log1p|uniform|permissive|none,block30,station_year_mean,all_sampled_dates,nonindustrial_lower,bias,ng m-3,a_minus_b,0.08891184908237154,0.06532981967872228,0.11135282860580513,20,10,1,station,20260921,2000,670d7f6c2b4a419dd7125e6759a5a484d1cc22269df900a9e6b8100ba467cbdc
Target,E_P|identity|uniform|permissive|none,E_P|log1p|uniform|permissive|none,loso,daily,all_expected_targets,all_network,RMSE,ng m-3,a_minus_b,-0.009042609141939772,-0.1047373001939597,0.2301896051646746,5089,21,1,station,20260921,2000,49422f1082065a9d47ebdfaf52caf564b1c3e1dad3fba927ae8da3a978f385a0
Target,E_P|identity|uniform|permissive|none,E_P|log1p|uniform|permissive|none,loso,daily,all_expected_targets,all_network,MAE,ng m-3,a_minus_b,0.06926470189854206,-0.004024301357118917,0.1690497127122718,5089,21,1,station,20260921,2000,49422f1082065a9d47ebdfaf52caf564b1c3e1dad3fba927ae8da3a978f385a0
Target,E_P|identity|uniform|permissive|none,E_P|log1p|uniform|permissive|none,loso,daily,all_expected_targets,all_network,bias,ng m-3,a_minus_b,0.17534248712248388,0.0867484037688578,0.27130158940337484,5089,21,1,station,20260921,2000,49422f1082065a9d47ebdfaf52caf564b1c3e1dad3fba927ae8da3a978f385a0
Target,E_P|identity|uniform|permissive|none,E_P|log1p|uniform|permissive|none,loso,daily,all_expected_targets,nonindustrial,RMSE,ng m-3,a_minus_b,0.11749868631574611,-0.002759514043412991,0.26015617383359085,4852,20,1,station,20260921,2000,5d1137882eec8537744050437f9ce1b569790644db3bdcfe69d5597e07b2e781
Target,E_P|identity|uniform|permissive|none,E_P|log1p|uniform|permissive|none,loso,daily,all_expected_targets,nonindustrial,MAE,ng m-3,a_minus_b,0.08651516456708364,0.020821078823784117,0.17626516238640805,4852,20,1,station,20260921,2000,5d1137882eec8537744050437f9ce1b569790644db3bdcfe69d5597e07b2e781
Target,E_P|identity|uniform|permissive|none,E_P|log1p|uniform|permissive|none,loso,daily,all_expected_targets,nonindustrial,bias,ng m-3,a_minus_b,0.16581324991519167,0.07335169684575522,0.26512085223853277,4852,20,1,station,20260921,2000,5d1137882eec8537744050437f9ce1b569790644db3bdcfe69d5597e07b2e781
Target,E_P|identity|uniform|permissive|none,E_P|log1p|uniform|permissive|none,loso,daily,all_expected_targets,nonindustrial_higher,RMSE,ng m-3,a_minus_b,0.01393890409055154,-0.07911397778220268,0.08669522710444187,2394,10,1,station,20260921,2000,62f59d22b59dd9d7e2e072c7b3fe63144e2f3e8824a30706c4074510f362197d
Target,E_P|identity|uniform|permissive|none,E_P|log1p|uniform|permissive|none,loso,daily,all_expected_targets,nonindustrial_higher,MAE,ng m-3,a_minus_b,0.03848603906448622,-0.010646949302645906,0.07612443631975928,2394,10,1,station,20260921,2000,62f59d22b59dd9d7e2e072c7b3fe63144e2f3e8824a30706c4074510f362197d
Target,E_P|identity|uniform|permissive|none,E_P|log1p|uniform|permissive|none,loso,daily,all_expected_targets,nonindustrial_higher,bias,ng m-3,a_minus_b,0.1904706977684294,0.12811105002884196,0.2660618419147954,2394,10,1,station,20260921,2000,62f59d22b59dd9d7e2e072c7b3fe63144e2f3e8824a30706c4074510f362197d
Target,E_P|identity|uniform|permissive|none,E_P|log1p|uniform|permissive|none,loso,daily,all_expected_targets,nonindustrial_lower,RMSE,ng m-3,a_minus_b,0.27175520847864754,0.05217720074021706,0.5000391454763768,2458,10,1,station,20260921,2000,b29a851546d291a0d2f7dfae9c12846445d0e09a394514e7c02a871b374d99af
Target,E_P|identity|uniform|permissive|none,E_P|log1p|uniform|permissive|none,loso,daily,all_expected_targets,nonindustrial_lower,MAE,ng m-3,a_minus_b,0.13329373513389342,0.01969734743098296,0.30443052524263686,2458,10,1,station,20260921,2000,b29a851546d291a0d2f7dfae9c12846445d0e09a394514e7c02a871b374d99af
Target,E_P|identity|uniform|permissive|none,E_P|log1p|uniform|permissive|none,loso,daily,all_expected_targets,nonindustrial_lower,bias,ng m-3,a_minus_b,0.1417978186049186,-0.00064072291970785,0.327932545340321,2458,10,1,station,20260921,2000,b29a851546d291a0d2f7dfae9c12846445d0e09a394514e7c02a871b374d99af
Target,E_P|identity|uniform|permissive|none,E_P|log1p|uniform|permissive|none,loso,station_year_mean,all_sampled_dates,all_network,RMSE,ng m-3,a_minus_b,-0.038994317859795125,-0.13579550564361817,0.2495490697936981,42,21,1,station,20260921,2000,a4b83f112a2a39d7bb39c1c70c56f5678dc7ac9449f27af54e02cbafaafd9a52
Target,E_P|identity|uniform|permissive|none,E_P|log1p|uniform|permissive|none,loso,station_year_mean,all_sampled_dates,all_network,MAE,ng m-3,a_minus_b,0.0007806138966621745,-0.09589906406232349,0.10920736220957261,42,21,1,station,20260921,2000,a4b83f112a2a39d7bb39c1c70c56f5678dc7ac9449f27af54e02cbafaafd9a52
Target,E_P|identity|uniform|permissive|none,E_P|log1p|uniform|permissive|none,loso,station_year_mean,all_sampled_dates,all_network,bias,ng m-3,a_minus_b,0.18602985625752336,0.10503622769424027,0.2758197299600385,42,21,1,station,20260921,2000,a4b83f112a2a39d7bb39c1c70c56f5678dc7ac9449f27af54e02cbafaafd9a52
Target,E_P|identity|uniform|permissive|none,E_P|log1p|uniform|permissive|none,loso,station_year_mean,all_sampled_dates,nonindustrial,RMSE,ng m-3,a_minus_b,0.12595192378368386,-0.06015269137487499,0.27904960320451744,40,20,1,station,20260921,2000,75f77a11b57c142012fafa94a0442f20d6ba5eff6db77fdddfbfa204481e78df
Target,E_P|identity|uniform|permissive|none,E_P|log1p|uniform|permissive|none,loso,station_year_mean,all_sampled_dates,nonindustrial,MAE,ng m-3,a_minus_b,0.019343214250876428,-0.07122698806565073,0.12599095243546524,40,20,1,station,20260921,2000,75f77a11b57c142012fafa94a0442f20d6ba5eff6db77fdddfbfa204481e78df
Target,E_P|identity|uniform|permissive|none,E_P|log1p|uniform|permissive|none,loso,station_year_mean,all_sampled_dates,nonindustrial,bias,ng m-3,a_minus_b,0.17680777941101827,0.09221737698802245,0.2661586392136416,40,20,1,station,20260921,2000,75f77a11b57c142012fafa94a0442f20d6ba5eff6db77fdddfbfa204481e78df
Target,E_P|identity|uniform|permissive|none,E_P|log1p|uniform|permissive|none,loso,station_year_mean,all_sampled_dates,nonindustrial_higher,RMSE,ng m-3,a_minus_b,-0.05725057833571462,-0.15853451210582312,0.0477786669207079,20,10,1,station,20260921,2000,54d313e95dc309aa2e8ef845fd41708208c653e62ac636636faccd8f7f1e8a69
Target,E_P|identity|uniform|permissive|none,E_P|log1p|uniform|permissive|none,loso,station_year_mean,all_sampled_dates,nonindustrial_higher,MAE,ng m-3,a_minus_b,-0.05884860877897885,-0.15438463723032486,0.03695474789498547,20,10,1,station,20260921,2000,54d313e95dc309aa2e8ef845fd41708208c653e62ac636636faccd8f7f1e8a69
Target,E_P|identity|uniform|permissive|none,E_P|log1p|uniform|permissive|none,loso,station_year_mean,all_sampled_dates,nonindustrial_higher,bias,ng m-3,a_minus_b,0.2014698071138535,0.1319087370437367,0.27953076206017047,20,10,1,station,20260921,2000,54d313e95dc309aa2e8ef845fd41708208c653e62ac636636faccd8f7f1e8a69
Target,E_P|identity|uniform|permissive|none,E_P|log1p|uniform|permissive|none,loso,station_year_mean,all_sampled_dates,nonindustrial_lower,RMSE,ng m-3,a_minus_b,0.26256188668262526,-0.003029726991697431,0.4467600692911014,20,10,1,station,20260921,2000,670d7f6c2b4a419dd7125e6759a5a484d1cc22269df900a9e6b8100ba467cbdc
Target,E_P|identity|uniform|permissive|none,E_P|log1p|uniform|permissive|none,loso,station_year_mean,all_sampled_dates,nonindustrial_lower,MAE,ng m-3,a_minus_b,0.09753503728073162,-0.03498439380156987,0.2756703910163286,20,10,1,station,20260921,2000,670d7f6c2b4a419dd7125e6759a5a484d1cc22269df900a9e6b8100ba467cbdc
Target,E_P|identity|uniform|permissive|none,E_P|log1p|uniform|permissive|none,loso,station_year_mean,all_sampled_dates,nonindustrial_lower,bias,ng m-3,a_minus_b,0.15214575170818304,0.021089292915846637,0.32039889830328006,20,10,1,station,20260921,2000,670d7f6c2b4a419dd7125e6759a5a484d1cc22269df900a9e6b8100ba467cbdc
Strict hours,E_P|log1p|uniform|strict18|none,E_P|log1p|uniform|permissive|none,block30,daily,all_expected_targets,all_network,RMSE,ng m-3,a_minus_b,0.009262567302470437,-0.03371657538454146,0.08471358032299693,5089,21,25,station_x_block,20260921,2000,49422f1082065a9d47ebdfaf52caf564b1c3e1dad3fba927ae8da3a978f385a0
Strict hours,E_P|log1p|uniform|strict18|none,E_P|log1p|uniform|permissive|none,block30,daily,all_expected_targets,all_network,MAE,ng m-3,a_minus_b,0.004914371314403698,-0.010784119239503575,0.024606504947691288,5089,21,25,station_x_block,20260921,2000,49422f1082065a9d47ebdfaf52caf564b1c3e1dad3fba927ae8da3a978f385a0
Strict hours,E_P|log1p|uniform|strict18|none,E_P|log1p|uniform|permissive|none,block30,daily,all_expected_targets,all_network,bias,ng m-3,a_minus_b,0.007184879346865805,-0.020967775973001024,0.037545207494152216,5089,21,25,station_x_block,20260921,2000,49422f1082065a9d47ebdfaf52caf564b1c3e1dad3fba927ae8da3a978f385a0
Strict hours,E_P|log1p|uniform|strict18|none,E_P|log1p|uniform|permissive|none,block30,daily,all_expected_targets,nonindustrial,RMSE,ng m-3,a_minus_b,0.03524940299566681,-0.017742344146178538,0.1157695439404693,4852,20,25,station_x_block,20260921,2000,5d1137882eec8537744050437f9ce1b569790644db3bdcfe69d5597e07b2e781
Strict hours,E_P|log1p|uniform|strict18|none,E_P|log1p|uniform|permissive|none,block30,daily,all_expected_targets,nonindustrial,MAE,ng m-3,a_minus_b,0.006935445931368467,-0.006388206133230454,0.027614628745866468,4852,20,25,station_x_block,20260921,2000,5d1137882eec8537744050437f9ce1b569790644db3bdcfe69d5597e07b2e781
Strict hours,E_P|log1p|uniform|strict18|none,E_P|log1p|uniform|permissive|none,block30,daily,all_expected_targets,nonindustrial,bias,ng m-3,a_minus_b,0.004036437666158282,-0.021659084949457195,0.035339863413924394,4852,20,25,station_x_block,20260921,2000,5d1137882eec8537744050437f9ce1b569790644db3bdcfe69d5597e07b2e781
Strict hours,E_P|log1p|uniform|strict18|none,E_P|log1p|uniform|permissive|none,block30,daily,all_expected_targets,nonindustrial_higher,RMSE,ng m-3,a_minus_b,0.0538532758725645,-0.025156292478754914,0.16380237037320566,2394,10,25,station_x_block,20260921,2000,62f59d22b59dd9d7e2e072c7b3fe63144e2f3e8824a30706c4074510f362197d
Strict hours,E_P|log1p|uniform|strict18|none,E_P|log1p|uniform|permissive|none,block30,daily,all_expected_targets,nonindustrial_higher,MAE,ng m-3,a_minus_b,0.016708032228905545,-0.007865993276403223,0.049807516288666996,2394,10,25,station_x_block,20260921,2000,62f59d22b59dd9d7e2e072c7b3fe63144e2f3e8824a30706c4074510f362197d
Strict hours,E_P|log1p|uniform|strict18|none,E_P|log1p|uniform|permissive|none,block30,daily,all_expected_targets,nonindustrial_higher,bias,ng m-3,a_minus_b,0.00832571995488722,-0.04307830449200275,0.06749470104364462,2394,10,25,station_x_block,20260921,2000,62f59d22b59dd9d7e2e072c7b3fe63144e2f3e8824a30706c4074510f362197d
Strict hours,E_P|log1p|uniform|strict18|none,E_P|log1p|uniform|permissive|none,block30,daily,all_expected_targets,nonindustrial_lower,RMSE,ng m-3,a_minus_b,0.000266909344681876,-0.015800930664719454,0.016076160741657818,2458,10,25,station_x_block,20260921,2000,b29a851546d291a0d2f7dfae9c12846445d0e09a394514e7c02a871b374d99af
Strict hours,E_P|log1p|uniform|strict18|none,E_P|log1p|uniform|permissive|none,block30,daily,all_expected_targets,nonindustrial_lower,MAE,ng m-3,a_minus_b,-0.0025826873462164446,-0.00950559843474277,0.0029399471706093605,2458,10,25,station_x_block,20260921,2000,b29a851546d291a0d2f7dfae9c12846445d0e09a394514e7c02a871b374d99af
Strict hours,E_P|log1p|uniform|strict18|none,E_P|log1p|uniform|permissive|none,block30,daily,all_expected_targets,nonindustrial_lower,bias,ng m-3,a_minus_b,-0.00014116274035801298,-0.009290467560495229,0.010467903520033973,2458,10,25,station_x_block,20260921,2000,b29a851546d291a0d2f7dfae9c12846445d0e09a394514e7c02a871b374d99af
Strict hours,E_P|log1p|uniform|strict18|none,E_P|log1p|uniform|permissive|none,block30,station_year_mean,all_sampled_dates,all_network,RMSE,ng m-3,a_minus_b,-0.011015945363189117,-0.024302350204860813,0.02160275908725718,42,21,1,station,20260921,2000,a4b83f112a2a39d7bb39c1c70c56f5678dc7ac9449f27af54e02cbafaafd9a52
Strict hours,E_P|log1p|uniform|strict18|none,E_P|log1p|uniform|permissive|none,block30,station_year_mean,all_sampled_dates,all_network,MAE,ng m-3,a_minus_b,0.005551365184875215,-0.004882070056107892,0.01563830693982344,42,21,1,station,20260921,2000,a4b83f112a2a39d7bb39c1c70c56f5678dc7ac9449f27af54e02cbafaafd9a52
Strict hours,E_P|log1p|uniform|strict18|none,E_P|log1p|uniform|permissive|none,block30,station_year_mean,all_sampled_dates,all_network,bias,ng m-3,a_minus_b,0.009501811010960537,-0.0040761979448951866,0.025274037643227394,42,21,1,station,20260921,2000,a4b83f112a2a39d7bb39c1c70c56f5678dc7ac9449f27af54e02cbafaafd9a52
Strict hours,E_P|log1p|uniform|strict18|none,E_P|log1p|uniform|permissive|none,block30,station_year_mean,all_sampled_dates,nonindustrial,RMSE,ng m-3,a_minus_b,0.013066569308408577,0.0029108175481816793,0.025786066976927032,40,20,1,station,20260921,2000,75f77a11b57c142012fafa94a0442f20d6ba5eff6db77fdddfbfa204481e78df
Strict hours,E_P|log1p|uniform|strict18|none,E_P|log1p|uniform|permissive|none,block30,station_year_mean,all_sampled_dates,nonindustrial,MAE,ng m-3,a_minus_b,0.009429109405912156,0.002766520390200798,0.018577602595722255,40,20,1,station,20260921,2000,75f77a11b57c142012fafa94a0442f20d6ba5eff6db77fdddfbfa204481e78df
Strict hours,E_P|log1p|uniform|strict18|none,E_P|log1p|uniform|permissive|none,block30,station_year_mean,all_sampled_dates,nonindustrial,bias,ng m-3,a_minus_b,0.006376725599715381,-0.006184512639413062,0.02239576903240297,40,20,1,station,20260921,2000,75f77a11b57c142012fafa94a0442f20d6ba5eff6db77fdddfbfa204481e78df
Strict hours,E_P|log1p|uniform|strict18|none,E_P|log1p|uniform|permissive|none,block30,station_year_mean,all_sampled_dates,nonindustrial_higher,RMSE,ng m-3,a_minus_b,0.02162025618020043,0.006545194396227565,0.040802501512794485,20,10,1,station,20260921,2000,54d313e95dc309aa2e8ef845fd41708208c653e62ac636636faccd8f7f1e8a69
Strict hours,E_P|log1p|uniform|strict18|none,E_P|log1p|uniform|permissive|none,block30,station_year_mean,all_sampled_dates,nonindustrial_higher,MAE,ng m-3,a_minus_b,0.02032273916444091,0.010158972846134895,0.033849363028406756,20,10,1,station,20260921,2000,54d313e95dc309aa2e8ef845fd41708208c653e62ac636636faccd8f7f1e8a69
Strict hours,E_P|log1p|uniform|strict18|none,E_P|log1p|uniform|permissive|none,block30,station_year_mean,all_sampled_dates,nonindustrial_higher,bias,ng m-3,a_minus_b,0.012572609605382635,-0.012032569971748069,0.0435748167645897,20,10,1,station,20260921,2000,54d313e95dc309aa2e8ef845fd41708208c653e62ac636636faccd8f7f1e8a69
Strict hours,E_P|log1p|uniform|strict18|none,E_P|log1p|uniform|permissive|none,block30,station_year_mean,all_sampled_dates,nonindustrial_lower,RMSE,ng m-3,a_minus_b,8.340046187501476e-05,-0.003796760101901351,0.003330267338437006,20,10,1,station,20260921,2000,670d7f6c2b4a419dd7125e6759a5a484d1cc22269df900a9e6b8100ba467cbdc
Strict hours,E_P|log1p|uniform|strict18|none,E_P|log1p|uniform|permissive|none,block30,station_year_mean,all_sampled_dates,nonindustrial_lower,MAE,ng m-3,a_minus_b,-0.0014645203526165787,-0.004978632797998259,0.00244723180563977,20,10,1,station,20260921,2000,670d7f6c2b4a419dd7125e6759a5a484d1cc22269df900a9e6b8100ba467cbdc
Strict hours,E_P|log1p|uniform|strict18|none,E_P|log1p|uniform|permissive|none,block30,station_year_mean,all_sampled_dates,nonindustrial_lower,bias,ng m-3,a_minus_b,0.00018084159404812682,-0.0058609168774123805,0.005225238944406798,20,10,1,station,20260921,2000,670d7f6c2b4a419dd7125e6759a5a484d1cc22269df900a9e6b8100ba467cbdc
Strict hours,E_P|log1p|uniform|strict18|none,E_P|log1p|uniform|permissive|none,loso,daily,all_expected_targets,all_network,RMSE,ng m-3,a_minus_b,-0.0038024965466396665,-0.03100911746280508,0.02393215606922048,5089,21,1,station,20260921,2000,49422f1082065a9d47ebdfaf52caf564b1c3e1dad3fba927ae8da3a978f385a0
Strict hours,E_P|log1p|uniform|strict18|none,E_P|log1p|uniform|permissive|none,loso,daily,all_expected_targets,all_network,MAE,ng m-3,a_minus_b,-0.003868463752804252,-0.022011625867079054,0.013888601120790944,5089,21,1,station,20260921,2000,49422f1082065a9d47ebdfaf52caf564b1c3e1dad3fba927ae8da3a978f385a0
Strict hours,E_P|log1p|uniform|strict18|none,E_P|log1p|uniform|permissive|none,loso,daily,all_expected_targets,all_network,bias,ng m-3,a_minus_b,-0.001121891039886025,-0.02838206587268626,0.02451372041971111,5089,21,1,station,20260921,2000,49422f1082065a9d47ebdfaf52caf564b1c3e1dad3fba927ae8da3a978f385a0
Strict hours,E_P|log1p|uniform|strict18|none,E_P|log1p|uniform|permissive|none,loso,daily,all_expected_targets,nonindustrial,RMSE,ng m-3,a_minus_b,-0.0024385197479918075,-0.04118721082265757,0.03361386644808754,4852,20,1,station,20260921,2000,5d1137882eec8537744050437f9ce1b569790644db3bdcfe69d5597e07b2e781
Strict hours,E_P|log1p|uniform|strict18|none,E_P|log1p|uniform|permissive|none,loso,daily,all_expected_targets,nonindustrial,MAE,ng m-3,a_minus_b,-0.004092356461807556,-0.02332301746297226,0.014941443874333176,4852,20,1,station,20260921,2000,5d1137882eec8537744050437f9ce1b569790644db3bdcfe69d5597e07b2e781
Strict hours,E_P|log1p|uniform|strict18|none,E_P|log1p|uniform|permissive|none,loso,daily,all_expected_targets,nonindustrial,bias,ng m-3,a_minus_b,-0.002090755290047405,-0.03104796973171045,0.025244080524246457,4852,20,1,station,20260921,2000,5d1137882eec8537744050437f9ce1b569790644db3bdcfe69d5597e07b2e781
Strict hours,E_P|log1p|uniform|strict18|none,E_P|log1p|uniform|permissive|none,loso,daily,all_expected_targets,nonindustrial_higher,RMSE,ng m-3,a_minus_b,-0.00929672814771787,-0.06852155671703448,0.04531003906944279,2394,10,1,station,20260921,2000,62f59d22b59dd9d7e2e072c7b3fe63144e2f3e8824a30706c4074510f362197d
Strict hours,E_P|log1p|uniform|strict18|none,E_P|log1p|uniform|permissive|none,loso,daily,all_expected_targets,nonindustrial_higher,MAE,ng m-3,a_minus_b,-0.005718524795258917,-0.03031734269805766,0.01708405465291798,2394,10,1,station,20260921,2000,62f59d22b59dd9d7e2e072c7b3fe63144e2f3e8824a30706c4074510f362197d
Strict hours,E_P|log1p|uniform|strict18|none,E_P|log1p|uniform|permissive|none,loso,daily,all_expected_targets,nonindustrial_higher,bias,ng m-3,a_minus_b,-0.0071860605004803735,-0.04729143048574277,0.03039000175781276,2394,10,1,station,20260921,2000,62f59d22b59dd9d7e2e072c7b3fe63144e2f3e8824a30706c4074510f362197d
Strict hours,E_P|log1p|uniform|strict18|none,E_P|log1p|uniform|permissive|none,loso,daily,all_expected_targets,nonindustrial_lower,RMSE,ng m-3,a_minus_b,0.009202248748585107,-0.0313918245096397,0.04472529608792712,2458,10,1,station,20260921,2000,b29a851546d291a0d2f7dfae9c12846445d0e09a394514e7c02a871b374d99af
Strict hours,E_P|log1p|uniform|strict18|none,E_P|log1p|uniform|permissive|none,loso,daily,all_expected_targets,nonindustrial_lower,MAE,ng m-3,a_minus_b,-0.002508529370561452,-0.02997970526532841,0.02661842757759729,2458,10,1,station,20260921,2000,b29a851546d291a0d2f7dfae9c12846445d0e09a394514e7c02a871b374d99af
Strict hours,E_P|log1p|uniform|strict18|none,E_P|log1p|uniform|permissive|none,loso,daily,all_expected_targets,nonindustrial_lower,bias,ng m-3,a_minus_b,0.0028718812737346944,-0.03587743512485843,0.039748971942431044,2458,10,1,station,20260921,2000,b29a851546d291a0d2f7dfae9c12846445d0e09a394514e7c02a871b374d99af
Strict hours,E_P|log1p|uniform|strict18|none,E_P|log1p|uniform|permissive|none,loso,station_year_mean,all_sampled_dates,all_network,RMSE,ng m-3,a_minus_b,-0.005696825890178836,-0.03473753318220837,0.016354312899268246,42,21,1,station,20260921,2000,a4b83f112a2a39d7bb39c1c70c56f5678dc7ac9449f27af54e02cbafaafd9a52
Strict hours,E_P|log1p|uniform|strict18|none,E_P|log1p|uniform|permissive|none,loso,station_year_mean,all_sampled_dates,all_network,MAE,ng m-3,a_minus_b,-0.020447398059080524,-0.04262252781461518,0.0011627153829711298,42,21,1,station,20260921,2000,a4b83f112a2a39d7bb39c1c70c56f5678dc7ac9449f27af54e02cbafaafd9a52
Strict hours,E_P|log1p|uniform|strict18|none,E_P|log1p|uniform|permissive|none,loso,station_year_mean,all_sampled_dates,all_network,bias,ng m-3,a_minus_b,0.0036485388448348477,-0.02130251249906925,0.026555319296045623,42,21,1,station,20260921,2000,a4b83f112a2a39d7bb39c1c70c56f5678dc7ac9449f27af54e02cbafaafd9a52
Strict hours,E_P|log1p|uniform|strict18|none,E_P|log1p|uniform|permissive|none,loso,station_year_mean,all_sampled_dates,nonindustrial,RMSE,ng m-3,a_minus_b,-0.007189734197190767,-0.041174101544124056,0.022956274804469847,40,20,1,station,20260921,2000,75f77a11b57c142012fafa94a0442f20d6ba5eff6db77fdddfbfa204481e78df
Strict hours,E_P|log1p|uniform|strict18|none,E_P|log1p|uniform|permissive|none,loso,station_year_mean,all_sampled_dates,nonindustrial,MAE,ng m-3,a_minus_b,-0.020533979346256864,-0.04399556679977928,0.00141849875558647,40,20,1,station,20260921,2000,75f77a11b57c142012fafa94a0442f20d6ba5eff6db77fdddfbfa204481e78df
Strict hours,E_P|log1p|uniform|strict18|none,E_P|log1p|uniform|permissive|none,loso,station_year_mean,all_sampled_dates,nonindustrial,bias,ng m-3,a_minus_b,0.0028951771712987587,-0.023237401898766153,0.02668388926861965,40,20,1,station,20260921,2000,75f77a11b57c142012fafa94a0442f20d6ba5eff6db77fdddfbfa204481e78df
Strict hours,E_P|log1p|uniform|strict18|none,E_P|log1p|uniform|permissive|none,loso,station_year_mean,all_sampled_dates,nonindustrial_higher,RMSE,ng m-3,a_minus_b,-0.036394048129516965,-0.062361616263527646,-0.006228875058592186,20,10,1,station,20260921,2000,54d313e95dc309aa2e8ef845fd41708208c653e62ac636636faccd8f7f1e8a69
Strict hours,E_P|log1p|uniform|strict18|none,E_P|log1p|uniform|permissive|none,loso,station_year_mean,all_sampled_dates,nonindustrial_higher,MAE,ng m-3,a_minus_b,-0.03204768944353015,-0.0643207485892128,-0.003300487597659433,20,10,1,station,20260921,2000,54d313e95dc309aa2e8ef845fd41708208c653e62ac636636faccd8f7f1e8a69
Strict hours,E_P|log1p|uniform|strict18|none,E_P|log1p|uniform|permissive|none,loso,station_year_mean,all_sampled_dates,nonindustrial_higher,bias,ng m-3,a_minus_b,-0.0020307700659351613,-0.03961662692151337,0.03270849954916485,20,10,1,station,20260921,2000,54d313e95dc309aa2e8ef845fd41708208c653e62ac636636faccd8f7f1e8a69
Strict hours,E_P|log1p|uniform|strict18|none,E_P|log1p|uniform|permissive|none,loso,station_year_mean,all_sampled_dates,nonindustrial_lower,RMSE,ng m-3,a_minus_b,0.022806922533087137,-0.03984614528520561,0.0542118351047759,20,10,1,station,20260921,2000,670d7f6c2b4a419dd7125e6759a5a484d1cc22269df900a9e6b8100ba467cbdc
Strict hours,E_P|log1p|uniform|strict18|none,E_P|log1p|uniform|permissive|none,loso,station_year_mean,all_sampled_dates,nonindustrial_lower,MAE,ng m-3,a_minus_b,-0.009020269248983581,-0.03906155411601318,0.02322718452069726,20,10,1,station,20260921,2000,670d7f6c2b4a419dd7125e6759a5a484d1cc22269df900a9e6b8100ba467cbdc
Strict hours,E_P|log1p|uniform|strict18|none,E_P|log1p|uniform|permissive|none,loso,station_year_mean,all_sampled_dates,nonindustrial_lower,bias,ng m-3,a_minus_b,0.007821124408532665,-0.026830676960554075,0.040279816679384454,20,10,1,station,20260921,2000,670d7f6c2b4a419dd7125e6759a5a484d1cc22269df900a9e6b8100ba467cbdc
Masking,E_P|log1p|uniform|permissive|mask,E_P|log1p|uniform|permissive|none,block30,daily,all_expected_targets,all_network,RMSE,ng m-3,a_minus_b,0.056188649148054104,-0.0169924524408378,0.12703766894585772,5089,21,25,station_x_block,20260921,2000,49422f1082065a9d47ebdfaf52caf564b1c3e1dad3fba927ae8da3a978f385a0
Masking,E_P|log1p|uniform|permissive|mask,E_P|log1p|uniform|permissive|none,block30,daily,all_expected_targets,all_network,MAE,ng m-3,a_minus_b,0.015877872710011842,-0.006176465708970677,0.04370635772965183,5089,21,25,station_x_block,20260921,2000,49422f1082065a9d47ebdfaf52caf564b1c3e1dad3fba927ae8da3a978f385a0
Masking,E_P|log1p|uniform|permissive|mask,E_P|log1p|uniform|permissive|none,block30,daily,all_expected_targets,all_network,bias,ng m-3,a_minus_b,-0.005346496940901946,-0.03110634744981165,0.018378659130162834,5089,21,25,station_x_block,20260921,2000,49422f1082065a9d47ebdfaf52caf564b1c3e1dad3fba927ae8da3a978f385a0
Masking,E_P|log1p|uniform|permissive|mask,E_P|log1p|uniform|permissive|none,block30,daily,all_expected_targets,nonindustrial,RMSE,ng m-3,a_minus_b,0.015002788355295671,-0.029695950743507383,0.06104455540442442,4852,20,25,station_x_block,20260921,2000,5d1137882eec8537744050437f9ce1b569790644db3bdcfe69d5597e07b2e781
Masking,E_P|log1p|uniform|permissive|mask,E_P|log1p|uniform|permissive|none,block30,daily,all_expected_targets,nonindustrial,MAE,ng m-3,a_minus_b,0.00915463688813889,-0.009684156899709022,0.03167091063087208,4852,20,25,station_x_block,20260921,2000,5d1137882eec8537744050437f9ce1b569790644db3bdcfe69d5597e07b2e781
Masking,E_P|log1p|uniform|permissive|mask,E_P|log1p|uniform|permissive|none,block30,daily,all_expected_targets,nonindustrial,bias,ng m-3,a_minus_b,-0.0007623637824093199,-0.020963774876676677,0.020534597657973643,4852,20,25,station_x_block,20260921,2000,5d1137882eec8537744050437f9ce1b569790644db3bdcfe69d5597e07b2e781
Masking,E_P|log1p|uniform|permissive|mask,E_P|log1p|uniform|permissive|none,block30,daily,all_expected_targets,nonindustrial_higher,RMSE,ng m-3,a_minus_b,0.022147081230817878,-0.04747673535122713,0.08177548227619985,2394,10,25,station_x_block,20260921,2000,62f59d22b59dd9d7e2e072c7b3fe63144e2f3e8824a30706c4074510f362197d
Masking,E_P|log1p|uniform|permissive|mask,E_P|log1p|uniform|permissive|none,block30,daily,all_expected_targets,nonindustrial_higher,MAE,ng m-3,a_minus_b,0.01578234288061814,-0.02156634581610827,0.05291720661961144,2394,10,25,station_x_block,20260921,2000,62f59d22b59dd9d7e2e072c7b3fe63144e2f3e8824a30706c4074510f362197d
Masking,E_P|log1p|uniform|permissive|mask,E_P|log1p|uniform|permissive|none,block30,daily,all_expected_targets,nonindustrial_higher,bias,ng m-3,a_minus_b,0.00020594390576440802,-0.033965831900703194,0.03344228334109841,2394,10,25,station_x_block,20260921,2000,62f59d22b59dd9d7e2e072c7b3fe63144e2f3e8824a30706c4074510f362197d
Masking,E_P|log1p|uniform|permissive|mask,E_P|log1p|uniform|permissive|none,block30,daily,all_expected_targets,nonindustrial_lower,RMSE,ng m-3,a_minus_b,0.002149099090979323,-0.022163894763903853,0.030267565878923697,2458,10,25,station_x_block,20260921,2000,b29a851546d291a0d2f7dfae9c12846445d0e09a394514e7c02a871b374d99af
Masking,E_P|log1p|uniform|permissive|mask,E_P|log1p|uniform|permissive|none,block30,daily,all_expected_targets,nonindustrial_lower,MAE,ng m-3,a_minus_b,0.002699499318571996,-0.008222517791929188,0.014317751752487513,2458,10,25,station_x_block,20260921,2000,b29a851546d291a0d2f7dfae9c12846445d0e09a394514e7c02a871b374d99af
Masking,E_P|log1p|uniform|permissive|mask,E_P|log1p|uniform|permissive|none,block30,daily,all_expected_targets,nonindustrial_lower,bias,ng m-3,a_minus_b,-0.0017054592280919415,-0.01874459239320987,0.016630967332272442,2458,10,25,station_x_block,20260921,2000,b29a851546d291a0d2f7dfae9c12846445d0e09a394514e7c02a871b374d99af
Masking,E_P|log1p|uniform|permissive|mask,E_P|log1p|uniform|permissive|none,block30,station_year_mean,all_sampled_dates,all_network,RMSE,ng m-3,a_minus_b,0.02272202652745048,-0.00048651869961822026,0.03861461933442384,42,21,1,station,20260921,2000,a4b83f112a2a39d7bb39c1c70c56f5678dc7ac9449f27af54e02cbafaafd9a52
Masking,E_P|log1p|uniform|permissive|mask,E_P|log1p|uniform|permissive|none,block30,station_year_mean,all_sampled_dates,all_network,MAE,ng m-3,a_minus_b,0.014002220832576656,0.0030480259462885603,0.026015226058806844,42,21,1,station,20260921,2000,a4b83f112a2a39d7bb39c1c70c56f5678dc7ac9449f27af54e02cbafaafd9a52
Masking,E_P|log1p|uniform|permissive|mask,E_P|log1p|uniform|permissive|none,block30,station_year_mean,all_sampled_dates,all_network,bias,ng m-3,a_minus_b,-0.005297154766626122,-0.016933436633243027,0.004686498845299561,42,21,1,station,20260921,2000,a4b83f112a2a39d7bb39c1c70c56f5678dc7ac9449f27af54e02cbafaafd9a52
Masking,E_P|log1p|uniform|permissive|mask,E_P|log1p|uniform|permissive|none,block30,station_year_mean,all_sampled_dates,nonindustrial,RMSE,ng m-3,a_minus_b,0.007337909484567626,-0.0025288510914625853,0.019016093382642596,40,20,1,station,20260921,2000,75f77a11b57c142012fafa94a0442f20d6ba5eff6db77fdddfbfa204481e78df
Masking,E_P|log1p|uniform|permissive|mask,E_P|log1p|uniform|permissive|none,block30,station_year_mean,all_sampled_dates,nonindustrial,MAE,ng m-3,a_minus_b,0.00974279275657626,0.0013134404742985166,0.0192734102334789,40,20,1,station,20260921,2000,75f77a11b57c142012fafa94a0442f20d6ba5eff6db77fdddfbfa204481e78df
Masking,E_P|log1p|uniform|permissive|mask,E_P|log1p|uniform|permissive|none,block30,station_year_mean,all_sampled_dates,nonindustrial,bias,ng m-3,a_minus_b,-0.0006024733873281722,-0.007647239619649192,0.006165517763554695,40,20,1,station,20260921,2000,75f77a11b57c142012fafa94a0442f20d6ba5eff6db77fdddfbfa204481e78df
Masking,E_P|log1p|uniform|permissive|mask,E_P|log1p|uniform|permissive|none,block30,station_year_mean,all_sampled_dates,nonindustrial_higher,RMSE,ng m-3,a_minus_b,0.010807374463991604,-0.005359400232682926,0.029431577113496504,20,10,1,station,20260921,2000,54d313e95dc309aa2e8ef845fd41708208c653e62ac636636faccd8f7f1e8a69
Masking,E_P|log1p|uniform|permissive|mask,E_P|log1p|uniform|permissive|none,block30,station_year_mean,all_sampled_dates,nonindustrial_higher,MAE,ng m-3,a_minus_b,0.01752260926320129,0.002985728184423068,0.03306682688635439,20,10,1,station,20260921,2000,54d313e95dc309aa2e8ef845fd41708208c653e62ac636636faccd8f7f1e8a69
Masking,E_P|log1p|uniform|permissive|mask,E_P|log1p|uniform|permissive|none,block30,station_year_mean,all_sampled_dates,nonindustrial_higher,bias,ng m-3,a_minus_b,-0.0003308551528616449,-0.01124834984646773,0.010318541421836575,20,10,1,station,20260921,2000,54d313e95dc309aa2e8ef845fd41708208c653e62ac636636faccd8f7f1e8a69
Masking,E_P|log1p|uniform|permissive|mask,E_P|log1p|uniform|permissive|none,block30,station_year_mean,all_sampled_dates,nonindustrial_lower,RMSE,ng m-3,a_minus_b,0.002467759113826795,-0.0034538631617126716,0.009171918345524159,20,10,1,station,20260921,2000,670d7f6c2b4a419dd7125e6759a5a484d1cc22269df900a9e6b8100ba467cbdc
Masking,E_P|log1p|uniform|permissive|mask,E_P|log1p|uniform|permissive|none,block30,station_year_mean,all_sampled_dates,nonindustrial_lower,MAE,ng m-3,a_minus_b,0.0019629762499512524,-0.005057414738082806,0.009591717987932903,20,10,1,station,20260921,2000,670d7f6c2b4a419dd7125e6759a5a484d1cc22269df900a9e6b8100ba467cbdc
Masking,E_P|log1p|uniform|permissive|mask,E_P|log1p|uniform|permissive|none,block30,station_year_mean,all_sampled_dates,nonindustrial_lower,bias,ng m-3,a_minus_b,-0.0008740916217946995,-0.008807826755743448,0.007168878263062861,20,10,1,station,20260921,2000,670d7f6c2b4a419dd7125e6759a5a484d1cc22269df900a9e6b8100ba467cbdc
Masking,E_P|log1p|uniform|permissive|mask,E_P|log1p|uniform|permissive|none,block30,daily_complete_pollutant_days,pollutant_availability_subset,all_network,RMSE,ng m-3,a_minus_b,0.020129212889907766,-0.02507642675538409,0.06895058296199573,4308,19,25,station_x_block,20260921,2000,67faf505efd6f0d6bb0b3f597eb172f8146b2effb0c729e07c637195e3ebcb3e
Masking,E_P|log1p|uniform|permissive|mask,E_P|log1p|uniform|permissive|none,block30,daily_complete_pollutant_days,pollutant_availability_subset,all_network,MAE,ng m-3,a_minus_b,0.013168830326411363,-0.0064834949879864845,0.03803772014527024,4308,19,25,station_x_block,20260921,2000,67faf505efd6f0d6bb0b3f597eb172f8146b2effb0c729e07c637195e3ebcb3e
Masking,E_P|log1p|uniform|permissive|mask,E_P|log1p|uniform|permissive|none,block30,daily_complete_pollutant_days,pollutant_availability_subset,all_network,bias,ng m-3,a_minus_b,0.00410718890952182,-0.017859886402264012,0.02683278825121752,4308,19,25,station_x_block,20260921,2000,67faf505efd6f0d6bb0b3f597eb172f8146b2effb0c729e07c637195e3ebcb3e
Masking,E_P|log1p|uniform|permissive|mask,E_P|log1p|uniform|permissive|none,block30,daily_complete_pollutant_days,pollutant_availability_subset,nonindustrial,RMSE,ng m-3,a_minus_b,0.020129212889907766,-0.02507642675538409,0.06895058296199573,4308,19,25,station_x_block,20260921,2000,67faf505efd6f0d6bb0b3f597eb172f8146b2effb0c729e07c637195e3ebcb3e
Masking,E_P|log1p|uniform|permissive|mask,E_P|log1p|uniform|permissive|none,block30,daily_complete_pollutant_days,pollutant_availability_subset,nonindustrial,MAE,ng m-3,a_minus_b,0.013168830326411363,-0.0064834949879864845,0.03803772014527024,4308,19,25,station_x_block,20260921,2000,67faf505efd6f0d6bb0b3f597eb172f8146b2effb0c729e07c637195e3ebcb3e
Masking,E_P|log1p|uniform|permissive|mask,E_P|log1p|uniform|permissive|none,block30,daily_complete_pollutant_days,pollutant_availability_subset,nonindustrial,bias,ng m-3,a_minus_b,0.00410718890952182,-0.017859886402264012,0.02683278825121752,4308,19,25,station_x_block,20260921,2000,67faf505efd6f0d6bb0b3f597eb172f8146b2effb0c729e07c637195e3ebcb3e
Masking,E_P|log1p|uniform|permissive|mask,E_P|log1p|uniform|permissive|none,block30,daily_complete_pollutant_days,pollutant_availability_subset,nonindustrial_higher,RMSE,ng m-3,a_minus_b,0.02727686790056494,-0.036113698830226124,0.0863441024941277,2339,10,25,station_x_block,20260921,2000,534366f7de3dae0bdb8358ad917802203a80c1991867cd2e723a3bcff37b3d6c
Masking,E_P|log1p|uniform|permissive|mask,E_P|log1p|uniform|permissive|none,block30,daily_complete_pollutant_days,pollutant_availability_subset,nonindustrial_higher,MAE,ng m-3,a_minus_b,0.020399749368619047,-0.011573516939240984,0.05797634487493588,2339,10,25,station_x_block,20260921,2000,534366f7de3dae0bdb8358ad917802203a80c1991867cd2e723a3bcff37b3d6c
Masking,E_P|log1p|uniform|permissive|mask,E_P|log1p|uniform|permissive|none,block30,daily_complete_pollutant_days,pollutant_availability_subset,nonindustrial_higher,bias,ng m-3,a_minus_b,0.007376096275074823,-0.024347422495419793,0.04147412120567432,2339,10,25,station_x_block,20260921,2000,534366f7de3dae0bdb8358ad917802203a80c1991867cd2e723a3bcff37b3d6c
Masking,E_P|log1p|uniform|permissive|mask,E_P|log1p|uniform|permissive|none,block30,daily_complete_pollutant_days,pollutant_availability_subset,nonindustrial_lower,RMSE,ng m-3,a_minus_b,0.005277433210526206,-0.02113589662364678,0.03928833587294682,1969,9,25,station_x_block,20260921,2000,0368b43e687ddcdc6346fedbf5a156f1aba1be1fd1ba4380fd3274ff5dae8093
Masking,E_P|log1p|uniform|permissive|mask,E_P|log1p|uniform|permissive|none,block30,daily_complete_pollutant_days,pollutant_availability_subset,nonindustrial_lower,MAE,ng m-3,a_minus_b,0.004579130153875094,-0.007490424096370615,0.017187834091722032,1969,9,25,station_x_block,20260921,2000,0368b43e687ddcdc6346fedbf5a156f1aba1be1fd1ba4380fd3274ff5dae8093
Masking,E_P|log1p|uniform|permissive|mask,E_P|log1p|uniform|permissive|none,block30,daily_complete_pollutant_days,pollutant_availability_subset,nonindustrial_lower,bias,ng m-3,a_minus_b,0.00022401251133570207,-0.018593375585442603,0.021847809660920176,1969,9,25,station_x_block,20260921,2000,0368b43e687ddcdc6346fedbf5a156f1aba1be1fd1ba4380fd3274ff5dae8093
Masking,E_P|log1p|uniform|permissive|mask,E_P|log1p|uniform|permissive|none,block30,daily_incomplete_pollutant_days,pollutant_availability_subset,all_network,RMSE,ng m-3,a_minus_b,0.1386753694245102,-0.1880603297698416,0.3083980661607497,781,19,25,station_x_block,20260921,2000,a75d46e1587e47378cd224d3428a99ff7be4ab89de4925dd4d16cf8a0d1c1e7e
Masking,E_P|log1p|uniform|permissive|mask,E_P|log1p|uniform|permissive|none,block30,daily_incomplete_pollutant_days,pollutant_availability_subset,all_network,MAE,ng m-3,a_minus_b,0.030820964372688886,-0.11169826169028577,0.13518489397776912,781,19,25,station_x_block,20260921,2000,a75d46e1587e47378cd224d3428a99ff7be4ab89de4925dd4d16cf8a0d1c1e7e
Masking,E_P|log1p|uniform|permissive|mask,E_P|log1p|uniform|permissive|none,block30,daily_incomplete_pollutant_days,pollutant_availability_subset,all_network,bias,ng m-3,a_minus_b,-0.0574930765102048,-0.21745301329416122,0.015436681710685483,781,19,25,station_x_block,20260921,2000,a75d46e1587e47378cd224d3428a99ff7be4ab89de4925dd4d16cf8a0d1c1e7e
Masking,E_P|log1p|uniform|permissive|mask,E_P|log1p|uniform|permissive|none,block30,daily_incomplete_pollutant_days,pollutant_availability_subset,nonindustrial,RMSE,ng m-3,a_minus_b,-0.0500821135921789,-0.30914986169850944,0.039734325090014906,544,18,25,station_x_block,20260921,2000,b15751201784f3ba52ed7b95fe535bf1bd6a7ec1b2945af9917f7dc1c7560180
Masking,E_P|log1p|uniform|permissive|mask,E_P|log1p|uniform|permissive|none,block30,daily_incomplete_pollutant_days,pollutant_availability_subset,nonindustrial,MAE,ng m-3,a_minus_b,-0.022634233207591947,-0.1853868083310752,0.012142955306565768,544,18,25,station_x_block,20260921,2000,b15751201784f3ba52ed7b95fe535bf1bd6a7ec1b2945af9917f7dc1c7560180
Masking,E_P|log1p|uniform|permissive|mask,E_P|log1p|uniform|permissive|none,block30,daily_incomplete_pollutant_days,pollutant_availability_subset,nonindustrial,bias,ng m-3,a_minus_b,-0.039324924438363974,-0.29470551037698617,0.014925404849594091,544,18,25,station_x_block,20260921,2000,b15751201784f3ba52ed7b95fe535bf1bd6a7ec1b2945af9917f7dc1c7560180
Masking,E_P|log1p|uniform|permissive|mask,E_P|log1p|uniform|permissive|none,block30,daily_incomplete_pollutant_days,pollutant_availability_subset,nonindustrial_higher,RMSE,ng m-3,a_minus_b,-0.25014644251393825,-0.8927773382638329,0.21565454929680805,55,8,12,station_x_block,20260921,2000,8bc742768f84e0cde5fbf4649429eaae5d0031446127da5adde987434322784b
Masking,E_P|log1p|uniform|permissive|mask,E_P|log1p|uniform|permissive|none,block30,daily_incomplete_pollutant_days,pollutant_availability_subset,nonindustrial_higher,MAE,ng m-3,a_minus_b,-0.18058336212727266,-0.5751998523941353,0.04589766039285709,55,8,12,station_x_block,20260921,2000,8bc742768f84e0cde5fbf4649429eaae5d0031446127da5adde987434322784b
Masking,E_P|log1p|uniform|permissive|mask,E_P|log1p|uniform|permissive|none,block30,daily_incomplete_pollutant_days,pollutant_availability_subset,nonindustrial_higher,bias,ng m-3,a_minus_b,-0.3047210814,-0.9465489833237705,0.07239204829571409,55,8,12,station_x_block,20260921,2000,8bc742768f84e0cde5fbf4649429eaae5d0031446127da5adde987434322784b
Masking,E_P|log1p|uniform|permissive|mask,E_P|log1p|uniform|permissive|none,block30,daily_incomplete_pollutant_days,pollutant_availability_subset,nonindustrial_lower,RMSE,ng m-3,a_minus_b,-0.009449979595878677,-0.11369008021861482,0.03314704561684277,489,10,25,station_x_block,20260921,2000,3bea97d4042a40fb665f8bdd3eec8d09bb4adce450c662958c3439560b610ceb
Masking,E_P|log1p|uniform|permissive|mask,E_P|log1p|uniform|permissive|none,block30,daily_incomplete_pollutant_days,pollutant_availability_subset,nonindustrial_lower,MAE,ng m-3,a_minus_b,-0.004868993758548074,-0.09690725045370228,0.020721328096505887,489,10,25,station_x_block,20260921,2000,3bea97d4042a40fb665f8bdd3eec8d09bb4adce450c662958c3439560b610ceb
Masking,E_P|log1p|uniform|permissive|mask,E_P|log1p|uniform|permissive|none,block30,daily_incomplete_pollutant_days,pollutant_availability_subset,nonindustrial_lower,bias,ng m-3,a_minus_b,-0.009474640935521472,-0.1169912151570606,0.025093648673502247,489,10,25,station_x_block,20260921,2000,3bea97d4042a40fb665f8bdd3eec8d09bb4adce450c662958c3439560b610ceb
Masking,E_P|log1p|uniform|permissive|mask,E_P|log1p|uniform|permissive|none,loso,daily,all_expected_targets,all_network,RMSE,ng m-3,a_minus_b,0.07512811222616667,-0.04183767421076223,0.40287173142726823,5089,21,1,station,20260921,2000,49422f1082065a9d47ebdfaf52caf564b1c3e1dad3fba927ae8da3a978f385a0
Masking,E_P|log1p|uniform|permissive|mask,E_P|log1p|uniform|permissive|none,loso,daily,all_expected_targets,all_network,MAE,ng m-3,a_minus_b,0.151664463421175,0.02127995064552417,0.33391413450609914,5089,21,1,station,20260921,2000,49422f1082065a9d47ebdfaf52caf564b1c3e1dad3fba927ae8da3a978f385a0
Masking,E_P|log1p|uniform|permissive|mask,E_P|log1p|uniform|permissive|none,loso,daily,all_expected_targets,all_network,bias,ng m-3,a_minus_b,0.1318814491860169,-0.029223692502244,0.33654703674877,5089,21,1,station,20260921,2000,49422f1082065a9d47ebdfaf52caf564b1c3e1dad3fba927ae8da3a978f385a0
Masking,E_P|log1p|uniform|permissive|mask,E_P|log1p|uniform|permissive|none,loso,daily,all_expected_targets,nonindustrial,RMSE,ng m-3,a_minus_b,0.2519939598417307,0.08027420366088397,0.45170305014110024,4852,20,1,station,20260921,2000,5d1137882eec8537744050437f9ce1b569790644db3bdcfe69d5597e07b2e781
Masking,E_P|log1p|uniform|permissive|mask,E_P|log1p|uniform|permissive|none,loso,daily,all_expected_targets,nonindustrial,MAE,ng m-3,a_minus_b,0.16863034799694354,0.03678814862137433,0.33994664354281234,4852,20,1,station,20260921,2000,5d1137882eec8537744050437f9ce1b569790644db3bdcfe69d5597e07b2e781
Masking,E_P|log1p|uniform|permissive|mask,E_P|log1p|uniform|permissive|none,loso,daily,all_expected_targets,nonindustrial,bias,ng m-3,a_minus_b,0.11985801828458988,-0.04166769182072921,0.3260876397885902,4852,20,1,station,20260921,2000,5d1137882eec8537744050437f9ce1b569790644db3bdcfe69d5597e07b2e781
Masking,E_P|log1p|uniform|permissive|mask,E_P|log1p|uniform|permissive|none,loso,daily,all_expected_targets,nonindustrial_higher,RMSE,ng m-3,a_minus_b,0.1353469549332562,0.05380770449694741,0.2242721750414439,2394,10,1,station,20260921,2000,62f59d22b59dd9d7e2e072c7b3fe63144e2f3e8824a30706c4074510f362197d
Masking,E_P|log1p|uniform|permissive|mask,E_P|log1p|uniform|permissive|none,loso,daily,all_expected_targets,nonindustrial_higher,MAE,ng m-3,a_minus_b,0.09047296887751044,0.043990867100974766,0.15277516873912353,2394,10,1,station,20260921,2000,62f59d22b59dd9d7e2e072c7b3fe63144e2f3e8824a30706c4074510f362197d
Masking,E_P|log1p|uniform|permissive|mask,E_P|log1p|uniform|permissive|none,loso,daily,all_expected_targets,nonindustrial_higher,bias,ng m-3,a_minus_b,-0.010327887837410205,-0.13617280916166374,0.13280918512935697,2394,10,1,station,20260921,2000,62f59d22b59dd9d7e2e072c7b3fe63144e2f3e8824a30706c4074510f362197d
Masking,E_P|log1p|uniform|permissive|mask,E_P|log1p|uniform|permissive|none,loso,daily,all_expected_targets,nonindustrial_lower,RMSE,ng m-3,a_minus_b,0.4228761738527341,0.03747323543552227,0.7333335120589053,2458,10,1,station,20260921,2000,b29a851546d291a0d2f7dfae9c12846445d0e09a394514e7c02a871b374d99af
Masking,E_P|log1p|uniform|permissive|mask,E_P|log1p|uniform|permissive|none,loso,daily,all_expected_targets,nonindustrial_lower,MAE,ng m-3,a_minus_b,0.2447527099220545,0.006335924876555155,0.5785293346151411,2458,10,1,station,20260921,2000,b29a851546d291a0d2f7dfae9c12846445d0e09a394514e7c02a871b374d99af
Masking,E_P|log1p|uniform|permissive|mask,E_P|log1p|uniform|permissive|none,loso,daily,all_expected_targets,nonindustrial_lower,bias,ng m-3,a_minus_b,0.2466542181446664,-0.025167022953551114,0.6052924455888283,2458,10,1,station,20260921,2000,b29a851546d291a0d2f7dfae9c12846445d0e09a394514e7c02a871b374d99af
Masking,E_P|log1p|uniform|permissive|mask,E_P|log1p|uniform|permissive|none,loso,station_year_mean,all_sampled_dates,all_network,RMSE,ng m-3,a_minus_b,0.04741240903923738,-0.10478002192806973,0.5084173110884909,42,21,1,station,20260921,2000,a4b83f112a2a39d7bb39c1c70c56f5678dc7ac9449f27af54e02cbafaafd9a52
Masking,E_P|log1p|uniform|permissive|mask,E_P|log1p|uniform|permissive|none,loso,station_year_mean,all_sampled_dates,all_network,MAE,ng m-3,a_minus_b,0.1499392473890273,0.009790902802217786,0.334566125890778,42,21,1,station,20260921,2000,a4b83f112a2a39d7bb39c1c70c56f5678dc7ac9449f27af54e02cbafaafd9a52
Masking,E_P|log1p|uniform|permissive|mask,E_P|log1p|uniform|permissive|none,loso,station_year_mean,all_sampled_dates,all_network,bias,ng m-3,a_minus_b,0.14974728374657986,-0.01977328436017594,0.35343786717070313,42,21,1,station,20260921,2000,a4b83f112a2a39d7bb39c1c70c56f5678dc7ac9449f27af54e02cbafaafd9a52
Masking,E_P|log1p|uniform|permissive|mask,E_P|log1p|uniform|permissive|none,loso,station_year_mean,all_sampled_dates,nonindustrial,RMSE,ng m-3,a_minus_b,0.3312802075115322,0.08711070552874456,0.5517047259470464,40,20,1,station,20260921,2000,75f77a11b57c142012fafa94a0442f20d6ba5eff6db77fdddfbfa204481e78df
Masking,E_P|log1p|uniform|permissive|mask,E_P|log1p|uniform|permissive|none,loso,station_year_mean,all_sampled_dates,nonindustrial,MAE,ng m-3,a_minus_b,0.17633680688451342,0.03894605714286837,0.3474534756002319,40,20,1,station,20260921,2000,75f77a11b57c142012fafa94a0442f20d6ba5eff6db77fdddfbfa204481e78df
Masking,E_P|log1p|uniform|permissive|mask,E_P|log1p|uniform|permissive|none,loso,station_year_mean,all_sampled_dates,nonindustrial,bias,ng m-3,a_minus_b,0.13833405080787398,-0.03443910135233887,0.34522722261085503,40,20,1,station,20260921,2000,75f77a11b57c142012fafa94a0442f20d6ba5eff6db77fdddfbfa204481e78df
Masking,E_P|log1p|uniform|permissive|mask,E_P|log1p|uniform|permissive|none,loso,station_year_mean,all_sampled_dates,nonindustrial_higher,RMSE,ng m-3,a_minus_b,0.13680368573602508,0.06664184892575303,0.20292562165355296,20,10,1,station,20260921,2000,54d313e95dc309aa2e8ef845fd41708208c653e62ac636636faccd8f7f1e8a69
Masking,E_P|log1p|uniform|permissive|mask,E_P|log1p|uniform|permissive|none,loso,station_year_mean,all_sampled_dates,nonindustrial_higher,MAE,ng m-3,a_minus_b,0.11475484919024248,0.04656695393547307,0.1867075327518284,20,10,1,station,20260921,2000,54d313e95dc309aa2e8ef845fd41708208c653e62ac636636faccd8f7f1e8a69
Masking,E_P|log1p|uniform|permissive|mask,E_P|log1p|uniform|permissive|none,loso,station_year_mean,all_sampled_dates,nonindustrial_higher,bias,ng m-3,a_minus_b,-0.0013386203022032472,-0.1414116401954662,0.16636265589670146,20,10,1,station,20260921,2000,54d313e95dc309aa2e8ef845fd41708208c653e62ac636636faccd8f7f1e8a69
Masking,E_P|log1p|uniform|permissive|mask,E_P|log1p|uniform|permissive|none,loso,station_year_mean,all_sampled_dates,nonindustrial_lower,RMSE,ng m-3,a_minus_b,0.487651180046209,0.05541406491592393,0.7883164582929838,20,10,1,station,20260921,2000,670d7f6c2b4a419dd7125e6759a5a484d1cc22269df900a9e6b8100ba467cbdc
Masking,E_P|log1p|uniform|permissive|mask,E_P|log1p|uniform|permissive|none,loso,station_year_mean,all_sampled_dates,nonindustrial_lower,MAE,ng m-3,a_minus_b,0.2379187645787844,-0.018841442137787236,0.5572896718792405,20,10,1,station,20260921,2000,670d7f6c2b4a419dd7125e6759a5a484d1cc22269df900a9e6b8100ba467cbdc
Masking,E_P|log1p|uniform|permissive|mask,E_P|log1p|uniform|permissive|none,loso,station_year_mean,all_sampled_dates,nonindustrial_lower,bias,ng m-3,a_minus_b,0.27800672191795117,-0.007300481108278217,0.6194823570830588,20,10,1,station,20260921,2000,670d7f6c2b4a419dd7125e6759a5a484d1cc22269df900a9e6b8100ba467cbdc
Masking,E_P|log1p|uniform|permissive|mask,E_P|log1p|uniform|permissive|none,loso,daily_complete_pollutant_days,pollutant_availability_subset,all_network,RMSE,ng m-3,a_minus_b,0.2196251754492139,0.06372311159909767,0.4226661401950238,4308,19,1,station,20260921,2000,67faf505efd6f0d6bb0b3f597eb172f8146b2effb0c729e07c637195e3ebcb3e
Masking,E_P|log1p|uniform|permissive|mask,E_P|log1p|uniform|permissive|none,loso,daily_complete_pollutant_days,pollutant_availability_subset,all_network,MAE,ng m-3,a_minus_b,0.14776339158060342,0.029959396114110422,0.31982710203945985,4308,19,1,station,20260921,2000,67faf505efd6f0d6bb0b3f597eb172f8146b2effb0c729e07c637195e3ebcb3e
Masking,E_P|log1p|uniform|permissive|mask,E_P|log1p|uniform|permissive|none,loso,daily_complete_pollutant_days,pollutant_availability_subset,all_network,bias,ng m-3,a_minus_b,0.08543789920073351,-0.05942956269760567,0.28585352129130603,4308,19,1,station,20260921,2000,67faf505efd6f0d6bb0b3f597eb172f8146b2effb0c729e07c637195e3ebcb3e
Masking,E_P|log1p|uniform|permissive|mask,E_P|log1p|uniform|permissive|none,loso,daily_complete_pollutant_days,pollutant_availability_subset,nonindustrial,RMSE,ng m-3,a_minus_b,0.2196251754492139,0.06372311159909767,0.4226661401950238,4308,19,1,station,20260921,2000,67faf505efd6f0d6bb0b3f597eb172f8146b2effb0c729e07c637195e3ebcb3e
Masking,E_P|log1p|uniform|permissive|mask,E_P|log1p|uniform|permissive|none,loso,daily_complete_pollutant_days,pollutant_availability_subset,nonindustrial,MAE,ng m-3,a_minus_b,0.14776339158060342,0.029959396114110422,0.31982710203945985,4308,19,1,station,20260921,2000,67faf505efd6f0d6bb0b3f597eb172f8146b2effb0c729e07c637195e3ebcb3e
Masking,E_P|log1p|uniform|permissive|mask,E_P|log1p|uniform|permissive|none,loso,daily_complete_pollutant_days,pollutant_availability_subset,nonindustrial,bias,ng m-3,a_minus_b,0.08543789920073351,-0.05942956269760567,0.28585352129130603,4308,19,1,station,20260921,2000,67faf505efd6f0d6bb0b3f597eb172f8146b2effb0c729e07c637195e3ebcb3e
Masking,E_P|log1p|uniform|permissive|mask,E_P|log1p|uniform|permissive|none,loso,daily_complete_pollutant_days,pollutant_availability_subset,nonindustrial_higher,RMSE,ng m-3,a_minus_b,0.14125143773302273,0.05700068231053483,0.23074534620913323,2339,10,1,station,20260921,2000,534366f7de3dae0bdb8358ad917802203a80c1991867cd2e723a3bcff37b3d6c
Masking,E_P|log1p|uniform|permissive|mask,E_P|log1p|uniform|permissive|none,loso,daily_complete_pollutant_days,pollutant_availability_subset,nonindustrial_higher,MAE,ng m-3,a_minus_b,0.09505049315252667,0.046996765603386996,0.15656081191666438,2339,10,1,station,20260921,2000,534366f7de3dae0bdb8358ad917802203a80c1991867cd2e723a3bcff37b3d6c
Masking,E_P|log1p|uniform|permissive|mask,E_P|log1p|uniform|permissive|none,loso,daily_complete_pollutant_days,pollutant_availability_subset,nonindustrial_higher,bias,ng m-3,a_minus_b,-0.0028252713714236877,-0.12815311206783608,0.1379957199555289,2339,10,1,station,20260921,2000,534366f7de3dae0bdb8358ad917802203a80c1991867cd2e723a3bcff37b3d6c
Masking,E_P|log1p|uniform|permissive|mask,E_P|log1p|uniform|permissive|none,loso,daily_complete_pollutant_days,pollutant_availability_subset,nonindustrial_lower,RMSE,ng m-3,a_minus_b,0.3786166580478245,-0.025193355579944107,0.7538929738990191,1969,9,1,station,20260921,2000,0368b43e687ddcdc6346fedbf5a156f1aba1be1fd1ba4380fd3274ff5dae8093
Masking,E_P|log1p|uniform|permissive|mask,E_P|log1p|uniform|permissive|none,loso,daily_complete_pollutant_days,pollutant_availability_subset,nonindustrial_lower,MAE,ng m-3,a_minus_b,0.2103817102313255,-0.029186533291170588,0.5873021295810001,1969,9,1,station,20260921,2000,0368b43e687ddcdc6346fedbf5a156f1aba1be1fd1ba4380fd3274ff5dae8093
Masking,E_P|log1p|uniform|permissive|mask,E_P|log1p|uniform|permissive|none,loso,daily_complete_pollutant_days,pollutant_availability_subset,nonindustrial_lower,bias,ng m-3,a_minus_b,0.19028683570061963,-0.08387046191804315,0.5875879128362772,1969,9,1,station,20260921,2000,0368b43e687ddcdc6346fedbf5a156f1aba1be1fd1ba4380fd3274ff5dae8093
Masking,E_P|log1p|uniform|permissive|mask,E_P|log1p|uniform|permissive|none,loso,daily_incomplete_pollutant_days,pollutant_availability_subset,all_network,RMSE,ng m-3,a_minus_b,-0.04632073574441442,-0.19969709403263672,0.7906663978327851,781,19,1,station,20260921,2000,a75d46e1587e47378cd224d3428a99ff7be4ab89de4925dd4d16cf8a0d1c1e7e
Masking,E_P|log1p|uniform|permissive|mask,E_P|log1p|uniform|permissive|none,loso,daily_incomplete_pollutant_days,pollutant_availability_subset,all_network,MAE,ng m-3,a_minus_b,0.17318279567364914,-0.14884469365013053,0.7420260878189444,781,19,1,station,20260921,2000,a75d46e1587e47378cd224d3428a99ff7be4ab89de4925dd4d16cf8a0d1c1e7e
Masking,E_P|log1p|uniform|permissive|mask,E_P|log1p|uniform|permissive|none,loso,daily_incomplete_pollutant_days,pollutant_availability_subset,all_network,bias,ng m-3,a_minus_b,0.3880643087719333,-0.09793952035203782,0.89288041328706,781,19,1,station,20260921,2000,a75d46e1587e47378cd224d3428a99ff7be4ab89de4925dd4d16cf8a0d1c1e7e
Masking,E_P|log1p|uniform|permissive|mask,E_P|log1p|uniform|permissive|none,loso,daily_incomplete_pollutant_days,pollutant_availability_subset,nonindustrial,RMSE,ng m-3,a_minus_b,0.5014101193132763,-0.13509549402173748,0.8499269857675879,544,18,1,station,20260921,2000,b15751201784f3ba52ed7b95fe535bf1bd6a7ec1b2945af9917f7dc1c7560180
Masking,E_P|log1p|uniform|permissive|mask,E_P|log1p|uniform|permissive|none,loso,daily_incomplete_pollutant_days,pollutant_availability_subset,nonindustrial,MAE,ng m-3,a_minus_b,0.33387823079398893,-0.07446925328652956,0.8084988981402412,544,18,1,station,20260921,2000,b15751201784f3ba52ed7b95fe535bf1bd6a7ec1b2945af9917f7dc1c7560180
Masking,E_P|log1p|uniform|permissive|mask,E_P|log1p|uniform|permissive|none,loso,daily_incomplete_pollutant_days,pollutant_availability_subset,nonindustrial,bias,ng m-3,a_minus_b,0.39243499073542276,-0.1700751398797057,0.9832744857432828,544,18,1,station,20260921,2000,b15751201784f3ba52ed7b95fe535bf1bd6a7ec1b2945af9917f7dc1c7560180
Masking,E_P|log1p|uniform|permissive|mask,E_P|log1p|uniform|permissive|none,loso,daily_incomplete_pollutant_days,pollutant_availability_subset,nonindustrial_higher,RMSE,ng m-3,a_minus_b,-0.20896512282722002,-0.5085122756773516,0.04211486750220907,55,8,1,station,20260921,2000,8bc742768f84e0cde5fbf4649429eaae5d0031446127da5adde987434322784b
Masking,E_P|log1p|uniform|permissive|mask,E_P|log1p|uniform|permissive|none,loso,daily_incomplete_pollutant_days,pollutant_availability_subset,nonindustrial_higher,MAE,ng m-3,a_minus_b,-0.10419665438181824,-0.2547069051995003,0.012204365561594037,55,8,1,station,20260921,2000,8bc742768f84e0cde5fbf4649429eaae5d0031446127da5adde987434322784b
Masking,E_P|log1p|uniform|permissive|mask,E_P|log1p|uniform|permissive|none,loso,daily_incomplete_pollutant_days,pollutant_availability_subset,nonindustrial_higher,bias,ng m-3,a_minus_b,-0.32939370445454547,-0.9106959986764707,0.005643276577205811,55,8,1,station,20260921,2000,8bc742768f84e0cde5fbf4649429eaae5d0031446127da5adde987434322784b
Masking,E_P|log1p|uniform|permissive|mask,E_P|log1p|uniform|permissive|none,loso,daily_incomplete_pollutant_days,pollutant_availability_subset,nonindustrial_lower,RMSE,ng m-3,a_minus_b,0.5681730911008782,-0.06788119450450827,1.218917879658136,489,10,1,station,20260921,2000,3bea97d4042a40fb665f8bdd3eec8d09bb4adce450c662958c3439560b610ceb
Masking,E_P|log1p|uniform|permissive|mask,E_P|log1p|uniform|permissive|none,loso,daily_incomplete_pollutant_days,pollutant_availability_subset,nonindustrial_lower,MAE,ng m-3,a_minus_b,0.3831504571430061,-0.06029363086044207,0.9141386996782098,489,10,1,station,20260921,2000,3bea97d4042a40fb665f8bdd3eec8d09bb4adce450c662958c3439560b610ceb
Masking,E_P|log1p|uniform|permissive|mask,E_P|log1p|uniform|permissive|none,loso,daily_incomplete_pollutant_days,pollutant_availability_subset,nonindustrial_lower,bias,ng m-3,a_minus_b,0.4736222672905316,-0.0596499347878477,1.1065517780137724,489,10,1,station,20260921,2000,3bea97d4042a40fb665f8bdd3eec8d09bb4adce450c662958c3439560b610ceb
Programme-matched,E_P_MATCHED,E_P|log1p|uniform|permissive|none,block30,daily,all_expected_targets,all_network,RMSE,ng m-3,a_minus_b,-0.013722345700489136,-0.03404494690003684,0.002238803025469908,5089,21,25,station_x_block,20260921,2000,49422f1082065a9d47ebdfaf52caf564b1c3e1dad3fba927ae8da3a978f385a0
Programme-matched,E_P_MATCHED,E_P|log1p|uniform|permissive|none,block30,daily,all_expected_targets,all_network,MAE,ng m-3,a_minus_b,-0.004035228673098856,-0.01103000585031431,0.0010069143058640344,5089,21,25,station_x_block,20260921,2000,49422f1082065a9d47ebdfaf52caf564b1c3e1dad3fba927ae8da3a978f385a0
Programme-matched,E_P_MATCHED,E_P|log1p|uniform|permissive|none,block30,daily,all_expected_targets,all_network,bias,ng m-3,a_minus_b,-0.0051315118437020996,-0.01721297771385073,0.003322912024156635,5089,21,25,station_x_block,20260921,2000,49422f1082065a9d47ebdfaf52caf564b1c3e1dad3fba927ae8da3a978f385a0
Programme-matched,E_P_MATCHED,E_P|log1p|uniform|permissive|none,block30,daily,all_expected_targets,nonindustrial,RMSE,ng m-3,a_minus_b,-0.003252349995535919,-0.01399371288155874,0.0013969045306957606,4852,20,25,station_x_block,20260921,2000,5d1137882eec8537744050437f9ce1b569790644db3bdcfe69d5597e07b2e781
Programme-matched,E_P_MATCHED,E_P|log1p|uniform|permissive|none,block30,daily,all_expected_targets,nonindustrial,MAE,ng m-3,a_minus_b,-0.0032329780909727823,-0.008777373817478257,9.148369096165476e-05,4852,20,25,station_x_block,20260921,2000,5d1137882eec8537744050437f9ce1b569790644db3bdcfe69d5597e07b2e781
Programme-matched,E_P_MATCHED,E_P|log1p|uniform|permissive|none,block30,daily,all_expected_targets,nonindustrial,bias,ng m-3,a_minus_b,-0.00372043385667766,-0.012995353955066317,0.00265141600406533,4852,20,25,station_x_block,20260921,2000,5d1137882eec8537744050437f9ce1b569790644db3bdcfe69d5597e07b2e781
Programme-matched,E_P_MATCHED,E_P|log1p|uniform|permissive|none,block30,daily,all_expected_targets,nonindustrial_higher,RMSE,ng m-3,a_minus_b,-0.00404907132888388,-0.02195514298148679,0.0029572992214060884,2394,10,25,station_x_block,20260921,2000,62f59d22b59dd9d7e2e072c7b3fe63144e2f3e8824a30706c4074510f362197d
Programme-matched,E_P_MATCHED,E_P|log1p|uniform|permissive|none,block30,daily,all_expected_targets,nonindustrial_higher,MAE,ng m-3,a_minus_b,-0.0038528474147870306,-0.014559825088670634,0.0008613652532434648,2394,10,25,station_x_block,20260921,2000,62f59d22b59dd9d7e2e072c7b3fe63144e2f3e8824a30706c4074510f362197d
Programme-matched,E_P_MATCHED,E_P|log1p|uniform|permissive|none,block30,daily,all_expected_targets,nonindustrial_higher,bias,ng m-3,a_minus_b,-0.006146826116541354,-0.02306695499803185,0.0026020398930875215,2394,10,25,station_x_block,20260921,2000,62f59d22b59dd9d7e2e072c7b3fe63144e2f3e8824a30706c4074510f362197d
Programme-matched,E_P_MATCHED,E_P|log1p|uniform|permissive|none,block30,daily,all_expected_targets,nonindustrial_lower,RMSE,ng m-3,a_minus_b,-0.0023053513291589334,-0.007968102262673329,0.0007905517625674032,2458,10,25,station_x_block,20260921,2000,b29a851546d291a0d2f7dfae9c12846445d0e09a394514e7c02a871b374d99af
Programme-matched,E_P_MATCHED,E_P|log1p|uniform|permissive|none,block30,daily,all_expected_targets,nonindustrial_lower,MAE,ng m-3,a_minus_b,-0.0026292485705451396,-0.006942896007987859,0.0003470387278669074,2458,10,25,station_x_block,20260921,2000,b29a851546d291a0d2f7dfae9c12846445d0e09a394514e7c02a871b374d99af
Programme-matched,E_P_MATCHED,E_P|log1p|uniform|permissive|none,block30,daily,all_expected_targets,nonindustrial_lower,bias,ng m-3,a_minus_b,-0.0013572186125305127,-0.007504250577179757,0.007243736027241556,2458,10,25,station_x_block,20260921,2000,b29a851546d291a0d2f7dfae9c12846445d0e09a394514e7c02a871b374d99af
Programme-matched,E_P_MATCHED,E_P|log1p|uniform|permissive|none,block30,station_year_mean,all_sampled_dates,all_network,RMSE,ng m-3,a_minus_b,0.008574320870113228,0.0008823347128263338,0.014562886718664719,42,21,1,station,20260921,2000,a4b83f112a2a39d7bb39c1c70c56f5678dc7ac9449f27af54e02cbafaafd9a52
Programme-matched,E_P_MATCHED,E_P|log1p|uniform|permissive|none,block30,station_year_mean,all_sampled_dates,all_network,MAE,ng m-3,a_minus_b,0.00587450162278963,0.0008318705697897963,0.0118178804411949,42,21,1,station,20260921,2000,a4b83f112a2a39d7bb39c1c70c56f5678dc7ac9449f27af54e02cbafaafd9a52
Programme-matched,E_P_MATCHED,E_P|log1p|uniform|permissive|none,block30,station_year_mean,all_sampled_dates,all_network,bias,ng m-3,a_minus_b,-0.005183946206018669,-0.011713250665498682,-0.0001472385224747507,42,21,1,station,20260921,2000,a4b83f112a2a39d7bb39c1c70c56f5678dc7ac9449f27af54e02cbafaafd9a52
Programme-matched,E_P_MATCHED,E_P|log1p|uniform|permissive|none,block30,station_year_mean,all_sampled_dates,nonindustrial,RMSE,ng m-3,a_minus_b,0.005741419558509986,0.00034787109214052885,0.014864627490162624,40,20,1,station,20260921,2000,75f77a11b57c142012fafa94a0442f20d6ba5eff6db77fdddfbfa204481e78df
Programme-matched,E_P_MATCHED,E_P|log1p|uniform|permissive|none,block30,station_year_mean,all_sampled_dates,nonindustrial,MAE,ng m-3,a_minus_b,0.0044696232828530524,0.0001073290967915296,0.010425290030145801,40,20,1,station,20260921,2000,75f77a11b57c142012fafa94a0442f20d6ba5eff6db77fdddfbfa204481e78df
Programme-matched,E_P_MATCHED,E_P|log1p|uniform|permissive|none,block30,station_year_mean,all_sampled_dates,nonindustrial,bias,ng m-3,a_minus_b,-0.0037445400952435502,-0.01017470959356487,0.0006433351526790081,40,20,1,station,20260921,2000,75f77a11b57c142012fafa94a0442f20d6ba5eff6db77fdddfbfa204481e78df
Programme-matched,E_P_MATCHED,E_P|log1p|uniform|permissive|none,block30,station_year_mean,all_sampled_dates,nonindustrial_higher,RMSE,ng m-3,a_minus_b,0.00840543224743416,0.00012560437084143083,0.023069060700707033,20,10,1,station,20260921,2000,54d313e95dc309aa2e8ef845fd41708208c653e62ac636636faccd8f7f1e8a69
Programme-matched,E_P_MATCHED,E_P|log1p|uniform|permissive|none,block30,station_year_mean,all_sampled_dates,nonindustrial_higher,MAE,ng m-3,a_minus_b,0.007351957897134637,0.0007953600710561368,0.0173641431324361,20,10,1,station,20260921,2000,54d313e95dc309aa2e8ef845fd41708208c653e62ac636636faccd8f7f1e8a69
Programme-matched,E_P_MATCHED,E_P|log1p|uniform|permissive|none,block30,station_year_mean,all_sampled_dates,nonindustrial_higher,bias,ng m-3,a_minus_b,-0.006114850160679766,-0.017369618451802127,0.0015282195492180568,20,10,1,station,20260921,2000,54d313e95dc309aa2e8ef845fd41708208c653e62ac636636faccd8f7f1e8a69
Programme-matched,E_P_MATCHED,E_P|log1p|uniform|permissive|none,block30,station_year_mean,all_sampled_dates,nonindustrial_lower,RMSE,ng m-3,a_minus_b,0.0020308224722668314,-0.0012055481716025497,0.004982454825930872,20,10,1,station,20260921,2000,670d7f6c2b4a419dd7125e6759a5a484d1cc22269df900a9e6b8100ba467cbdc
Programme-matched,E_P_MATCHED,E_P|log1p|uniform|permissive|none,block30,station_year_mean,all_sampled_dates,nonindustrial_lower,MAE,ng m-3,a_minus_b,0.001587288668571496,-0.0030808550314895744,0.005427652984917137,20,10,1,station,20260921,2000,670d7f6c2b4a419dd7125e6759a5a484d1cc22269df900a9e6b8100ba467cbdc
Programme-matched,E_P_MATCHED,E_P|log1p|uniform|permissive|none,block30,station_year_mean,all_sampled_dates,nonindustrial_lower,bias,ng m-3,a_minus_b,-0.0013742300298073315,-0.004359627689899404,0.0021949863093985718,20,10,1,station,20260921,2000,670d7f6c2b4a419dd7125e6759a5a484d1cc22269df900a9e6b8100ba467cbdc
Programme-matched,E_P_MATCHED,E_P|log1p|uniform|permissive|none,block30,daily_complete_pollutant_days,pollutant_availability_subset,all_network,RMSE,ng m-3,a_minus_b,0.0,0.0,0.0,4308,19,25,station_x_block,20260921,2000,67faf505efd6f0d6bb0b3f597eb172f8146b2effb0c729e07c637195e3ebcb3e
Programme-matched,E_P_MATCHED,E_P|log1p|uniform|permissive|none,block30,daily_complete_pollutant_days,pollutant_availability_subset,all_network,MAE,ng m-3,a_minus_b,0.0,0.0,0.0,4308,19,25,station_x_block,20260921,2000,67faf505efd6f0d6bb0b3f597eb172f8146b2effb0c729e07c637195e3ebcb3e
Programme-matched,E_P_MATCHED,E_P|log1p|uniform|permissive|none,block30,daily_complete_pollutant_days,pollutant_availability_subset,all_network,bias,ng m-3,a_minus_b,0.0,0.0,0.0,4308,19,25,station_x_block,20260921,2000,67faf505efd6f0d6bb0b3f597eb172f8146b2effb0c729e07c637195e3ebcb3e
Programme-matched,E_P_MATCHED,E_P|log1p|uniform|permissive|none,block30,daily_complete_pollutant_days,pollutant_availability_subset,nonindustrial,RMSE,ng m-3,a_minus_b,0.0,0.0,0.0,4308,19,25,station_x_block,20260921,2000,67faf505efd6f0d6bb0b3f597eb172f8146b2effb0c729e07c637195e3ebcb3e
Programme-matched,E_P_MATCHED,E_P|log1p|uniform|permissive|none,block30,daily_complete_pollutant_days,pollutant_availability_subset,nonindustrial,MAE,ng m-3,a_minus_b,0.0,0.0,0.0,4308,19,25,station_x_block,20260921,2000,67faf505efd6f0d6bb0b3f597eb172f8146b2effb0c729e07c637195e3ebcb3e
Programme-matched,E_P_MATCHED,E_P|log1p|uniform|permissive|none,block30,daily_complete_pollutant_days,pollutant_availability_subset,nonindustrial,bias,ng m-3,a_minus_b,0.0,0.0,0.0,4308,19,25,station_x_block,20260921,2000,67faf505efd6f0d6bb0b3f597eb172f8146b2effb0c729e07c637195e3ebcb3e
Programme-matched,E_P_MATCHED,E_P|log1p|uniform|permissive|none,block30,daily_complete_pollutant_days,pollutant_availability_subset,nonindustrial_higher,RMSE,ng m-3,a_minus_b,0.0,0.0,0.0,2339,10,25,station_x_block,20260921,2000,534366f7de3dae0bdb8358ad917802203a80c1991867cd2e723a3bcff37b3d6c
Programme-matched,E_P_MATCHED,E_P|log1p|uniform|permissive|none,block30,daily_complete_pollutant_days,pollutant_availability_subset,nonindustrial_higher,MAE,ng m-3,a_minus_b,0.0,0.0,0.0,2339,10,25,station_x_block,20260921,2000,534366f7de3dae0bdb8358ad917802203a80c1991867cd2e723a3bcff37b3d6c
Programme-matched,E_P_MATCHED,E_P|log1p|uniform|permissive|none,block30,daily_complete_pollutant_days,pollutant_availability_subset,nonindustrial_higher,bias,ng m-3,a_minus_b,0.0,0.0,0.0,2339,10,25,station_x_block,20260921,2000,534366f7de3dae0bdb8358ad917802203a80c1991867cd2e723a3bcff37b3d6c
Programme-matched,E_P_MATCHED,E_P|log1p|uniform|permissive|none,block30,daily_complete_pollutant_days,pollutant_availability_subset,nonindustrial_lower,RMSE,ng m-3,a_minus_b,0.0,0.0,0.0,1969,9,25,station_x_block,20260921,2000,0368b43e687ddcdc6346fedbf5a156f1aba1be1fd1ba4380fd3274ff5dae8093
Programme-matched,E_P_MATCHED,E_P|log1p|uniform|permissive|none,block30,daily_complete_pollutant_days,pollutant_availability_subset,nonindustrial_lower,MAE,ng m-3,a_minus_b,0.0,0.0,0.0,1969,9,25,station_x_block,20260921,2000,0368b43e687ddcdc6346fedbf5a156f1aba1be1fd1ba4380fd3274ff5dae8093
Programme-matched,E_P_MATCHED,E_P|log1p|uniform|permissive|none,block30,daily_complete_pollutant_days,pollutant_availability_subset,nonindustrial_lower,bias,ng m-3,a_minus_b,0.0,0.0,0.0,1969,9,25,station_x_block,20260921,2000,0368b43e687ddcdc6346fedbf5a156f1aba1be1fd1ba4380fd3274ff5dae8093
Programme-matched,E_P_MATCHED,E_P|log1p|uniform|permissive|none,block30,daily_incomplete_pollutant_days,pollutant_availability_subset,all_network,RMSE,ng m-3,a_minus_b,-0.04087102145938282,-0.19430536177748362,0.017993122791801097,781,19,25,station_x_block,20260921,2000,a75d46e1587e47378cd224d3428a99ff7be4ab89de4925dd4d16cf8a0d1c1e7e
Programme-matched,E_P_MATCHED,E_P|log1p|uniform|permissive|none,block30,daily_incomplete_pollutant_days,pollutant_availability_subset,all_network,MAE,ng m-3,a_minus_b,-0.02629357070089622,-0.12225868230053771,0.005878892703417507,781,19,25,station_x_block,20260921,2000,a75d46e1587e47378cd224d3428a99ff7be4ab89de4925dd4d16cf8a0d1c1e7e
Programme-matched,E_P_MATCHED,E_P|log1p|uniform|permissive|none,block30,daily_incomplete_pollutant_days,pollutant_availability_subset,all_network,bias,ng m-3,a_minus_b,-0.03343695745531372,-0.17694989111018639,0.022353527301995756,781,19,25,station_x_block,20260921,2000,a75d46e1587e47378cd224d3428a99ff7be4ab89de4925dd4d16cf8a0d1c1e7e
Programme-matched,E_P_MATCHED,E_P|log1p|uniform|permissive|none,block30,daily_incomplete_pollutant_days,pollutant_availability_subset,nonindustrial,RMSE,ng m-3,a_minus_b,-0.04526741270303014,-0.30132346110293307,0.041761892523684986,544,18,25,station_x_block,20260921,2000,b15751201784f3ba52ed7b95fe535bf1bd6a7ec1b2945af9917f7dc1c7560180
Programme-matched,E_P_MATCHED,E_P|log1p|uniform|permissive|none,block30,daily_incomplete_pollutant_days,pollutant_availability_subset,nonindustrial,MAE,ng m-3,a_minus_b,-0.028835311943750025,-0.18141991867046758,0.002054778677756536,544,18,25,station_x_block,20260921,2000,b15751201784f3ba52ed7b95fe535bf1bd6a7ec1b2945af9917f7dc1c7560180
Programme-matched,E_P_MATCHED,E_P|log1p|uniform|permissive|none,block30,daily_incomplete_pollutant_days,pollutant_availability_subset,nonindustrial,bias,ng m-3,a_minus_b,-0.03318298726580882,-0.2950279837372282,0.027574358455447607,544,18,25,station_x_block,20260921,2000,b15751201784f3ba52ed7b95fe535bf1bd6a7ec1b2945af9917f7dc1c7560180
Programme-matched,E_P_MATCHED,E_P|log1p|uniform|permissive|none,block30,daily_incomplete_pollutant_days,pollutant_availability_subset,nonindustrial_higher,RMSE,ng m-3,a_minus_b,-0.2116957680179844,-0.8928832251703307,0.21636378705790132,55,8,12,station_x_block,20260921,2000,8bc742768f84e0cde5fbf4649429eaae5d0031446127da5adde987434322784b
Programme-matched,E_P_MATCHED,E_P|log1p|uniform|permissive|none,block30,daily_incomplete_pollutant_days,pollutant_availability_subset,nonindustrial_higher,MAE,ng m-3,a_minus_b,-0.16770394019999996,-0.5669965878822917,0.04980489894999999,55,8,12,station_x_block,20260921,2000,8bc742768f84e0cde5fbf4649429eaae5d0031446127da5adde987434322784b
Programme-matched,E_P_MATCHED,E_P|log1p|uniform|permissive|none,block30,daily_incomplete_pollutant_days,pollutant_availability_subset,nonindustrial_higher,bias,ng m-3,a_minus_b,-0.26755457678181815,-0.9549696607692307,0.24882868015113552,55,8,12,station_x_block,20260921,2000,8bc742768f84e0cde5fbf4649429eaae5d0031446127da5adde987434322784b
Programme-matched,E_P_MATCHED,E_P|log1p|uniform|permissive|none,block30,daily_incomplete_pollutant_days,pollutant_availability_subset,nonindustrial_lower,RMSE,ng m-3,a_minus_b,-0.010819786538638188,-0.14262056977300713,0.004209137376302377,489,10,25,station_x_block,20260921,2000,3bea97d4042a40fb665f8bdd3eec8d09bb4adce450c662958c3439560b610ceb
Programme-matched,E_P_MATCHED,E_P|log1p|uniform|permissive|none,block30,daily_incomplete_pollutant_days,pollutant_availability_subset,nonindustrial_lower,MAE,ng m-3,a_minus_b,-0.01321614107648264,-0.11037028713352139,0.0012844751562278308,489,10,25,station_x_block,20260921,2000,3bea97d4042a40fb665f8bdd3eec8d09bb4adce450c662958c3439560b610ceb
Programme-matched,E_P_MATCHED,E_P|log1p|uniform|permissive|none,block30,daily_incomplete_pollutant_days,pollutant_availability_subset,nonindustrial_lower,bias,ng m-3,a_minus_b,-0.0068221745390592975,-0.11153490548627329,0.027176107503770985,489,10,25,station_x_block,20260921,2000,3bea97d4042a40fb665f8bdd3eec8d09bb4adce450c662958c3439560b610ceb
Programme-matched,E_P_MATCHED,E_P|log1p|uniform|permissive|none,loso,daily,all_expected_targets,all_network,RMSE,ng m-3,a_minus_b,0.013912280797492071,-0.008734166883098183,0.10350238392920995,5089,21,1,station,20260921,2000,49422f1082065a9d47ebdfaf52caf564b1c3e1dad3fba927ae8da3a978f385a0
Programme-matched,E_P_MATCHED,E_P|log1p|uniform|permissive|none,loso,daily,all_expected_targets,all_network,MAE,ng m-3,a_minus_b,0.01334669992135784,-0.01170354079548928,0.052738159013178756,5089,21,1,station,20260921,2000,49422f1082065a9d47ebdfaf52caf564b1c3e1dad3fba927ae8da3a978f385a0
Programme-matched,E_P_MATCHED,E_P|log1p|uniform|permissive|none,loso,daily,all_expected_targets,all_network,bias,ng m-3,a_minus_b,0.013500574064101017,-0.01634266399292362,0.05818703933130128,5089,21,1,station,20260921,2000,49422f1082065a9d47ebdfaf52caf564b1c3e1dad3fba927ae8da3a978f385a0
Programme-matched,E_P_MATCHED,E_P|log1p|uniform|permissive|none,loso,daily,all_expected_targets,nonindustrial,RMSE,ng m-3,a_minus_b,0.04226493258260744,-0.008252002640007416,0.1257240468619045,4852,20,1,station,20260921,2000,5d1137882eec8537744050437f9ce1b569790644db3bdcfe69d5597e07b2e781
Programme-matched,E_P_MATCHED,E_P|log1p|uniform|permissive|none,loso,daily,all_expected_targets,nonindustrial,MAE,ng m-3,a_minus_b,0.014653229925309208,-0.010785777095245232,0.05570545486835012,4852,20,1,station,20260921,2000,5d1137882eec8537744050437f9ce1b569790644db3bdcfe69d5597e07b2e781
Programme-matched,E_P_MATCHED,E_P|log1p|uniform|permissive|none,loso,daily,all_expected_targets,nonindustrial,bias,ng m-3,a_minus_b,0.013148603045012365,-0.017635058315378566,0.05919325430458719,4852,20,1,station,20260921,2000,5d1137882eec8537744050437f9ce1b569790644db3bdcfe69d5597e07b2e781
Programme-matched,E_P_MATCHED,E_P|log1p|uniform|permissive|none,loso,daily,all_expected_targets,nonindustrial_higher,RMSE,ng m-3,a_minus_b,-0.004250184341517915,-0.010751805685029236,5.3798423453101145e-05,2394,10,1,station,20260921,2000,62f59d22b59dd9d7e2e072c7b3fe63144e2f3e8824a30706c4074510f362197d
Programme-matched,E_P_MATCHED,E_P|log1p|uniform|permissive|none,loso,daily,all_expected_targets,nonindustrial_higher,MAE,ng m-3,a_minus_b,-0.0033018575906432757,-0.006931709459963129,-0.0001326072143234882,2394,10,1,station,20260921,2000,62f59d22b59dd9d7e2e072c7b3fe63144e2f3e8824a30706c4074510f362197d
Programme-matched,E_P_MATCHED,E_P|log1p|uniform|permissive|none,loso,daily,all_expected_targets,nonindustrial_higher,bias,ng m-3,a_minus_b,-0.008176725264828738,-0.021628611904601476,0.00017741513996905343,2394,10,1,station,20260921,2000,62f59d22b59dd9d7e2e072c7b3fe63144e2f3e8824a30706c4074510f362197d
Programme-matched,E_P_MATCHED,E_P|log1p|uniform|permissive|none,loso,daily,all_expected_targets,nonindustrial_lower,RMSE,ng m-3,a_minus_b,0.11935262122504664,-0.01812372364094805,0.27029245244539596,2458,10,1,station,20260921,2000,b29a851546d291a0d2f7dfae9c12846445d0e09a394514e7c02a871b374d99af
Programme-matched,E_P_MATCHED,E_P|log1p|uniform|permissive|none,loso,daily,all_expected_targets,nonindustrial_lower,MAE,ng m-3,a_minus_b,0.03214081312839706,-0.017525390739031137,0.10843453377722138,2458,10,1,station,20260921,2000,b29a851546d291a0d2f7dfae9c12846445d0e09a394514e7c02a871b374d99af
Programme-matched,E_P_MATCHED,E_P|log1p|uniform|permissive|none,loso,daily,all_expected_targets,nonindustrial_lower,bias,ng m-3,a_minus_b,0.033918674637266055,-0.023104673560956992,0.11914576885450878,2458,10,1,station,20260921,2000,b29a851546d291a0d2f7dfae9c12846445d0e09a394514e7c02a871b374d99af
Programme-matched,E_P_MATCHED,E_P|log1p|uniform|permissive|none,loso,station_year_mean,all_sampled_dates,all_network,RMSE,ng m-3,a_minus_b,0.015910142267550276,-0.006881244930302867,0.15946247113447454,42,21,1,station,20260921,2000,a4b83f112a2a39d7bb39c1c70c56f5678dc7ac9449f27af54e02cbafaafd9a52
Programme-matched,E_P_MATCHED,E_P|log1p|uniform|permissive|none,loso,station_year_mean,all_sampled_dates,all_network,MAE,ng m-3,a_minus_b,0.019538184206215004,-0.011787960915289405,0.06665174190111171,42,21,1,station,20260921,2000,a4b83f112a2a39d7bb39c1c70c56f5678dc7ac9449f27af54e02cbafaafd9a52
Programme-matched,E_P_MATCHED,E_P|log1p|uniform|permissive|none,loso,station_year_mean,all_sampled_dates,all_network,bias,ng m-3,a_minus_b,0.015291041917028458,-0.017285378399302213,0.06411858320372214,42,21,1,station,20260921,2000,a4b83f112a2a39d7bb39c1c70c56f5678dc7ac9449f27af54e02cbafaafd9a52
Programme-matched,E_P_MATCHED,E_P|log1p|uniform|permissive|none,loso,station_year_mean,all_sampled_dates,nonindustrial,RMSE,ng m-3,a_minus_b,0.07439733677082877,-0.004142346980041057,0.18095339908225574,40,20,1,station,20260921,2000,75f77a11b57c142012fafa94a0442f20d6ba5eff6db77fdddfbfa204481e78df
Programme-matched,E_P_MATCHED,E_P|log1p|uniform|permissive|none,loso,station_year_mean,all_sampled_dates,nonindustrial,MAE,ng m-3,a_minus_b,0.021550797207891326,-0.010313635231511629,0.06815834656193576,40,20,1,station,20260921,2000,75f77a11b57c142012fafa94a0442f20d6ba5eff6db77fdddfbfa204481e78df
Programme-matched,E_P_MATCHED,E_P|log1p|uniform|permissive|none,loso,station_year_mean,all_sampled_dates,nonindustrial,bias,ng m-3,a_minus_b,0.015019890221514306,-0.0180100934601103,0.06498479551705327,40,20,1,station,20260921,2000,75f77a11b57c142012fafa94a0442f20d6ba5eff6db77fdddfbfa204481e78df
Programme-matched,E_P_MATCHED,E_P|log1p|uniform|permissive|none,loso,station_year_mean,all_sampled_dates,nonindustrial_higher,RMSE,ng m-3,a_minus_b,0.006994762037763003,-0.002384773896752191,0.021585052937485763,20,10,1,station,20260921,2000,54d313e95dc309aa2e8ef845fd41708208c653e62ac636636faccd8f7f1e8a69
Programme-matched,E_P_MATCHED,E_P|log1p|uniform|permissive|none,loso,station_year_mean,all_sampled_dates,nonindustrial_higher,MAE,ng m-3,a_minus_b,0.005563016289585554,-0.00360731077250247,0.020602636028379948,20,10,1,station,20260921,2000,54d313e95dc309aa2e8ef845fd41708208c653e62ac636636faccd8f7f1e8a69
Programme-matched,E_P_MATCHED,E_P|log1p|uniform|permissive|none,loso,station_year_mean,all_sampled_dates,nonindustrial_higher,bias,ng m-3,a_minus_b,-0.008352289054668949,-0.02244794770400101,0.0003443892659634891,20,10,1,station,20260921,2000,54d313e95dc309aa2e8ef845fd41708208c653e62ac636636faccd8f7f1e8a69
Programme-matched,E_P_MATCHED,E_P|log1p|uniform|permissive|none,loso,station_year_mean,all_sampled_dates,nonindustrial_lower,RMSE,ng m-3,a_minus_b,0.1372793617353676,-0.02358920963731726,0.30219521257796855,20,10,1,station,20260921,2000,670d7f6c2b4a419dd7125e6759a5a484d1cc22269df900a9e6b8100ba467cbdc
Programme-matched,E_P_MATCHED,E_P|log1p|uniform|permissive|none,loso,station_year_mean,all_sampled_dates,nonindustrial_lower,MAE,ng m-3,a_minus_b,0.03753857812619707,-0.024726832272334343,0.1320070177184526,20,10,1,station,20260921,2000,670d7f6c2b4a419dd7125e6759a5a484d1cc22269df900a9e6b8100ba467cbdc
Programme-matched,E_P_MATCHED,E_P|log1p|uniform|permissive|none,loso,station_year_mean,all_sampled_dates,nonindustrial_lower,bias,ng m-3,a_minus_b,0.03839206949769755,-0.02359164743423954,0.13193721587220647,20,10,1,station,20260921,2000,670d7f6c2b4a419dd7125e6759a5a484d1cc22269df900a9e6b8100ba467cbdc
Programme-matched,E_P_MATCHED,E_P|log1p|uniform|permissive|none,loso,daily_complete_pollutant_days,pollutant_availability_subset,all_network,RMSE,ng m-3,a_minus_b,0.0,0.0,0.0,4308,19,1,station,20260921,2000,67faf505efd6f0d6bb0b3f597eb172f8146b2effb0c729e07c637195e3ebcb3e
Programme-matched,E_P_MATCHED,E_P|log1p|uniform|permissive|none,loso,daily_complete_pollutant_days,pollutant_availability_subset,all_network,MAE,ng m-3,a_minus_b,0.0,0.0,0.0,4308,19,1,station,20260921,2000,67faf505efd6f0d6bb0b3f597eb172f8146b2effb0c729e07c637195e3ebcb3e
Programme-matched,E_P_MATCHED,E_P|log1p|uniform|permissive|none,loso,daily_complete_pollutant_days,pollutant_availability_subset,all_network,bias,ng m-3,a_minus_b,0.0,0.0,0.0,4308,19,1,station,20260921,2000,67faf505efd6f0d6bb0b3f597eb172f8146b2effb0c729e07c637195e3ebcb3e
Programme-matched,E_P_MATCHED,E_P|log1p|uniform|permissive|none,loso,daily_complete_pollutant_days,pollutant_availability_subset,nonindustrial,RMSE,ng m-3,a_minus_b,0.0,0.0,0.0,4308,19,1,station,20260921,2000,67faf505efd6f0d6bb0b3f597eb172f8146b2effb0c729e07c637195e3ebcb3e
Programme-matched,E_P_MATCHED,E_P|log1p|uniform|permissive|none,loso,daily_complete_pollutant_days,pollutant_availability_subset,nonindustrial,MAE,ng m-3,a_minus_b,0.0,0.0,0.0,4308,19,1,station,20260921,2000,67faf505efd6f0d6bb0b3f597eb172f8146b2effb0c729e07c637195e3ebcb3e
Programme-matched,E_P_MATCHED,E_P|log1p|uniform|permissive|none,loso,daily_complete_pollutant_days,pollutant_availability_subset,nonindustrial,bias,ng m-3,a_minus_b,0.0,0.0,0.0,4308,19,1,station,20260921,2000,67faf505efd6f0d6bb0b3f597eb172f8146b2effb0c729e07c637195e3ebcb3e
Programme-matched,E_P_MATCHED,E_P|log1p|uniform|permissive|none,loso,daily_complete_pollutant_days,pollutant_availability_subset,nonindustrial_higher,RMSE,ng m-3,a_minus_b,0.0,0.0,0.0,2339,10,1,station,20260921,2000,534366f7de3dae0bdb8358ad917802203a80c1991867cd2e723a3bcff37b3d6c
Programme-matched,E_P_MATCHED,E_P|log1p|uniform|permissive|none,loso,daily_complete_pollutant_days,pollutant_availability_subset,nonindustrial_higher,MAE,ng m-3,a_minus_b,0.0,0.0,0.0,2339,10,1,station,20260921,2000,534366f7de3dae0bdb8358ad917802203a80c1991867cd2e723a3bcff37b3d6c
Programme-matched,E_P_MATCHED,E_P|log1p|uniform|permissive|none,loso,daily_complete_pollutant_days,pollutant_availability_subset,nonindustrial_higher,bias,ng m-3,a_minus_b,0.0,0.0,0.0,2339,10,1,station,20260921,2000,534366f7de3dae0bdb8358ad917802203a80c1991867cd2e723a3bcff37b3d6c
Programme-matched,E_P_MATCHED,E_P|log1p|uniform|permissive|none,loso,daily_complete_pollutant_days,pollutant_availability_subset,nonindustrial_lower,RMSE,ng m-3,a_minus_b,0.0,0.0,0.0,1969,9,1,station,20260921,2000,0368b43e687ddcdc6346fedbf5a156f1aba1be1fd1ba4380fd3274ff5dae8093
Programme-matched,E_P_MATCHED,E_P|log1p|uniform|permissive|none,loso,daily_complete_pollutant_days,pollutant_availability_subset,nonindustrial_lower,MAE,ng m-3,a_minus_b,0.0,0.0,0.0,1969,9,1,station,20260921,2000,0368b43e687ddcdc6346fedbf5a156f1aba1be1fd1ba4380fd3274ff5dae8093
Programme-matched,E_P_MATCHED,E_P|log1p|uniform|permissive|none,loso,daily_complete_pollutant_days,pollutant_availability_subset,nonindustrial_lower,bias,ng m-3,a_minus_b,0.0,0.0,0.0,1969,9,1,station,20260921,2000,0368b43e687ddcdc6346fedbf5a156f1aba1be1fd1ba4380fd3274ff5dae8093
Programme-matched,E_P_MATCHED,E_P|log1p|uniform|permissive|none,loso,daily_incomplete_pollutant_days,pollutant_availability_subset,all_network,RMSE,ng m-3,a_minus_b,0.03886254495708563,-0.11774686434591572,0.5826944804495976,781,19,1,station,20260921,2000,a75d46e1587e47378cd224d3428a99ff7be4ab89de4925dd4d16cf8a0d1c1e7e
Programme-matched,E_P_MATCHED,E_P|log1p|uniform|permissive|none,loso,daily_incomplete_pollutant_days,pollutant_availability_subset,all_network,MAE,ng m-3,a_minus_b,0.08696716504454538,-0.08231257256112126,0.35171370783729317,781,19,1,station,20260921,2000,a75d46e1587e47378cd224d3428a99ff7be4ab89de4925dd4d16cf8a0d1c1e7e
Programme-matched,E_P_MATCHED,E_P|log1p|uniform|permissive|none,loso,daily_incomplete_pollutant_days,pollutant_availability_subset,all_network,bias,ng m-3,a_minus_b,0.08796980974674762,-0.13978705236621647,0.3654407799745398,781,19,1,station,20260921,2000,a75d46e1587e47378cd224d3428a99ff7be4ab89de4925dd4d16cf8a0d1c1e7e
Programme-matched,E_P_MATCHED,E_P|log1p|uniform|permissive|none,loso,daily_incomplete_pollutant_days,pollutant_availability_subset,nonindustrial,RMSE,ng m-3,a_minus_b,0.35185579435638936,-0.16884198447278512,0.6491054850365306,544,18,1,station,20260921,2000,b15751201784f3ba52ed7b95fe535bf1bd6a7ec1b2945af9917f7dc1c7560180
Programme-matched,E_P_MATCHED,E_P|log1p|uniform|permissive|none,loso,daily_incomplete_pollutant_days,pollutant_availability_subset,nonindustrial,MAE,ng m-3,a_minus_b,0.13069388161323536,-0.09874575688965428,0.39744783271648676,544,18,1,station,20260921,2000,b15751201784f3ba52ed7b95fe535bf1bd6a7ec1b2945af9917f7dc1c7560180
Programme-matched,E_P_MATCHED,E_P|log1p|uniform|permissive|none,loso,daily_incomplete_pollutant_days,pollutant_availability_subset,nonindustrial,bias,ng m-3,a_minus_b,0.1172739374529411,-0.2126353657304935,0.42138680343236834,544,18,1,station,20260921,2000,b15751201784f3ba52ed7b95fe535bf1bd6a7ec1b2945af9917f7dc1c7560180
Programme-matched,E_P_MATCHED,E_P|log1p|uniform|permissive|none,loso,daily_incomplete_pollutant_days,pollutant_availability_subset,nonindustrial_higher,RMSE,ng m-3,a_minus_b,-0.24942840576215342,-0.4794332908038683,-0.0077934709140967855,55,8,1,station,20260921,2000,8bc742768f84e0cde5fbf4649429eaae5d0031446127da5adde987434322784b
Programme-matched,E_P_MATCHED,E_P|log1p|uniform|permissive|none,loso,daily_incomplete_pollutant_days,pollutant_availability_subset,nonindustrial_higher,MAE,ng m-3,a_minus_b,-0.14372085585454542,-0.2831453223978972,-0.018517338027777924,55,8,1,station,20260921,2000,8bc742768f84e0cde5fbf4649429eaae5d0031446127da5adde987434322784b
Programme-matched,E_P_MATCHED,E_P|log1p|uniform|permissive|none,loso,daily_incomplete_pollutant_days,pollutant_availability_subset,nonindustrial_higher,bias,ng m-3,a_minus_b,-0.35591055061818183,-0.9719575275248334,0.002829005180952242,55,8,1,station,20260921,2000,8bc742768f84e0cde5fbf4649429eaae5d0031446127da5adde987434322784b
Programme-matched,E_P_MATCHED,E_P|log1p|uniform|permissive|none,loso,daily_incomplete_pollutant_days,pollutant_availability_subset,nonindustrial_lower,RMSE,ng m-3,a_minus_b,0.4102907826354536,-0.10038783532068593,1.07734840729763,489,10,1,station,20260921,2000,3bea97d4042a40fb665f8bdd3eec8d09bb4adce450c662958c3439560b610ceb
Programme-matched,E_P_MATCHED,E_P|log1p|uniform|permissive|none,loso,daily_incomplete_pollutant_days,pollutant_availability_subset,nonindustrial_lower,MAE,ng m-3,a_minus_b,0.16155852488670752,-0.07900554412188661,0.5501981719479804,489,10,1,station,20260921,2000,3bea97d4042a40fb665f8bdd3eec8d09bb4adce450c662958c3439560b610ceb
Programme-matched,E_P_MATCHED,E_P|log1p|uniform|permissive|none,loso,daily_incomplete_pollutant_days,pollutant_availability_subset,nonindustrial_lower,bias,ng m-3,a_minus_b,0.17049509664294485,-0.09887288363529495,0.5784248064702133,489,10,1,station,20260921,2000,3bea97d4042a40fb665f8bdd3eec8d09bb4adce450c662958c3439560b610ceb
Support,E_P_2KM,E_P|log1p|uniform|permissive|none,block30,daily,all_expected_targets,all_network,RMSE,ng m-3,a_minus_b,-0.0008613039473301942,-0.03719114271335905,0.03564728421812649,5089,21,25,station_x_block,20260921,2000,49422f1082065a9d47ebdfaf52caf564b1c3e1dad3fba927ae8da3a978f385a0
Support,E_P_2KM,E_P|log1p|uniform|permissive|none,block30,daily,all_expected_targets,all_network,MAE,ng m-3,a_minus_b,0.0021110939023855635,-0.01317123383735349,0.018271971052060246,5089,21,25,station_x_block,20260921,2000,49422f1082065a9d47ebdfaf52caf564b1c3e1dad3fba927ae8da3a978f385a0
Support,E_P_2KM,E_P|log1p|uniform|permissive|none,block30,daily,all_expected_targets,all_network,bias,ng m-3,a_minus_b,-0.002529631436596569,-0.03648482470473398,0.025607712069336014,5089,21,25,station_x_block,20260921,2000,49422f1082065a9d47ebdfaf52caf564b1c3e1dad3fba927ae8da3a978f385a0
Support,E_P_2KM,E_P|log1p|uniform|permissive|none,block30,daily,all_expected_targets,nonindustrial,RMSE,ng m-3,a_minus_b,0.0061042543995778464,-0.03130831247113727,0.040203665034175703,4852,20,25,station_x_block,20260921,2000,5d1137882eec8537744050437f9ce1b569790644db3bdcfe69d5597e07b2e781
Support,E_P_2KM,E_P|log1p|uniform|permissive|none,block30,daily,all_expected_targets,nonindustrial,MAE,ng m-3,a_minus_b,0.0035223331099010213,-0.010326507022636888,0.017674366251978046,4852,20,25,station_x_block,20260921,2000,5d1137882eec8537744050437f9ce1b569790644db3bdcfe69d5597e07b2e781
Support,E_P_2KM,E_P|log1p|uniform|permissive|none,block30,daily,all_expected_targets,nonindustrial,bias,ng m-3,a_minus_b,-8.924439835944313e-05,-0.027890942986681433,0.029563783935538757,4852,20,25,station_x_block,20260921,2000,5d1137882eec8537744050437f9ce1b569790644db3bdcfe69d5597e07b2e781
Support,E_P_2KM,E_P|log1p|uniform|permissive|none,block30,daily,all_expected_targets,nonindustrial_higher,RMSE,ng m-3,a_minus_b,0.009788018046329783,-0.04551361054667324,0.06063061910743751,2394,10,25,station_x_block,20260921,2000,62f59d22b59dd9d7e2e072c7b3fe63144e2f3e8824a30706c4074510f362197d
Support,E_P_2KM,E_P|log1p|uniform|permissive|none,block30,daily,all_expected_targets,nonindustrial_higher,MAE,ng m-3,a_minus_b,0.009591731989765984,-0.013507909422319364,0.033023791693407266,2394,10,25,station_x_block,20260921,2000,62f59d22b59dd9d7e2e072c7b3fe63144e2f3e8824a30706c4074510f362197d
Support,E_P_2KM,E_P|log1p|uniform|permissive|none,block30,daily,all_expected_targets,nonindustrial_higher,bias,ng m-3,a_minus_b,-0.009370064821846276,-0.06312620433999261,0.04646229975855401,2394,10,25,station_x_block,20260921,2000,62f59d22b59dd9d7e2e072c7b3fe63144e2f3e8824a30706c4074510f362197d
Support,E_P_2KM,E_P|log1p|uniform|permissive|none,block30,daily,all_expected_targets,nonindustrial_lower,RMSE,ng m-3,a_minus_b,-0.0010213121757498556,-0.028471596379446615,0.022668607146024096,2458,10,25,station_x_block,20260921,2000,b29a851546d291a0d2f7dfae9c12846445d0e09a394514e7c02a871b374d99af
Support,E_P_2KM,E_P|log1p|uniform|permissive|none,block30,daily,all_expected_targets,nonindustrial_lower,MAE,ng m-3,a_minus_b,-0.002389034228746978,-0.014914542323711017,0.009168864115711725,2458,10,25,station_x_block,20260921,2000,b29a851546d291a0d2f7dfae9c12846445d0e09a394514e7c02a871b374d99af
Support,E_P_2KM,E_P|log1p|uniform|permissive|none,block30,daily,all_expected_targets,nonindustrial_lower,bias,ng m-3,a_minus_b,0.008949927324109031,-0.009497908788491705,0.03277177329059836,2458,10,25,station_x_block,20260921,2000,b29a851546d291a0d2f7dfae9c12846445d0e09a394514e7c02a871b374d99af
Support,E_P_2KM,E_P|log1p|uniform|permissive|none,block30,station_year_mean,all_sampled_dates,all_network,RMSE,ng m-3,a_minus_b,0.013900967559750566,-0.002395781627155247,0.025166975338047626,42,21,1,station,20260921,2000,a4b83f112a2a39d7bb39c1c70c56f5678dc7ac9449f27af54e02cbafaafd9a52
Support,E_P_2KM,E_P|log1p|uniform|permissive|none,block30,station_year_mean,all_sampled_dates,all_network,MAE,ng m-3,a_minus_b,0.011680975176733555,-0.0013518253600359829,0.025835169507588088,42,21,1,station,20260921,2000,a4b83f112a2a39d7bb39c1c70c56f5678dc7ac9449f27af54e02cbafaafd9a52
Support,E_P_2KM,E_P|log1p|uniform|permissive|none,block30,station_year_mean,all_sampled_dates,all_network,bias,ng m-3,a_minus_b,-0.0031655875246977966,-0.025877521681760156,0.019781468585422384,42,21,1,station,20260921,2000,a4b83f112a2a39d7bb39c1c70c56f5678dc7ac9449f27af54e02cbafaafd9a52
Support,E_P_2KM,E_P|log1p|uniform|permissive|none,block30,station_year_mean,all_sampled_dates,nonindustrial,RMSE,ng m-3,a_minus_b,0.009963914513217847,-0.00742184235900275,0.027643669692725338,40,20,1,station,20260921,2000,75f77a11b57c142012fafa94a0442f20d6ba5eff6db77fdddfbfa204481e78df
Support,E_P_2KM,E_P|log1p|uniform|permissive|none,block30,station_year_mean,all_sampled_dates,nonindustrial,MAE,ng m-3,a_minus_b,0.009653913845750386,-0.00332248540180944,0.024523444170726435,40,20,1,station,20260921,2000,75f77a11b57c142012fafa94a0442f20d6ba5eff6db77fdddfbfa204481e78df
Support,E_P_2KM,E_P|log1p|uniform|permissive|none,block30,station_year_mean,all_sampled_dates,nonindustrial,bias,ng m-3,a_minus_b,-0.0007127568111128316,-0.024291422351904773,0.023339326695331654,40,20,1,station,20260921,2000,75f77a11b57c142012fafa94a0442f20d6ba5eff6db77fdddfbfa204481e78df
Support,E_P_2KM,E_P|log1p|uniform|permissive|none,block30,station_year_mean,all_sampled_dates,nonindustrial_higher,RMSE,ng m-3,a_minus_b,0.019336915106814304,-0.007002081714168407,0.04593298080975934,20,10,1,station,20260921,2000,54d313e95dc309aa2e8ef845fd41708208c653e62ac636636faccd8f7f1e8a69
Support,E_P_2KM,E_P|log1p|uniform|permissive|none,block30,station_year_mean,all_sampled_dates,nonindustrial_higher,MAE,ng m-3,a_minus_b,0.020786425901109573,-0.003063042181384602,0.04536563927789027,20,10,1,station,20260921,2000,54d313e95dc309aa2e8ef845fd41708208c653e62ac636636faccd8f7f1e8a69
Support,E_P_2KM,E_P|log1p|uniform|permissive|none,block30,station_year_mean,all_sampled_dates,nonindustrial_higher,bias,ng m-3,a_minus_b,-0.011493420834219649,-0.05321534807259842,0.032891281872888777,20,10,1,station,20260921,2000,54d313e95dc309aa2e8ef845fd41708208c653e62ac636636faccd8f7f1e8a69
Support,E_P_2KM,E_P|log1p|uniform|permissive|none,block30,station_year_mean,all_sampled_dates,nonindustrial_lower,RMSE,ng m-3,a_minus_b,-0.004982716092103004,-0.013399790959787041,0.0037528919233269036,20,10,1,station,20260921,2000,670d7f6c2b4a419dd7125e6759a5a484d1cc22269df900a9e6b8100ba467cbdc
Support,E_P_2KM,E_P|log1p|uniform|permissive|none,block30,station_year_mean,all_sampled_dates,nonindustrial_lower,MAE,ng m-3,a_minus_b,-0.0014785982096087516,-0.010625566039223513,0.008093408510654813,20,10,1,station,20260921,2000,670d7f6c2b4a419dd7125e6759a5a484d1cc22269df900a9e6b8100ba467cbdc
Support,E_P_2KM,E_P|log1p|uniform|permissive|none,block30,station_year_mean,all_sampled_dates,nonindustrial_lower,bias,ng m-3,a_minus_b,0.010067907211993982,-0.007137613487966153,0.02707706351975031,20,10,1,station,20260921,2000,670d7f6c2b4a419dd7125e6759a5a484d1cc22269df900a9e6b8100ba467cbdc
Support,E_P_2KM,E_P|log1p|uniform|permissive|none,loso,daily,all_expected_targets,all_network,RMSE,ng m-3,a_minus_b,0.05397816948005962,-0.06854657089641293,0.3293636375236451,5089,21,1,station,20260921,2000,49422f1082065a9d47ebdfaf52caf564b1c3e1dad3fba927ae8da3a978f385a0
Support,E_P_2KM,E_P|log1p|uniform|permissive|none,loso,daily,all_expected_targets,all_network,MAE,ng m-3,a_minus_b,0.02704680227416223,-0.04913391947725093,0.11915719480495285,5089,21,1,station,20260921,2000,49422f1082065a9d47ebdfaf52caf564b1c3e1dad3fba927ae8da3a978f385a0
Support,E_P_2KM,E_P|log1p|uniform|permissive|none,loso,daily,all_expected_targets,all_network,bias,ng m-3,a_minus_b,-0.027128430719947333,-0.17703713594179765,0.10974772444409833,5089,21,1,station,20260921,2000,49422f1082065a9d47ebdfaf52caf564b1c3e1dad3fba927ae8da3a978f385a0
Support,E_P_2KM,E_P|log1p|uniform|permissive|none,loso,daily,all_expected_targets,nonindustrial,RMSE,ng m-3,a_minus_b,0.13450235536850008,-0.10928692851369222,0.39391801577367996,4852,20,1,station,20260921,2000,5d1137882eec8537744050437f9ce1b569790644db3bdcfe69d5597e07b2e781
Support,E_P_2KM,E_P|log1p|uniform|permissive|none,loso,daily,all_expected_targets,nonindustrial,MAE,ng m-3,a_minus_b,0.029538270260927812,-0.047017655699523965,0.12458735797075392,4852,20,1,station,20260921,2000,5d1137882eec8537744050437f9ce1b569790644db3bdcfe69d5597e07b2e781
Support,E_P_2KM,E_P|log1p|uniform|permissive|none,loso,daily,all_expected_targets,nonindustrial,bias,ng m-3,a_minus_b,-0.02964303989007048,-0.1918431328496064,0.11728308275673577,4852,20,1,station,20260921,2000,5d1137882eec8537744050437f9ce1b569790644db3bdcfe69d5597e07b2e781
Support,E_P_2KM,E_P|log1p|uniform|permissive|none,loso,daily,all_expected_targets,nonindustrial_higher,RMSE,ng m-3,a_minus_b,0.24231461247280972,-0.12815327873578328,0.6144742367675983,2394,10,1,station,20260921,2000,62f59d22b59dd9d7e2e072c7b3fe63144e2f3e8824a30706c4074510f362197d
Support,E_P_2KM,E_P|log1p|uniform|permissive|none,loso,daily,all_expected_targets,nonindustrial_higher,MAE,ng m-3,a_minus_b,0.0977765472811194,-0.03880085190553885,0.25722732096027034,2394,10,1,station,20260921,2000,62f59d22b59dd9d7e2e072c7b3fe63144e2f3e8824a30706c4074510f362197d
Support,E_P_2KM,E_P|log1p|uniform|permissive|none,loso,daily,all_expected_targets,nonindustrial_higher,bias,ng m-3,a_minus_b,-0.07134311194444443,-0.3697292205153492,0.20153616593582388,2394,10,1,station,20260921,2000,62f59d22b59dd9d7e2e072c7b3fe63144e2f3e8824a30706c4074510f362197d
Support,E_P_2KM,E_P|log1p|uniform|permissive|none,loso,daily,all_expected_targets,nonindustrial_lower,RMSE,ng m-3,a_minus_b,-0.06200207746097541,-0.16333787054315121,0.038718315674159155,2458,10,1,station,20260921,2000,b29a851546d291a0d2f7dfae9c12846445d0e09a394514e7c02a871b374d99af
Support,E_P_2KM,E_P|log1p|uniform|permissive|none,loso,daily,all_expected_targets,nonindustrial_lower,MAE,ng m-3,a_minus_b,-0.03692325747964931,-0.1057274781196488,0.022468742954228335,2458,10,1,station,20260921,2000,b29a851546d291a0d2f7dfae9c12846445d0e09a394514e7c02a871b374d99af
Support,E_P_2KM,E_P|log1p|uniform|permissive|none,loso,daily,all_expected_targets,nonindustrial_lower,bias,ng m-3,a_minus_b,0.010971269507069947,-0.09259137296695605,0.11880971355232268,2458,10,1,station,20260921,2000,b29a851546d291a0d2f7dfae9c12846445d0e09a394514e7c02a871b374d99af
Support,E_P_2KM,E_P|log1p|uniform|permissive|none,loso,station_year_mean,all_sampled_dates,all_network,RMSE,ng m-3,a_minus_b,0.030024662165223814,-0.04838088646864518,0.2623632891096004,42,21,1,station,20260921,2000,a4b83f112a2a39d7bb39c1c70c56f5678dc7ac9449f27af54e02cbafaafd9a52
Support,E_P_2KM,E_P|log1p|uniform|permissive|none,loso,station_year_mean,all_sampled_dates,all_network,MAE,ng m-3,a_minus_b,0.04214265201233158,-0.0776273118528643,0.18672296048064366,42,21,1,station,20260921,2000,a4b83f112a2a39d7bb39c1c70c56f5678dc7ac9449f27af54e02cbafaafd9a52
Support,E_P_2KM,E_P|log1p|uniform|permissive|none,loso,station_year_mean,all_sampled_dates,all_network,bias,ng m-3,a_minus_b,-0.022888913931768007,-0.174653452554649,0.11683792125029717,42,21,1,station,20260921,2000,a4b83f112a2a39d7bb39c1c70c56f5678dc7ac9449f27af54e02cbafaafd9a52
Support,E_P_2KM,E_P|log1p|uniform|permissive|none,loso,station_year_mean,all_sampled_dates,nonindustrial,RMSE,ng m-3,a_minus_b,0.12115860607788059,-0.09361865471933,0.31464431753784317,40,20,1,station,20260921,2000,75f77a11b57c142012fafa94a0442f20d6ba5eff6db77fdddfbfa204481e78df
Support,E_P_2KM,E_P|log1p|uniform|permissive|none,loso,station_year_mean,all_sampled_dates,nonindustrial,MAE,ng m-3,a_minus_b,0.04546690642438028,-0.07843072711773577,0.19758488825221265,40,20,1,station,20260921,2000,75f77a11b57c142012fafa94a0442f20d6ba5eff6db77fdddfbfa204481e78df
Support,E_P_2KM,E_P|log1p|uniform|permissive|none,loso,station_year_mean,all_sampled_dates,nonindustrial,bias,ng m-3,a_minus_b,-0.025250481439788586,-0.18805698493808368,0.12698486993404534,40,20,1,station,20260921,2000,75f77a11b57c142012fafa94a0442f20d6ba5eff6db77fdddfbfa204481e78df
Support,E_P_2KM,E_P|log1p|uniform|permissive|none,loso,station_year_mean,all_sampled_dates,nonindustrial_higher,RMSE,ng m-3,a_minus_b,0.24250541148501192,-0.0940751778338363,0.5087580112046767,20,10,1,station,20260921,2000,54d313e95dc309aa2e8ef845fd41708208c653e62ac636636faccd8f7f1e8a69
Support,E_P_2KM,E_P|log1p|uniform|permissive|none,loso,station_year_mean,all_sampled_dates,nonindustrial_higher,MAE,ng m-3,a_minus_b,0.12945492927165853,-0.11775683921011287,0.4085076326194193,20,10,1,station,20260921,2000,54d313e95dc309aa2e8ef845fd41708208c653e62ac636636faccd8f7f1e8a69
Support,E_P_2KM,E_P|log1p|uniform|permissive|none,loso,station_year_mean,all_sampled_dates,nonindustrial_higher,bias,ng m-3,a_minus_b,-0.0672582667991159,-0.3732936687460597,0.21000881718083786,20,10,1,station,20260921,2000,54d313e95dc309aa2e8ef845fd41708208c653e62ac636636faccd8f7f1e8a69
Support,E_P_2KM,E_P|log1p|uniform|permissive|none,loso,station_year_mean,all_sampled_dates,nonindustrial_lower,RMSE,ng m-3,a_minus_b,-0.07900290976694485,-0.15513921910715178,0.019908255614114183,20,10,1,station,20260921,2000,670d7f6c2b4a419dd7125e6759a5a484d1cc22269df900a9e6b8100ba467cbdc
Support,E_P_2KM,E_P|log1p|uniform|permissive|none,loso,station_year_mean,all_sampled_dates,nonindustrial_lower,MAE,ng m-3,a_minus_b,-0.0385211164228981,-0.11272127269070271,0.027206450521497214,20,10,1,station,20260921,2000,670d7f6c2b4a419dd7125e6759a5a484d1cc22269df900a9e6b8100ba467cbdc
Support,E_P_2KM,E_P|log1p|uniform|permissive|none,loso,station_year_mean,all_sampled_dates,nonindustrial_lower,bias,ng m-3,a_minus_b,0.01675730391953867,-0.0897947075959502,0.11952667577076934,20,10,1,station,20260921,2000,670d7f6c2b4a419dd7125e6759a5a484d1cc22269df900a9e6b8100ba467cbdc
Stress,E_P|log1p|uniform|permissive|none,E|log1p|uniform|permissive|none,year_out,daily,all_expected_targets,all_network,RMSE,ng m-3,a_minus_b,-0.240440081366317,-0.4107654341721759,-0.16854020085107577,5089,21,1,station,20260921,2000,49422f1082065a9d47ebdfaf52caf564b1c3e1dad3fba927ae8da3a978f385a0
Stress,E_P|log1p|uniform|permissive|none,E|log1p|uniform|permissive|none,year_out,daily,all_expected_targets,all_network,MAE,ng m-3,a_minus_b,-0.11975747783639024,-0.17037792957964165,-0.07344342645437318,5089,21,1,station,20260921,2000,49422f1082065a9d47ebdfaf52caf564b1c3e1dad3fba927ae8da3a978f385a0
Stress,E_P|log1p|uniform|permissive|none,E|log1p|uniform|permissive|none,year_out,daily,all_expected_targets,all_network,bias,ng m-3,a_minus_b,0.09152485616926508,0.04585653467580909,0.14493162195148868,5089,21,1,station,20260921,2000,49422f1082065a9d47ebdfaf52caf564b1c3e1dad3fba927ae8da3a978f385a0
Stress,E_P|log1p|uniform|permissive|none,E|log1p|uniform|permissive|none,year_out,daily,all_expected_targets,nonindustrial,RMSE,ng m-3,a_minus_b,-0.32069392560672927,-0.43402896894720044,-0.20647974946420705,4852,20,1,station,20260921,2000,5d1137882eec8537744050437f9ce1b569790644db3bdcfe69d5597e07b2e781
Stress,E_P|log1p|uniform|permissive|none,E|log1p|uniform|permissive|none,year_out,daily,all_expected_targets,nonindustrial,MAE,ng m-3,a_minus_b,-0.11487726397349346,-0.16634595955453302,-0.06882925996229174,4852,20,1,station,20260921,2000,5d1137882eec8537744050437f9ce1b569790644db3bdcfe69d5597e07b2e781
Stress,E_P|log1p|uniform|permissive|none,E|log1p|uniform|permissive|none,year_out,daily,all_expected_targets,nonindustrial,bias,ng m-3,a_minus_b,0.07100222372947032,0.03784083683104838,0.10636299865715257,4852,20,1,station,20260921,2000,5d1137882eec8537744050437f9ce1b569790644db3bdcfe69d5597e07b2e781
Stress,E_P|log1p|uniform|permissive|none,E|log1p|uniform|permissive|none,year_out,daily,all_expected_targets,nonindustrial_higher,RMSE,ng m-3,a_minus_b,-0.4696744030379669,-0.5964873963746561,-0.35199570437034544,2394,10,1,station,20260921,2000,62f59d22b59dd9d7e2e072c7b3fe63144e2f3e8824a30706c4074510f362197d
Stress,E_P|log1p|uniform|permissive|none,E|log1p|uniform|permissive|none,year_out,daily,all_expected_targets,nonindustrial_higher,MAE,ng m-3,a_minus_b,-0.21089967560668332,-0.2621693691732823,-0.15986818404504433,2394,10,1,station,20260921,2000,62f59d22b59dd9d7e2e072c7b3fe63144e2f3e8824a30706c4074510f362197d
Stress,E_P|log1p|uniform|permissive|none,E|log1p|uniform|permissive|none,year_out,daily,all_expected_targets,nonindustrial_higher,bias,ng m-3,a_minus_b,0.13557364088989138,0.09972501509492038,0.1684053069411015,2394,10,1,station,20260921,2000,62f59d22b59dd9d7e2e072c7b3fe63144e2f3e8824a30706c4074510f362197d
Stress,E_P|log1p|uniform|permissive|none,E|log1p|uniform|permissive|none,year_out,daily,all_expected_targets,nonindustrial_lower,RMSE,ng m-3,a_minus_b,-0.04158272239107991,-0.08556026148805944,0.009756474340592776,2458,10,1,station,20260921,2000,b29a851546d291a0d2f7dfae9c12846445d0e09a394514e7c02a871b374d99af
Stress,E_P|log1p|uniform|permissive|none,E|log1p|uniform|permissive|none,year_out,daily,all_expected_targets,nonindustrial_lower,MAE,ng m-3,a_minus_b,-0.021355029046781965,-0.04154036956126321,-0.0028900490343844493,2458,10,1,station,20260921,2000,b29a851546d291a0d2f7dfae9c12846445d0e09a394514e7c02a871b374d99af
Stress,E_P|log1p|uniform|permissive|none,E|log1p|uniform|permissive|none,year_out,daily,all_expected_targets,nonindustrial_lower,bias,ng m-3,a_minus_b,0.008112080246131,-0.013060814901927602,0.02674729447095449,2458,10,1,station,20260921,2000,b29a851546d291a0d2f7dfae9c12846445d0e09a394514e7c02a871b374d99af
Stress,E_P|log1p|uniform|permissive|none,E|log1p|uniform|permissive|none,season_year_out,daily,all_expected_targets,all_network,RMSE,ng m-3,a_minus_b,-0.2648911436547188,-0.35148795294415125,-0.18713949729356186,4975,21,1,station,20260921,2000,19a35dd1186b26b49235083be6f112b8c39c7e2e0145c1c965df4079bcf9eade
Stress,E_P|log1p|uniform|permissive|none,E|log1p|uniform|permissive|none,season_year_out,daily,all_expected_targets,all_network,MAE,ng m-3,a_minus_b,-0.09730026675336878,-0.13930237447581248,-0.0562217258153377,4975,21,1,station,20260921,2000,19a35dd1186b26b49235083be6f112b8c39c7e2e0145c1c965df4079bcf9eade
Stress,E_P|log1p|uniform|permissive|none,E|log1p|uniform|permissive|none,season_year_out,daily,all_expected_targets,all_network,bias,ng m-3,a_minus_b,0.06996317136498698,0.03668755760588322,0.10535245745514538,4975,21,1,station,20260921,2000,19a35dd1186b26b49235083be6f112b8c39c7e2e0145c1c965df4079bcf9eade
Stress,E_P|log1p|uniform|permissive|none,E|log1p|uniform|permissive|none,season_year_out,daily,all_expected_targets,nonindustrial,RMSE,ng m-3,a_minus_b,-0.274160959717043,-0.366971750644373,-0.17473483108218513,4748,20,1,station,20260921,2000,611ef75b58f8b3b6afbd585a0257e961a96926f46d6d389a1386ad2770fd3d16
Stress,E_P|log1p|uniform|permissive|none,E|log1p|uniform|permissive|none,season_year_out,daily,all_expected_targets,nonindustrial,MAE,ng m-3,a_minus_b,-0.08951840809562134,-0.13091164218002405,-0.05283678560768758,4748,20,1,station,20260921,2000,611ef75b58f8b3b6afbd585a0257e961a96926f46d6d389a1386ad2770fd3d16
Stress,E_P|log1p|uniform|permissive|none,E|log1p|uniform|permissive|none,season_year_out,daily,all_expected_targets,nonindustrial,bias,ng m-3,a_minus_b,0.057369742957205136,0.032983133110060056,0.08350556664123276,4748,20,1,station,20260921,2000,611ef75b58f8b3b6afbd585a0257e961a96926f46d6d389a1386ad2770fd3d16
Stress,E_P|log1p|uniform|permissive|none,E|log1p|uniform|permissive|none,season_year_out,daily,all_expected_targets,nonindustrial_higher,RMSE,ng m-3,a_minus_b,-0.40309635636459995,-0.4904734894677672,-0.30132758207981514,2369,10,1,station,20260921,2000,15ca08eb0b081b2ef7b2625ca3e84358f127001b8ac16fc303e4501682b29cba
Stress,E_P|log1p|uniform|permissive|none,E|log1p|uniform|permissive|none,season_year_out,daily,all_expected_targets,nonindustrial_higher,MAE,ng m-3,a_minus_b,-0.16525767546998726,-0.20734001163776003,-0.1222339533305951,2369,10,1,station,20260921,2000,15ca08eb0b081b2ef7b2625ca3e84358f127001b8ac16fc303e4501682b29cba
Stress,E_P|log1p|uniform|permissive|none,E|log1p|uniform|permissive|none,season_year_out,daily,all_expected_targets,nonindustrial_higher,bias,ng m-3,a_minus_b,0.09464499649151539,0.05767198889956328,0.13056055330379587,2369,10,1,station,20260921,2000,15ca08eb0b081b2ef7b2625ca3e84358f127001b8ac16fc303e4501682b29cba
Stress,E_P|log1p|uniform|permissive|none,E|log1p|uniform|permissive|none,season_year_out,daily,all_expected_targets,nonindustrial_lower,RMSE,ng m-3,a_minus_b,-0.021833771897687704,-0.06154984554389851,0.026429687634869442,2379,10,1,station,20260921,2000,f1b601960a9973deafaebfad81ae10654638181d9c4f9178b446019ffca52cc0
Stress,E_P|log1p|uniform|permissive|none,E|log1p|uniform|permissive|none,season_year_out,daily,all_expected_targets,nonindustrial_lower,MAE,ng m-3,a_minus_b,-0.01409750670433374,-0.029266062967092915,0.0024276072343062186,2379,10,1,station,20260921,2000,f1b601960a9973deafaebfad81ae10654638181d9c4f9178b446019ffca52cc0
Stress,E_P|log1p|uniform|permissive|none,E|log1p|uniform|permissive|none,season_year_out,daily,all_expected_targets,nonindustrial_lower,bias,ng m-3,a_minus_b,0.020251173969066838,0.0024634249539793444,0.037046126218908015,2379,10,1,station,20260921,2000,f1b601960a9973deafaebfad81ae10654638181d9c4f9178b446019ffca52cc0
Stress,E_P|log1p|uniform|permissive|none,E|log1p|uniform|permissive|none,calendar_season_out,daily,all_expected_targets,all_network,RMSE,ng m-3,a_minus_b,-0.2226038446451859,-0.29018717106138364,-0.1617613636735905,5089,21,1,station,20260921,2000,49422f1082065a9d47ebdfaf52caf564b1c3e1dad3fba927ae8da3a978f385a0
Stress,E_P|log1p|uniform|permissive|none,E|log1p|uniform|permissive|none,calendar_season_out,daily,all_expected_targets,all_network,MAE,ng m-3,a_minus_b,-0.08191329277622528,-0.1204505562081587,-0.046423853665320654,5089,21,1,station,20260921,2000,49422f1082065a9d47ebdfaf52caf564b1c3e1dad3fba927ae8da3a978f385a0
Stress,E_P|log1p|uniform|permissive|none,E|log1p|uniform|permissive|none,calendar_season_out,daily,all_expected_targets,all_network,bias,ng m-3,a_minus_b,0.0749648432380448,0.03214967287121614,0.12280176494129812,5089,21,1,station,20260921,2000,49422f1082065a9d47ebdfaf52caf564b1c3e1dad3fba927ae8da3a978f385a0
Stress,E_P|log1p|uniform|permissive|none,E|log1p|uniform|permissive|none,calendar_season_out,daily,all_expected_targets,nonindustrial,RMSE,ng m-3,a_minus_b,-0.2275683966284966,-0.302637497150344,-0.1467629259275291,4852,20,1,station,20260921,2000,5d1137882eec8537744050437f9ce1b569790644db3bdcfe69d5597e07b2e781
Stress,E_P|log1p|uniform|permissive|none,E|log1p|uniform|permissive|none,calendar_season_out,daily,all_expected_targets,nonindustrial,MAE,ng m-3,a_minus_b,-0.07201661740894688,-0.10809384756800118,-0.04062432788542554,4852,20,1,station,20260921,2000,5d1137882eec8537744050437f9ce1b569790644db3bdcfe69d5597e07b2e781
Stress,E_P|log1p|uniform|permissive|none,E|log1p|uniform|permissive|none,calendar_season_out,daily,all_expected_targets,nonindustrial,bias,ng m-3,a_minus_b,0.05666505377749587,0.027077775572320925,0.0883528471643186,4852,20,1,station,20260921,2000,5d1137882eec8537744050437f9ce1b569790644db3bdcfe69d5597e07b2e781
Stress,E_P|log1p|uniform|permissive|none,E|log1p|uniform|permissive|none,calendar_season_out,daily,all_expected_targets,nonindustrial_higher,RMSE,ng m-3,a_minus_b,-0.3270508935831118,-0.4172120729835029,-0.24472064726981435,2394,10,1,station,20260921,2000,62f59d22b59dd9d7e2e072c7b3fe63144e2f3e8824a30706c4074510f362197d
Stress,E_P|log1p|uniform|permissive|none,E|log1p|uniform|permissive|none,calendar_season_out,daily,all_expected_targets,nonindustrial_higher,MAE,ng m-3,a_minus_b,-0.13403184985012517,-0.17961784654554586,-0.094157597128834,2394,10,1,station,20260921,2000,62f59d22b59dd9d7e2e072c7b3fe63144e2f3e8824a30706c4074510f362197d
Stress,E_P|log1p|uniform|permissive|none,E|log1p|uniform|permissive|none,calendar_season_out,daily,all_expected_targets,nonindustrial_higher,bias,ng m-3,a_minus_b,0.07551929987268167,0.021663316756785057,0.12545856870556923,2394,10,1,station,20260921,2000,62f59d22b59dd9d7e2e072c7b3fe63144e2f3e8824a30706c4074510f362197d
Stress,E_P|log1p|uniform|permissive|none,E|log1p|uniform|permissive|none,calendar_season_out,daily,all_expected_targets,nonindustrial_lower,RMSE,ng m-3,a_minus_b,-0.04475525049712997,-0.09510220990962205,0.0010445286719451168,2458,10,1,station,20260921,2000,b29a851546d291a0d2f7dfae9c12846445d0e09a394514e7c02a871b374d99af
Stress,E_P|log1p|uniform|permissive|none,E|log1p|uniform|permissive|none,calendar_season_out,daily,all_expected_targets,nonindustrial_lower,MAE,ng m-3,a_minus_b,-0.01161610216721315,-0.02467205503193191,-0.000631069583512569,2458,10,1,station,20260921,2000,b29a851546d291a0d2f7dfae9c12846445d0e09a394514e7c02a871b374d99af
Stress,E_P|log1p|uniform|permissive|none,E|log1p|uniform|permissive|none,calendar_season_out,daily,all_expected_targets,nonindustrial_lower,bias,ng m-3,a_minus_b,0.03830172377266476,0.01423382691654196,0.06623139985703044,2458,10,1,station,20260921,2000,b29a851546d291a0d2f7dfae9c12846445d0e09a394514e7c02a871b374d99af
Gap vs simple,E_P|log1p|uniform|permissive|none,HARMONIC,block30,daily,common_bracketable,all_network,RMSE,ng m-3,a_minus_b,-0.44384303269328695,-0.7569012004431876,-0.2425953673095521,4928,21,24,station_x_block,20260921,2000,00bc7ae1984a0ce5cd9fd33e5d3083b04a748291b39f798dd2b4c7b6ce48c244
Gap vs simple,E_P|log1p|uniform|permissive|none,HARMONIC,block30,daily,common_bracketable,all_network,MAE,ng m-3,a_minus_b,-0.29635913520040374,-0.4962128496350413,-0.14114579908255687,4928,21,24,station_x_block,20260921,2000,00bc7ae1984a0ce5cd9fd33e5d3083b04a748291b39f798dd2b4c7b6ce48c244
Gap vs simple,E_P|log1p|uniform|permissive|none,HARMONIC,block30,daily,common_bracketable,all_network,bias,ng m-3,a_minus_b,-0.06860683496649611,-0.26394391037731435,0.09223512266312298,4928,21,24,station_x_block,20260921,2000,00bc7ae1984a0ce5cd9fd33e5d3083b04a748291b39f798dd2b4c7b6ce48c244
Gap vs simple,E_P|log1p|uniform|permissive|none,HARMONIC,block30,daily,common_bracketable,nonindustrial,RMSE,ng m-3,a_minus_b,-0.5304792603144508,-0.8299558505374052,-0.2682331588100354,4695,20,24,station_x_block,20260921,2000,8f5731751e0aaaccd47e8f85355f1f22d6c44b6617b465c186f9fe855288ecda
Gap vs simple,E_P|log1p|uniform|permissive|none,HARMONIC,block30,daily,common_bracketable,nonindustrial,MAE,ng m-3,a_minus_b,-0.25399418703308635,-0.45376561443961044,-0.12058554907802685,4695,20,24,station_x_block,20260921,2000,8f5731751e0aaaccd47e8f85355f1f22d6c44b6617b465c186f9fe855288ecda
Gap vs simple,E_P|log1p|uniform|permissive|none,HARMONIC,block30,daily,common_bracketable,nonindustrial,bias,ng m-3,a_minus_b,-0.019345538169268005,-0.16215693827569655,0.10778349856374342,4695,20,24,station_x_block,20260921,2000,8f5731751e0aaaccd47e8f85355f1f22d6c44b6617b465c186f9fe855288ecda
Gap vs simple,E_P|log1p|uniform|permissive|none,HARMONIC,block30,daily,common_bracketable,nonindustrial_higher,RMSE,ng m-3,a_minus_b,-0.7432520546241371,-1.0725753682067491,-0.39557101078955353,2334,10,24,station_x_block,20260921,2000,44fd68adb46568c297e40fc03608a790335f27e571c974e2857c24e6de9b3380
Gap vs simple,E_P|log1p|uniform|permissive|none,HARMONIC,block30,daily,common_bracketable,nonindustrial_higher,MAE,ng m-3,a_minus_b,-0.43164729201852975,-0.6761838354315755,-0.21767870338064849,2334,10,24,station_x_block,20260921,2000,44fd68adb46568c297e40fc03608a790335f27e571c974e2857c24e6de9b3380
Gap vs simple,E_P|log1p|uniform|permissive|none,HARMONIC,block30,daily,common_bracketable,nonindustrial_higher,bias,ng m-3,a_minus_b,-0.045674023059618284,-0.2718235386325768,0.15627867410890128,2334,10,24,station_x_block,20260921,2000,44fd68adb46568c297e40fc03608a790335f27e571c974e2857c24e6de9b3380
Gap vs simple,E_P|log1p|uniform|permissive|none,HARMONIC,block30,daily,common_bracketable,nonindustrial_lower,RMSE,ng m-3,a_minus_b,-0.15018854875530857,-0.25905592367041985,-0.03597621953860236,2361,10,24,station_x_block,20260921,2000,3fa9c653d9b1f90a03a3ab0218d295ce74075356d389dffcb62b95171e10d361
Gap vs simple,E_P|log1p|uniform|permissive|none,HARMONIC,block30,daily,common_bracketable,nonindustrial_lower,MAE,ng m-3,a_minus_b,-0.07837269315929338,-0.15398125226661202,-0.02417913633287095,2361,10,24,station_x_block,20260921,2000,3fa9c653d9b1f90a03a3ab0218d295ce74075356d389dffcb62b95171e10d361
Gap vs simple,E_P|log1p|uniform|permissive|none,HARMONIC,block30,daily,common_bracketable,nonindustrial_lower,bias,ng m-3,a_minus_b,0.006681858583835578,-0.04946824518963548,0.05683453692616388,2361,10,24,station_x_block,20260921,2000,3fa9c653d9b1f90a03a3ab0218d295ce74075356d389dffcb62b95171e10d361
Gap vs simple,E_P|log1p|uniform|permissive|none,INTERP_LINEAR,block30,daily,common_bracketable,all_network,RMSE,ng m-3,a_minus_b,-0.7507399923257505,-1.1203574882578522,-0.44377545216513214,4928,21,24,station_x_block,20260921,2000,00bc7ae1984a0ce5cd9fd33e5d3083b04a748291b39f798dd2b4c7b6ce48c244
Gap vs simple,E_P|log1p|uniform|permissive|none,INTERP_LINEAR,block30,daily,common_bracketable,all_network,MAE,ng m-3,a_minus_b,-0.39517457150679175,-0.6603762353576861,-0.18792295908902787,4928,21,24,station_x_block,20260921,2000,00bc7ae1984a0ce5cd9fd33e5d3083b04a748291b39f798dd2b4c7b6ce48c244
Gap vs simple,E_P|log1p|uniform|permissive|none,INTERP_LINEAR,block30,daily,common_bracketable,all_network,bias,ng m-3,a_minus_b,-0.05751301221570631,-0.3072749940154223,0.15323810611257538,4928,21,24,station_x_block,20260921,2000,00bc7ae1984a0ce5cd9fd33e5d3083b04a748291b39f798dd2b4c7b6ce48c244
Gap vs simple,E_P|log1p|uniform|permissive|none,INTERP_LINEAR,block30,daily,common_bracketable,nonindustrial,RMSE,ng m-3,a_minus_b,-0.7191616743529989,-1.0639916703854915,-0.3841106224045807,4695,20,24,station_x_block,20260921,2000,8f5731751e0aaaccd47e8f85355f1f22d6c44b6617b465c186f9fe855288ecda
Gap vs simple,E_P|log1p|uniform|permissive|none,INTERP_LINEAR,block30,daily,common_bracketable,nonindustrial,MAE,ng m-3,a_minus_b,-0.32289545479392684,-0.548841658421174,-0.15873619558032717,4695,20,24,station_x_block,20260921,2000,8f5731751e0aaaccd47e8f85355f1f22d6c44b6617b465c186f9fe855288ecda
Gap vs simple,E_P|log1p|uniform|permissive|none,INTERP_LINEAR,block30,daily,common_bracketable,nonindustrial,bias,ng m-3,a_minus_b,-0.030323680224503664,-0.21378936162548332,0.14984905479329372,4695,20,24,station_x_block,20260921,2000,8f5731751e0aaaccd47e8f85355f1f22d6c44b6617b465c186f9fe855288ecda
Gap vs simple,E_P|log1p|uniform|permissive|none,INTERP_LINEAR,block30,daily,common_bracketable,nonindustrial_higher,RMSE,ng m-3,a_minus_b,-0.9935652413842363,-1.3925360734395447,-0.576782933569835,2334,10,24,station_x_block,20260921,2000,44fd68adb46568c297e40fc03608a790335f27e571c974e2857c24e6de9b3380
Gap vs simple,E_P|log1p|uniform|permissive|none,INTERP_LINEAR,block30,daily,common_bracketable,nonindustrial_higher,MAE,ng m-3,a_minus_b,-0.5388285174289891,-0.8259583095153779,-0.28928328503097245,2334,10,24,station_x_block,20260921,2000,44fd68adb46568c297e40fc03608a790335f27e571c974e2857c24e6de9b3380
Gap vs simple,E_P|log1p|uniform|permissive|none,INTERP_LINEAR,block30,daily,common_bracketable,nonindustrial_higher,bias,ng m-3,a_minus_b,-0.08050612160726134,-0.38626836046462304,0.2117129391268361,2334,10,24,station_x_block,20260921,2000,44fd68adb46568c297e40fc03608a790335f27e571c974e2857c24e6de9b3380
Gap vs simple,E_P|log1p|uniform|permissive|none,INTERP_LINEAR,block30,daily,common_bracketable,nonindustrial_lower,RMSE,ng m-3,a_minus_b,-0.24591725654665958,-0.43854005763399073,-0.0906832418241818,2361,10,24,station_x_block,20260921,2000,3fa9c653d9b1f90a03a3ab0218d295ce74075356d389dffcb62b95171e10d361
Gap vs simple,E_P|log1p|uniform|permissive|none,INTERP_LINEAR,block30,daily,common_bracketable,nonindustrial_lower,MAE,ng m-3,a_minus_b,-0.10943176644566988,-0.20715486505830696,-0.038396081184019056,2361,10,24,station_x_block,20260921,2000,3fa9c653d9b1f90a03a3ab0218d295ce74075356d389dffcb62b95171e10d361
Gap vs simple,E_P|log1p|uniform|permissive|none,INTERP_LINEAR,block30,daily,common_bracketable,nonindustrial_lower,bias,ng m-3,a_minus_b,0.01928488317547787,-0.05902852450581494,0.09680979127085873,2361,10,24,station_x_block,20260921,2000,3fa9c653d9b1f90a03a3ab0218d295ce74075356d389dffcb62b95171e10d361
Gap vs simple,E_P|log1p|uniform|permissive|none,INTERP_LOGLINEAR,block30,daily,common_bracketable,all_network,RMSE,ng m-3,a_minus_b,-0.728254391609737,-1.0820852736467093,-0.4181826109236452,4928,21,24,station_x_block,20260921,2000,00bc7ae1984a0ce5cd9fd33e5d3083b04a748291b39f798dd2b4c7b6ce48c244
Gap vs simple,E_P|log1p|uniform|permissive|none,INTERP_LOGLINEAR,block30,daily,common_bracketable,all_network,MAE,ng m-3,a_minus_b,-0.36680853535469066,-0.6151869889284435,-0.16631825950505427,4928,21,24,station_x_block,20260921,2000,00bc7ae1984a0ce5cd9fd33e5d3083b04a748291b39f798dd2b4c7b6ce48c244
Gap vs simple,E_P|log1p|uniform|permissive|none,INTERP_LOGLINEAR,block30,daily,common_bracketable,all_network,bias,ng m-3,a_minus_b,0.02791433878741173,-0.18841735236447624,0.22307943781318576,4928,21,24,station_x_block,20260921,2000,00bc7ae1984a0ce5cd9fd33e5d3083b04a748291b39f798dd2b4c7b6ce48c244
Gap vs simple,E_P|log1p|uniform|permissive|none,INTERP_LOGLINEAR,block30,daily,common_bracketable,nonindustrial,RMSE,ng m-3,a_minus_b,-0.6922030986868639,-1.0399454636358036,-0.3574377670464089,4695,20,24,station_x_block,20260921,2000,8f5731751e0aaaccd47e8f85355f1f22d6c44b6617b465c186f9fe855288ecda
Gap vs simple,E_P|log1p|uniform|permissive|none,INTERP_LOGLINEAR,block30,daily,common_bracketable,nonindustrial,MAE,ng m-3,a_minus_b,-0.2957540164006867,-0.5085552595385705,-0.14161606158400133,4695,20,24,station_x_block,20260921,2000,8f5731751e0aaaccd47e8f85355f1f22d6c44b6617b465c186f9fe855288ecda
Gap vs simple,E_P|log1p|uniform|permissive|none,INTERP_LOGLINEAR,block30,daily,common_bracketable,nonindustrial,bias,ng m-3,a_minus_b,0.048354904463729774,-0.10562593571650371,0.22101493301225994,4695,20,24,station_x_block,20260921,2000,8f5731751e0aaaccd47e8f85355f1f22d6c44b6617b465c186f9fe855288ecda
Gap vs simple,E_P|log1p|uniform|permissive|none,INTERP_LOGLINEAR,block30,daily,common_bracketable,nonindustrial_higher,RMSE,ng m-3,a_minus_b,-0.9603665788555834,-1.3611526296475116,-0.5322838176968481,2334,10,24,station_x_block,20260921,2000,44fd68adb46568c297e40fc03608a790335f27e571c974e2857c24e6de9b3380
Gap vs simple,E_P|log1p|uniform|permissive|none,INTERP_LOGLINEAR,block30,daily,common_bracketable,nonindustrial_higher,MAE,ng m-3,a_minus_b,-0.4948320101964731,-0.7821071272171587,-0.25292086367591365,2334,10,24,station_x_block,20260921,2000,44fd68adb46568c297e40fc03608a790335f27e571c974e2857c24e6de9b3380
Gap vs simple,E_P|log1p|uniform|permissive|none,INTERP_LOGLINEAR,block30,daily,common_bracketable,nonindustrial_higher,bias,ng m-3,a_minus_b,0.057573297638794714,-0.21520318118376125,0.33102696986617725,2334,10,24,station_x_block,20260921,2000,44fd68adb46568c297e40fc03608a790335f27e571c974e2857c24e6de9b3380
Gap vs simple,E_P|log1p|uniform|permissive|none,INTERP_LOGLINEAR,block30,daily,common_bracketable,nonindustrial_lower,RMSE,ng m-3,a_minus_b,-0.22409412209876584,-0.3810840541962401,-0.08055056595480262,2361,10,24,station_x_block,20260921,2000,3fa9c653d9b1f90a03a3ab0218d295ce74075356d389dffcb62b95171e10d361
Gap vs simple,E_P|log1p|uniform|permissive|none,INTERP_LOGLINEAR,block30,daily,common_bracketable,nonindustrial_lower,MAE,ng m-3,a_minus_b,-0.09895264515148489,-0.1900189241510355,-0.03372603938775811,2361,10,24,station_x_block,20260921,2000,3fa9c653d9b1f90a03a3ab0218d295ce74075356d389dffcb62b95171e10d361
Gap vs simple,E_P|log1p|uniform|permissive|none,INTERP_LOGLINEAR,block30,daily,common_bracketable,nonindustrial_lower,bias,ng m-3,a_minus_b,0.03924193128685489,-0.027893638224060564,0.1154795812714847,2361,10,24,station_x_block,20260921,2000,3fa9c653d9b1f90a03a3ab0218d295ce74075356d389dffcb62b95171e10d361
Gap vs simple,E_P|log1p|uniform|permissive|none,PM_RIDGE,block30,daily,common_bracketable,all_network,RMSE,ng m-3,a_minus_b,-0.34331723696063565,-0.5186906501374446,-0.18937263780691319,4928,21,24,station_x_block,20260921,2000,00bc7ae1984a0ce5cd9fd33e5d3083b04a748291b39f798dd2b4c7b6ce48c244
Gap vs simple,E_P|log1p|uniform|permissive|none,PM_RIDGE,block30,daily,common_bracketable,all_network,MAE,ng m-3,a_minus_b,-0.19844086745823625,-0.3143255726111948,-0.11269564643903711,4928,21,24,station_x_block,20260921,2000,00bc7ae1984a0ce5cd9fd33e5d3083b04a748291b39f798dd2b4c7b6ce48c244
Gap vs simple,E_P|log1p|uniform|permissive|none,PM_RIDGE,block30,daily,common_bracketable,all_network,bias,ng m-3,a_minus_b,0.1018664196672611,-0.015660222061847983,0.26196705794815134,4928,21,24,station_x_block,20260921,2000,00bc7ae1984a0ce5cd9fd33e5d3083b04a748291b39f798dd2b4c7b6ce48c244
Gap vs simple,E_P|log1p|uniform|permissive|none,PM_RIDGE,block30,daily,common_bracketable,nonindustrial,RMSE,ng m-3,a_minus_b,-0.2907930025622838,-0.44063263016580523,-0.15608728451229176,4695,20,24,station_x_block,20260921,2000,8f5731751e0aaaccd47e8f85355f1f22d6c44b6617b465c186f9fe855288ecda
Gap vs simple,E_P|log1p|uniform|permissive|none,PM_RIDGE,block30,daily,common_bracketable,nonindustrial,MAE,ng m-3,a_minus_b,-0.1633567280947349,-0.247921062908592,-0.09735543033637055,4695,20,24,station_x_block,20260921,2000,8f5731751e0aaaccd47e8f85355f1f22d6c44b6617b465c186f9fe855288ecda
Gap vs simple,E_P|log1p|uniform|permissive|none,PM_RIDGE,block30,daily,common_bracketable,nonindustrial,bias,ng m-3,a_minus_b,0.11129699179866238,0.0005916648009603933,0.2847595940661286,4695,20,24,station_x_block,20260921,2000,8f5731751e0aaaccd47e8f85355f1f22d6c44b6617b465c186f9fe855288ecda
Gap vs simple,E_P|log1p|uniform|permissive|none,PM_RIDGE,block30,daily,common_bracketable,nonindustrial_higher,RMSE,ng m-3,a_minus_b,-0.39917249603739424,-0.5710243217878257,-0.2163326507831491,2334,10,24,station_x_block,20260921,2000,44fd68adb46568c297e40fc03608a790335f27e571c974e2857c24e6de9b3380
Gap vs simple,E_P|log1p|uniform|permissive|none,PM_RIDGE,block30,daily,common_bracketable,nonindustrial_higher,MAE,ng m-3,a_minus_b,-0.23053409063513447,-0.35979268523692676,-0.12827027524180826,2334,10,24,station_x_block,20260921,2000,44fd68adb46568c297e40fc03608a790335f27e571c974e2857c24e6de9b3380
Gap vs simple,E_P|log1p|uniform|permissive|none,PM_RIDGE,block30,daily,common_bracketable,nonindustrial_higher,bias,ng m-3,a_minus_b,0.2893856883178741,0.06292343236366023,0.5755227131902422,2334,10,24,station_x_block,20260921,2000,44fd68adb46568c297e40fc03608a790335f27e571c974e2857c24e6de9b3380
Gap vs simple,E_P|log1p|uniform|permissive|none,PM_RIDGE,block30,daily,common_bracketable,nonindustrial_lower,RMSE,ng m-3,a_minus_b,-0.10880911718046593,-0.17661231686535003,-0.05796806523520638,2361,10,24,station_x_block,20260921,2000,3fa9c653d9b1f90a03a3ab0218d295ce74075356d389dffcb62b95171e10d361
Gap vs simple,E_P|log1p|uniform|permissive|none,PM_RIDGE,block30,daily,common_bracketable,nonindustrial_lower,MAE,ng m-3,a_minus_b,-0.09694759460498797,-0.14342164793975345,-0.06203664405108946,2361,10,24,station_x_block,20260921,2000,3fa9c653d9b1f90a03a3ab0218d295ce74075356d389dffcb62b95171e10d361
Gap vs simple,E_P|log1p|uniform|permissive|none,PM_RIDGE,block30,daily,common_bracketable,nonindustrial_lower,bias,ng m-3,a_minus_b,-0.06475511225717834,-0.13854610233671025,-0.010790730327307168,2361,10,24,station_x_block,20260921,2000,3fa9c653d9b1f90a03a3ab0218d295ce74075356d389dffcb62b95171e10d361
Gap vs simple,E_P|log1p|uniform|permissive|none,HARMONIC,dispersed_mod9,daily,common_bracketable,all_network,RMSE,ng m-3,a_minus_b,-0.464172200368127,-0.6663676752045467,-0.3617464776347591,5066,21,1,station,20260921,2000,1f7396fddbe1f06a63cffab833b0854bdf33f84b295f0c3534f07e9651d5a267
Gap vs simple,E_P|log1p|uniform|permissive|none,HARMONIC,dispersed_mod9,daily,common_bracketable,all_network,MAE,ng m-3,a_minus_b,-0.3052400703061859,-0.43225657582483884,-0.19052447501584865,5066,21,1,station,20260921,2000,1f7396fddbe1f06a63cffab833b0854bdf33f84b295f0c3534f07e9651d5a267
Gap vs simple,E_P|log1p|uniform|permissive|none,HARMONIC,dispersed_mod9,daily,common_bracketable,all_network,bias,ng m-3,a_minus_b,-0.08694193535810209,-0.20629528702948136,-0.010696814447230448,5066,21,1,station,20260921,2000,1f7396fddbe1f06a63cffab833b0854bdf33f84b295f0c3534f07e9651d5a267
Gap vs simple,E_P|log1p|uniform|permissive|none,HARMONIC,dispersed_mod9,daily,common_bracketable,nonindustrial,RMSE,ng m-3,a_minus_b,-0.5482856164570643,-0.6944739462961724,-0.3899734400426402,4830,20,1,station,20260921,2000,65ee804fd05f6dd37764a755c988da2c0e677a3a4efc91304bf32cf63ecb3775
Gap vs simple,E_P|log1p|uniform|permissive|none,HARMONIC,dispersed_mod9,daily,common_bracketable,nonindustrial,MAE,ng m-3,a_minus_b,-0.2610356456210092,-0.35511367104993274,-0.17497856591043628,4830,20,1,station,20260921,2000,65ee804fd05f6dd37764a755c988da2c0e677a3a4efc91304bf32cf63ecb3775
Gap vs simple,E_P|log1p|uniform|permissive|none,HARMONIC,dispersed_mod9,daily,common_bracketable,nonindustrial,bias,ng m-3,a_minus_b,-0.03552051454831918,-0.0745525949761869,-0.0022266156633517294,4830,20,1,station,20260921,2000,65ee804fd05f6dd37764a755c988da2c0e677a3a4efc91304bf32cf63ecb3775
Gap vs simple,E_P|log1p|uniform|permissive|none,HARMONIC,dispersed_mod9,daily,common_bracketable,nonindustrial_higher,RMSE,ng m-3,a_minus_b,-0.7770839007802542,-0.9141129848401682,-0.636432454314244,2382,10,1,station,20260921,2000,f9d27d8d2e57d861feb8b2cd904d1dd989292808e291cb4c44d0c4f55c2afeb4
Gap vs simple,E_P|log1p|uniform|permissive|none,HARMONIC,dispersed_mod9,daily,common_bracketable,nonindustrial_higher,MAE,ng m-3,a_minus_b,-0.4459562519053273,-0.5135778974481628,-0.37711153208754883,2382,10,1,station,20260921,2000,f9d27d8d2e57d861feb8b2cd904d1dd989292808e291cb4c44d0c4f55c2afeb4
Gap vs simple,E_P|log1p|uniform|permissive|none,HARMONIC,dispersed_mod9,daily,common_bracketable,nonindustrial_higher,bias,ng m-3,a_minus_b,-0.07087181880760657,-0.140413313361092,-0.010715891106829708,2382,10,1,station,20260921,2000,f9d27d8d2e57d861feb8b2cd904d1dd989292808e291cb4c44d0c4f55c2afeb4
Gap vs simple,E_P|log1p|uniform|permissive|none,HARMONIC,dispersed_mod9,daily,common_bracketable,nonindustrial_lower,RMSE,ng m-3,a_minus_b,-0.14423398065725151,-0.2060970297151312,-0.07594922656703004,2448,10,1,station,20260921,2000,e4ea53c7bd0ea44a4667405875a76a389a0cd49b071a82da66a3670fbabfbcf3
Gap vs simple,E_P|log1p|uniform|permissive|none,HARMONIC,dispersed_mod9,daily,common_bracketable,nonindustrial_lower,MAE,ng m-3,a_minus_b,-0.0811006439178861,-0.12677868274481446,-0.041858347064147546,2448,10,1,station,20260921,2000,e4ea53c7bd0ea44a4667405875a76a389a0cd49b071a82da66a3670fbabfbcf3
Gap vs simple,E_P|log1p|uniform|permissive|none,HARMONIC,dispersed_mod9,daily,common_bracketable,nonindustrial_lower,bias,ng m-3,a_minus_b,-0.001122309178375319,-0.02318983322464106,0.023004869957766103,2448,10,1,station,20260921,2000,e4ea53c7bd0ea44a4667405875a76a389a0cd49b071a82da66a3670fbabfbcf3
Gap vs simple,E_P|log1p|uniform|permissive|none,INTERP_LINEAR,dispersed_mod9,daily,common_bracketable,all_network,RMSE,ng m-3,a_minus_b,-0.559238814130939,-0.7236715271828685,-0.43767995673820137,5066,21,1,station,20260921,2000,1f7396fddbe1f06a63cffab833b0854bdf33f84b295f0c3534f07e9651d5a267
Gap vs simple,E_P|log1p|uniform|permissive|none,INTERP_LINEAR,dispersed_mod9,daily,common_bracketable,all_network,MAE,ng m-3,a_minus_b,-0.29957358107045956,-0.4691130688475357,-0.17025241331091137,5066,21,1,station,20260921,2000,1f7396fddbe1f06a63cffab833b0854bdf33f84b295f0c3534f07e9651d5a267
Gap vs simple,E_P|log1p|uniform|permissive|none,INTERP_LINEAR,dispersed_mod9,daily,common_bracketable,all_network,bias,ng m-3,a_minus_b,-0.08973291297047445,-0.23105570286107208,-0.007372585918331139,5066,21,1,station,20260921,2000,1f7396fddbe1f06a63cffab833b0854bdf33f84b295f0c3534f07e9651d5a267
Gap vs simple,E_P|log1p|uniform|permissive|none,INTERP_LINEAR,dispersed_mod9,daily,common_bracketable,nonindustrial,RMSE,ng m-3,a_minus_b,-0.5653239421429826,-0.724775568340167,-0.4015668551155875,4830,20,1,station,20260921,2000,65ee804fd05f6dd37764a755c988da2c0e677a3a4efc91304bf32cf63ecb3775
Gap vs simple,E_P|log1p|uniform|permissive|none,INTERP_LINEAR,dispersed_mod9,daily,common_bracketable,nonindustrial,MAE,ng m-3,a_minus_b,-0.23201896167213498,-0.32432586177277817,-0.1530332569468856,4830,20,1,station,20260921,2000,65ee804fd05f6dd37764a755c988da2c0e677a3a4efc91304bf32cf63ecb3775
Gap vs simple,E_P|log1p|uniform|permissive|none,INTERP_LINEAR,dispersed_mod9,daily,common_bracketable,nonindustrial,bias,ng m-3,a_minus_b,-0.023593314677113505,-0.04688490881181795,-0.0029853726865732514,4830,20,1,station,20260921,2000,65ee804fd05f6dd37764a755c988da2c0e677a3a4efc91304bf32cf63ecb3775
Gap vs simple,E_P|log1p|uniform|permissive|none,INTERP_LINEAR,dispersed_mod9,daily,common_bracketable,nonindustrial_higher,RMSE,ng m-3,a_minus_b,-0.7919777130855871,-0.9574062847119039,-0.6254034611305634,2382,10,1,station,20260921,2000,f9d27d8d2e57d861feb8b2cd904d1dd989292808e291cb4c44d0c4f55c2afeb4
Gap vs simple,E_P|log1p|uniform|permissive|none,INTERP_LINEAR,dispersed_mod9,daily,common_bracketable,nonindustrial_higher,MAE,ng m-3,a_minus_b,-0.392657920305457,-0.4841003612443162,-0.30573904045213085,2382,10,1,station,20260921,2000,f9d27d8d2e57d861feb8b2cd904d1dd989292808e291cb4c44d0c4f55c2afeb4
Gap vs simple,E_P|log1p|uniform|permissive|none,INTERP_LINEAR,dispersed_mod9,daily,common_bracketable,nonindustrial_higher,bias,ng m-3,a_minus_b,-0.04463874879313102,-0.08182850517118821,-0.010385025876589087,2382,10,1,station,20260921,2000,f9d27d8d2e57d861feb8b2cd904d1dd989292808e291cb4c44d0c4f55c2afeb4
Gap vs simple,E_P|log1p|uniform|permissive|none,INTERP_LINEAR,dispersed_mod9,daily,common_bracketable,nonindustrial_lower,RMSE,ng m-3,a_minus_b,-0.17662794389174036,-0.2488587444619442,-0.10156744679500881,2448,10,1,station,20260921,2000,e4ea53c7bd0ea44a4667405875a76a389a0cd49b071a82da66a3670fbabfbcf3
Gap vs simple,E_P|log1p|uniform|permissive|none,INTERP_LINEAR,dispersed_mod9,daily,common_bracketable,nonindustrial_lower,MAE,ng m-3,a_minus_b,-0.07571095535490743,-0.11409556333330463,-0.03816584295062823,2448,10,1,station,20260921,2000,e4ea53c7bd0ea44a4667405875a76a389a0cd49b071a82da66a3670fbabfbcf3
Gap vs simple,E_P|log1p|uniform|permissive|none,INTERP_LINEAR,dispersed_mod9,daily,common_bracketable,nonindustrial_lower,bias,ng m-3,a_minus_b,-0.003115281971086657,-0.02301805139350007,0.01689655807052693,2448,10,1,station,20260921,2000,e4ea53c7bd0ea44a4667405875a76a389a0cd49b071a82da66a3670fbabfbcf3
Gap vs simple,E_P|log1p|uniform|permissive|none,INTERP_LOGLINEAR,dispersed_mod9,daily,common_bracketable,all_network,RMSE,ng m-3,a_minus_b,-0.5281899795317877,-0.6838141802921786,-0.41447028501283295,5066,21,1,station,20260921,2000,1f7396fddbe1f06a63cffab833b0854bdf33f84b295f0c3534f07e9651d5a267
Gap vs simple,E_P|log1p|uniform|permissive|none,INTERP_LOGLINEAR,dispersed_mod9,daily,common_bracketable,all_network,MAE,ng m-3,a_minus_b,-0.2758902562891227,-0.42503807515073194,-0.15964326328593278,5066,21,1,station,20260921,2000,1f7396fddbe1f06a63cffab833b0854bdf33f84b295f0c3534f07e9651d5a267
Gap vs simple,E_P|log1p|uniform|permissive|none,INTERP_LOGLINEAR,dispersed_mod9,daily,common_bracketable,all_network,bias,ng m-3,a_minus_b,0.025148766266216566,-0.03269461057078707,0.06852243050152902,5066,21,1,station,20260921,2000,1f7396fddbe1f06a63cffab833b0854bdf33f84b295f0c3534f07e9651d5a267
Gap vs simple,E_P|log1p|uniform|permissive|none,INTERP_LOGLINEAR,dispersed_mod9,daily,common_bracketable,nonindustrial,RMSE,ng m-3,a_minus_b,-0.5464450290090971,-0.6997923313343616,-0.3922216268372015,4830,20,1,station,20260921,2000,65ee804fd05f6dd37764a755c988da2c0e677a3a4efc91304bf32cf63ecb3775
Gap vs simple,E_P|log1p|uniform|permissive|none,INTERP_LOGLINEAR,dispersed_mod9,daily,common_bracketable,nonindustrial,MAE,ng m-3,a_minus_b,-0.2182044425301375,-0.3069697179725728,-0.1421865450119779,4830,20,1,station,20260921,2000,65ee804fd05f6dd37764a755c988da2c0e677a3a4efc91304bf32cf63ecb3775
Gap vs simple,E_P|log1p|uniform|permissive|none,INTERP_LOGLINEAR,dispersed_mod9,daily,common_bracketable,nonindustrial,bias,ng m-3,a_minus_b,0.04952272363875766,0.02702366215138249,0.07568304762586096,4830,20,1,station,20260921,2000,65ee804fd05f6dd37764a755c988da2c0e677a3a4efc91304bf32cf63ecb3775
Gap vs simple,E_P|log1p|uniform|permissive|none,INTERP_LOGLINEAR,dispersed_mod9,daily,common_bracketable,nonindustrial_higher,RMSE,ng m-3,a_minus_b,-0.7706483469105173,-0.9291835995707085,-0.6198479160984756,2382,10,1,station,20260921,2000,f9d27d8d2e57d861feb8b2cd904d1dd989292808e291cb4c44d0c4f55c2afeb4
Gap vs simple,E_P|log1p|uniform|permissive|none,INTERP_LOGLINEAR,dispersed_mod9,daily,common_bracketable,nonindustrial_higher,MAE,ng m-3,a_minus_b,-0.3743420191665433,-0.4644620143680341,-0.2908621039764157,2382,10,1,station,20260921,2000,f9d27d8d2e57d861feb8b2cd904d1dd989292808e291cb4c44d0c4f55c2afeb4
Gap vs simple,E_P|log1p|uniform|permissive|none,INTERP_LOGLINEAR,dispersed_mod9,daily,common_bracketable,nonindustrial_higher,bias,ng m-3,a_minus_b,0.07912387319321279,0.03854593943861193,0.11940643277800783,2382,10,1,station,20260921,2000,f9d27d8d2e57d861feb8b2cd904d1dd989292808e291cb4c44d0c4f55c2afeb4
Gap vs simple,E_P|log1p|uniform|permissive|none,INTERP_LOGLINEAR,dispersed_mod9,daily,common_bracketable,nonindustrial_lower,RMSE,ng m-3,a_minus_b,-0.15564245073830157,-0.22531541159991317,-0.08246701333675374,2448,10,1,station,20260921,2000,e4ea53c7bd0ea44a4667405875a76a389a0cd49b071a82da66a3670fbabfbcf3
Gap vs simple,E_P|log1p|uniform|permissive|none,INTERP_LOGLINEAR,dispersed_mod9,daily,common_bracketable,nonindustrial_lower,MAE,ng m-3,a_minus_b,-0.06627645742069346,-0.10158592758309207,-0.031441092482934155,2448,10,1,station,20260921,2000,e4ea53c7bd0ea44a4667405875a76a389a0cd49b071a82da66a3670fbabfbcf3
Gap vs simple,E_P|log1p|uniform|permissive|none,INTERP_LOGLINEAR,dispersed_mod9,daily,common_bracketable,nonindustrial_lower,bias,ng m-3,a_minus_b,0.02071964429287858,0.004119767942084988,0.03800601650180678,2448,10,1,station,20260921,2000,e4ea53c7bd0ea44a4667405875a76a389a0cd49b071a82da66a3670fbabfbcf3
Gap vs simple,E_P|log1p|uniform|permissive|none,PM_RIDGE,dispersed_mod9,daily,common_bracketable,all_network,RMSE,ng m-3,a_minus_b,-0.3637895309680168,-0.49942741063355867,-0.23147124167428068,5066,21,1,station,20260921,2000,1f7396fddbe1f06a63cffab833b0854bdf33f84b295f0c3534f07e9651d5a267
Gap vs simple,E_P|log1p|uniform|permissive|none,PM_RIDGE,dispersed_mod9,daily,common_bracketable,all_network,MAE,ng m-3,a_minus_b,-0.2085087385442243,-0.29811107271775344,-0.13718129449263017,5066,21,1,station,20260921,2000,1f7396fddbe1f06a63cffab833b0854bdf33f84b295f0c3534f07e9651d5a267
Gap vs simple,E_P|log1p|uniform|permissive|none,PM_RIDGE,dispersed_mod9,daily,common_bracketable,all_network,bias,ng m-3,a_minus_b,0.08957459434002289,0.0007690048695222197,0.18866061189725375,5066,21,1,station,20260921,2000,1f7396fddbe1f06a63cffab833b0854bdf33f84b295f0c3534f07e9651d5a267
Gap vs simple,E_P|log1p|uniform|permissive|none,PM_RIDGE,dispersed_mod9,daily,common_bracketable,nonindustrial,RMSE,ng m-3,a_minus_b,-0.309876477145984,-0.40491665303783086,-0.20504419965384324,4830,20,1,station,20260921,2000,65ee804fd05f6dd37764a755c988da2c0e677a3a4efc91304bf32cf63ecb3775
Gap vs simple,E_P|log1p|uniform|permissive|none,PM_RIDGE,dispersed_mod9,daily,common_bracketable,nonindustrial,MAE,ng m-3,a_minus_b,-0.1725282200121585,-0.22548161129611816,-0.12710421444840872,4830,20,1,station,20260921,2000,65ee804fd05f6dd37764a755c988da2c0e677a3a4efc91304bf32cf63ecb3775
Gap vs simple,E_P|log1p|uniform|permissive|none,PM_RIDGE,dispersed_mod9,daily,common_bracketable,nonindustrial,bias,ng m-3,a_minus_b,0.10165316819366921,0.015644682752715758,0.20204480166458816,4830,20,1,station,20260921,2000,65ee804fd05f6dd37764a755c988da2c0e677a3a4efc91304bf32cf63ecb3775
Gap vs simple,E_P|log1p|uniform|permissive|none,PM_RIDGE,dispersed_mod9,daily,common_bracketable,nonindustrial_higher,RMSE,ng m-3,a_minus_b,-0.4316052221799743,-0.5421489192906396,-0.30631690561273434,2382,10,1,station,20260921,2000,f9d27d8d2e57d861feb8b2cd904d1dd989292808e291cb4c44d0c4f55c2afeb4
Gap vs simple,E_P|log1p|uniform|permissive|none,PM_RIDGE,dispersed_mod9,daily,common_bracketable,nonindustrial_higher,MAE,ng m-3,a_minus_b,-0.24555755042061123,-0.31528487389202764,-0.17345767752978805,2382,10,1,station,20260921,2000,f9d27d8d2e57d861feb8b2cd904d1dd989292808e291cb4c44d0c4f55c2afeb4
Gap vs simple,E_P|log1p|uniform|permissive|none,PM_RIDGE,dispersed_mod9,daily,common_bracketable,nonindustrial_higher,bias,ng m-3,a_minus_b,0.2801895403844182,0.17466623013157126,0.3906941267103668,2382,10,1,station,20260921,2000,f9d27d8d2e57d861feb8b2cd904d1dd989292808e291cb4c44d0c4f55c2afeb4
Gap vs simple,E_P|log1p|uniform|permissive|none,PM_RIDGE,dispersed_mod9,daily,common_bracketable,nonindustrial_lower,RMSE,ng m-3,a_minus_b,-0.1064403789119957,-0.15316098467007314,-0.06999799696646761,2448,10,1,station,20260921,2000,e4ea53c7bd0ea44a4667405875a76a389a0cd49b071a82da66a3670fbabfbcf3
Gap vs simple,E_P|log1p|uniform|permissive|none,PM_RIDGE,dispersed_mod9,daily,common_bracketable,nonindustrial_lower,MAE,ng m-3,a_minus_b,-0.10146781762942372,-0.12311498914295586,-0.08093343910328257,2448,10,1,station,20260921,2000,e4ea53c7bd0ea44a4667405875a76a389a0cd49b071a82da66a3670fbabfbcf3
Gap vs simple,E_P|log1p|uniform|permissive|none,PM_RIDGE,dispersed_mod9,daily,common_bracketable,nonindustrial_lower,bias,ng m-3,a_minus_b,-0.07206972337428998,-0.10734158382669959,-0.03530960549363718,2448,10,1,station,20260921,2000,e4ea53c7bd0ea44a4667405875a76a389a0cd49b071a82da66a3670fbabfbcf3
Gap vs simple,E_P|log1p|uniform|permissive|none,HARMONIC,dispersed_mod9,reconstructed_mean,common_bracketable_replacements,all_network,RMSE,ng m-3,a_minus_b,-0.00143228678918228,-0.02030291008640845,0.008426628256698189,378,21,1,station,20260921,2000,c558913d93016eab3c3970ab4e8280b575332b339b25456a6ef9b1d60763b854
Gap vs simple,E_P|log1p|uniform|permissive|none,HARMONIC,dispersed_mod9,reconstructed_mean,common_bracketable_replacements,all_network,MAE,ng m-3,a_minus_b,-0.00897192927226034,-0.014449167812924012,-0.0037065923943311843,378,21,1,station,20260921,2000,c558913d93016eab3c3970ab4e8280b575332b339b25456a6ef9b1d60763b854
Gap vs simple,E_P|log1p|uniform|permissive|none,HARMONIC,dispersed_mod9,reconstructed_mean,common_bracketable_replacements,all_network,bias,ng m-3,a_minus_b,-0.010188540073883158,-0.02330075743486796,-0.001432606991872529,378,21,1,station,20260921,2000,c558913d93016eab3c3970ab4e8280b575332b339b25456a6ef9b1d60763b854
Gap vs simple,E_P|log1p|uniform|permissive|none,HARMONIC,dispersed_mod9,reconstructed_mean,common_bracketable_replacements,nonindustrial,RMSE,ng m-3,a_minus_b,-0.016191018080743483,-0.0215038269959224,-0.010184350734881125,360,20,1,station,20260921,2000,3e0ef5473342981884636471b6f5432f930a746d511ac18b3775e8a4f524d2af
Gap vs simple,E_P|log1p|uniform|permissive|none,HARMONIC,dispersed_mod9,reconstructed_mean,common_bracketable_replacements,nonindustrial,MAE,ng m-3,a_minus_b,-0.010176954399423361,-0.01529994444334344,-0.005586191623768513,360,20,1,station,20260921,2000,3e0ef5473342981884636471b6f5432f930a746d511ac18b3775e8a4f524d2af
Gap vs simple,E_P|log1p|uniform|permissive|none,HARMONIC,dispersed_mod9,reconstructed_mean,common_bracketable_replacements,nonindustrial,bias,ng m-3,a_minus_b,-0.004401400116786011,-0.00892478442808659,-0.0004183261229288157,360,20,1,station,20260921,2000,3e0ef5473342981884636471b6f5432f930a746d511ac18b3775e8a4f524d2af
Gap vs simple,E_P|log1p|uniform|permissive|none,HARMONIC,dispersed_mod9,reconstructed_mean,common_bracketable_replacements,nonindustrial_higher,RMSE,ng m-3,a_minus_b,-0.02332657543276774,-0.029187695071996703,-0.016559849459061485,180,10,1,station,20260921,2000,c164bb2bde69ef8518e826d607529421ee96e09ff1dd7c293101a71a99e140ed
Gap vs simple,E_P|log1p|uniform|permissive|none,HARMONIC,dispersed_mod9,reconstructed_mean,common_bracketable_replacements,nonindustrial_higher,MAE,ng m-3,a_minus_b,-0.01847460245979084,-0.02492482405177192,-0.011682723367087689,180,10,1,station,20260921,2000,c164bb2bde69ef8518e826d607529421ee96e09ff1dd7c293101a71a99e140ed
Gap vs simple,E_P|log1p|uniform|permissive|none,HARMONIC,dispersed_mod9,reconstructed_mean,common_bracketable_replacements,nonindustrial_higher,bias,ng m-3,a_minus_b,-0.008670888631951732,-0.01616871020933369,-0.001768196594406638,180,10,1,station,20260921,2000,c164bb2bde69ef8518e826d607529421ee96e09ff1dd7c293101a71a99e140ed
Gap vs simple,E_P|log1p|uniform|permissive|none,HARMONIC,dispersed_mod9,reconstructed_mean,common_bracketable_replacements,nonindustrial_lower,RMSE,ng m-3,a_minus_b,-0.002698822045830879,-0.006110632792081889,0.0004691137791026876,180,10,1,station,20260921,2000,94142f7594801b6401cf4038ee476c24288c1b33cbddb48e4734c11e005d7ac8
Gap vs simple,E_P|log1p|uniform|permissive|none,HARMONIC,dispersed_mod9,reconstructed_mean,common_bracketable_replacements,nonindustrial_lower,MAE,ng m-3,a_minus_b,-0.0018793063390558674,-0.004206088885508835,0.0004519364509633943,180,10,1,station,20260921,2000,94142f7594801b6401cf4038ee476c24288c1b33cbddb48e4734c11e005d7ac8
Gap vs simple,E_P|log1p|uniform|permissive|none,HARMONIC,dispersed_mod9,reconstructed_mean,common_bracketable_replacements,nonindustrial_lower,bias,ng m-3,a_minus_b,-0.00013191160162028925,-0.002588408012913654,0.00259969416022187,180,10,1,station,20260921,2000,94142f7594801b6401cf4038ee476c24288c1b33cbddb48e4734c11e005d7ac8
Gap vs simple,E_P|log1p|uniform|permissive|none,INTERP_LINEAR,dispersed_mod9,reconstructed_mean,common_bracketable_replacements,all_network,RMSE,ng m-3,a_minus_b,-0.008923483726249612,-0.019780940873993468,-0.0059757309106767,378,21,1,station,20260921,2000,c558913d93016eab3c3970ab4e8280b575332b339b25456a6ef9b1d60763b854
Gap vs simple,E_P|log1p|uniform|permissive|none,INTERP_LINEAR,dispersed_mod9,reconstructed_mean,common_bracketable_replacements,all_network,MAE,ng m-3,a_minus_b,-0.010366343954099851,-0.015134307303463832,-0.005906612904022707,378,21,1,station,20260921,2000,c558913d93016eab3c3970ab4e8280b575332b339b25456a6ef9b1d60763b854
Gap vs simple,E_P|log1p|uniform|permissive|none,INTERP_LINEAR,dispersed_mod9,reconstructed_mean,common_bracketable_replacements,all_network,bias,ng m-3,a_minus_b,-0.010390718206236396,-0.026154305260739013,-0.0011019738210166993,378,21,1,station,20260921,2000,c558913d93016eab3c3970ab4e8280b575332b339b25456a6ef9b1d60763b854
Gap vs simple,E_P|log1p|uniform|permissive|none,INTERP_LINEAR,dispersed_mod9,reconstructed_mean,common_bracketable_replacements,nonindustrial,RMSE,ng m-3,a_minus_b,-0.015257163284269168,-0.021017269241912634,-0.009024282925403769,360,20,1,station,20260921,2000,3e0ef5473342981884636471b6f5432f930a746d511ac18b3775e8a4f524d2af
Gap vs simple,E_P|log1p|uniform|permissive|none,INTERP_LINEAR,dispersed_mod9,reconstructed_mean,common_bracketable_replacements,nonindustrial,MAE,ng m-3,a_minus_b,-0.009441555228004099,-0.014234392808176635,-0.004981886953407561,360,20,1,station,20260921,2000,3e0ef5473342981884636471b6f5432f930a746d511ac18b3775e8a4f524d2af
Gap vs simple,E_P|log1p|uniform|permissive|none,INTERP_LINEAR,dispersed_mod9,reconstructed_mean,common_bracketable_replacements,nonindustrial,bias,ng m-3,a_minus_b,-0.0029268107491316146,-0.005496452933536695,-0.0005769979380594553,360,20,1,station,20260921,2000,3e0ef5473342981884636471b6f5432f930a746d511ac18b3775e8a4f524d2af
Gap vs simple,E_P|log1p|uniform|permissive|none,INTERP_LINEAR,dispersed_mod9,reconstructed_mean,common_bracketable_replacements,nonindustrial_higher,RMSE,ng m-3,a_minus_b,-0.021717185279080183,-0.029312288535627926,-0.014508653036569001,180,10,1,station,20260921,2000,c164bb2bde69ef8518e826d607529421ee96e09ff1dd7c293101a71a99e140ed
Gap vs simple,E_P|log1p|uniform|permissive|none,INTERP_LINEAR,dispersed_mod9,reconstructed_mean,common_bracketable_replacements,nonindustrial_higher,MAE,ng m-3,a_minus_b,-0.016452675432351422,-0.022497983573855313,-0.009995161806124865,180,10,1,station,20260921,2000,c164bb2bde69ef8518e826d607529421ee96e09ff1dd7c293101a71a99e140ed
Gap vs simple,E_P|log1p|uniform|permissive|none,INTERP_LINEAR,dispersed_mod9,reconstructed_mean,common_bracketable_replacements,nonindustrial_higher,bias,ng m-3,a_minus_b,-0.005313517739069993,-0.00926562939127029,-0.0015586155960911102,180,10,1,station,20260921,2000,c164bb2bde69ef8518e826d607529421ee96e09ff1dd7c293101a71a99e140ed
Gap vs simple,E_P|log1p|uniform|permissive|none,INTERP_LINEAR,dispersed_mod9,reconstructed_mean,common_bracketable_replacements,nonindustrial_lower,RMSE,ng m-3,a_minus_b,-0.0034454768145613292,-0.007848756876916281,0.0009725676704119953,180,10,1,station,20260921,2000,94142f7594801b6401cf4038ee476c24288c1b33cbddb48e4734c11e005d7ac8
Gap vs simple,E_P|log1p|uniform|permissive|none,INTERP_LINEAR,dispersed_mod9,reconstructed_mean,common_bracketable_replacements,nonindustrial_lower,MAE,ng m-3,a_minus_b,-0.002430435023656778,-0.005167219337737815,0.00030080994959985185,180,10,1,station,20260921,2000,94142f7594801b6401cf4038ee476c24288c1b33cbddb48e4734c11e005d7ac8
Gap vs simple,E_P|log1p|uniform|permissive|none,INTERP_LINEAR,dispersed_mod9,reconstructed_mean,common_bracketable_replacements,nonindustrial_lower,bias,ng m-3,a_minus_b,-0.0005401037591932368,-0.0027835404197440743,0.0017640632898490857,180,10,1,station,20260921,2000,94142f7594801b6401cf4038ee476c24288c1b33cbddb48e4734c11e005d7ac8
Gap vs simple,E_P|log1p|uniform|permissive|none,INTERP_LOGLINEAR,dispersed_mod9,reconstructed_mean,common_bracketable_replacements,all_network,RMSE,ng m-3,a_minus_b,-0.012097354594435589,-0.020366906343295754,-0.00953468143938161,378,21,1,station,20260921,2000,c558913d93016eab3c3970ab4e8280b575332b339b25456a6ef9b1d60763b854
Gap vs simple,E_P|log1p|uniform|permissive|none,INTERP_LOGLINEAR,dispersed_mod9,reconstructed_mean,common_bracketable_replacements,all_network,MAE,ng m-3,a_minus_b,-0.009887776177502455,-0.014307016750576494,-0.005752442527475569,378,21,1,station,20260921,2000,c558913d93016eab3c3970ab4e8280b575332b339b25456a6ef9b1d60763b854
Gap vs simple,E_P|log1p|uniform|permissive|none,INTERP_LOGLINEAR,dispersed_mod9,reconstructed_mean,common_bracketable_replacements,all_network,bias,ng m-3,a_minus_b,0.0025482287417118946,-0.0038568843583163355,0.007487525467209309,378,21,1,station,20260921,2000,c558913d93016eab3c3970ab4e8280b575332b339b25456a6ef9b1d60763b854
Gap vs simple,E_P|log1p|uniform|permissive|none,INTERP_LOGLINEAR,dispersed_mod9,reconstructed_mean,common_bracketable_replacements,nonindustrial,RMSE,ng m-3,a_minus_b,-0.016131389538950144,-0.021558701092274344,-0.010021494243983815,360,20,1,station,20260921,2000,3e0ef5473342981884636471b6f5432f930a746d511ac18b3775e8a4f524d2af
Gap vs simple,E_P|log1p|uniform|permissive|none,INTERP_LOGLINEAR,dispersed_mod9,reconstructed_mean,common_bracketable_replacements,nonindustrial,MAE,ng m-3,a_minus_b,-0.009298369427628392,-0.013938071189181696,-0.005115397279727529,360,20,1,station,20260921,2000,3e0ef5473342981884636471b6f5432f930a746d511ac18b3775e8a4f524d2af
Gap vs simple,E_P|log1p|uniform|permissive|none,INTERP_LOGLINEAR,dispersed_mod9,reconstructed_mean,common_bracketable_replacements,nonindustrial,bias,ng m-3,a_minus_b,0.005292801797500259,0.0027866589632350764,0.008185098919960467,360,20,1,station,20260921,2000,3e0ef5473342981884636471b6f5432f930a746d511ac18b3775e8a4f524d2af
Gap vs simple,E_P|log1p|uniform|permissive|none,INTERP_LOGLINEAR,dispersed_mod9,reconstructed_mean,common_bracketable_replacements,nonindustrial_higher,RMSE,ng m-3,a_minus_b,-0.02317759973493213,-0.02918292072264741,-0.016323908409373335,180,10,1,station,20260921,2000,c164bb2bde69ef8518e826d607529421ee96e09ff1dd7c293101a71a99e140ed
Gap vs simple,E_P|log1p|uniform|permissive|none,INTERP_LOGLINEAR,dispersed_mod9,reconstructed_mean,common_bracketable_replacements,nonindustrial_higher,MAE,ng m-3,a_minus_b,-0.016794152348192,-0.02199726055152404,-0.011126918468721056,180,10,1,station,20260921,2000,c164bb2bde69ef8518e826d607529421ee96e09ff1dd7c293101a71a99e140ed
Gap vs simple,E_P|log1p|uniform|permissive|none,INTERP_LOGLINEAR,dispersed_mod9,reconstructed_mean,common_bracketable_replacements,nonindustrial_higher,bias,ng m-3,a_minus_b,0.008448741667717325,0.0038879960716257903,0.012887459730440547,180,10,1,station,20260921,2000,c164bb2bde69ef8518e826d607529421ee96e09ff1dd7c293101a71a99e140ed
Gap vs simple,E_P|log1p|uniform|permissive|none,INTERP_LOGLINEAR,dispersed_mod9,reconstructed_mean,common_bracketable_replacements,nonindustrial_lower,RMSE,ng m-3,a_minus_b,-0.0029045912327238504,-0.006785624786255676,0.0008616592231357108,180,10,1,station,20260921,2000,94142f7594801b6401cf4038ee476c24288c1b33cbddb48e4734c11e005d7ac8
Gap vs simple,E_P|log1p|uniform|permissive|none,INTERP_LOGLINEAR,dispersed_mod9,reconstructed_mean,common_bracketable_replacements,nonindustrial_lower,MAE,ng m-3,a_minus_b,-0.0018025865070647757,-0.0041348577601158475,0.0006958002665200643,180,10,1,station,20260921,2000,94142f7594801b6401cf4038ee476c24288c1b33cbddb48e4734c11e005d7ac8
Gap vs simple,E_P|log1p|uniform|permissive|none,INTERP_LOGLINEAR,dispersed_mod9,reconstructed_mean,common_bracketable_replacements,nonindustrial_lower,bias,ng m-3,a_minus_b,0.0021368619272831924,0.0002726702097603306,0.004083065601479123,180,10,1,station,20260921,2000,94142f7594801b6401cf4038ee476c24288c1b33cbddb48e4734c11e005d7ac8
Gap vs simple,E_P|log1p|uniform|permissive|none,PM_RIDGE,dispersed_mod9,reconstructed_mean,common_bracketable_replacements,all_network,RMSE,ng m-3,a_minus_b,-0.013056094079398076,-0.025686002988691902,-0.00921153837065517,378,21,1,station,20260921,2000,c558913d93016eab3c3970ab4e8280b575332b339b25456a6ef9b1d60763b854
Gap vs simple,E_P|log1p|uniform|permissive|none,PM_RIDGE,dispersed_mod9,reconstructed_mean,common_bracketable_replacements,all_network,MAE,ng m-3,a_minus_b,-0.013497305599700488,-0.019220451460544002,-0.008460973326468967,378,21,1,station,20260921,2000,c558913d93016eab3c3970ab4e8280b575332b339b25456a6ef9b1d60763b854
Gap vs simple,E_P|log1p|uniform|permissive|none,PM_RIDGE,dispersed_mod9,reconstructed_mean,common_bracketable_replacements,all_network,bias,ng m-3,a_minus_b,0.010250550105665602,0.0001501174181443899,0.021562959652864807,378,21,1,station,20260921,2000,c558913d93016eab3c3970ab4e8280b575332b339b25456a6ef9b1d60763b854
Gap vs simple,E_P|log1p|uniform|permissive|none,PM_RIDGE,dispersed_mod9,reconstructed_mean,common_bracketable_replacements,nonindustrial,RMSE,ng m-3,a_minus_b,-0.019587166975579044,-0.027730868069930508,-0.011350065078576879,360,20,1,station,20260921,2000,3e0ef5473342981884636471b6f5432f930a746d511ac18b3775e8a4f524d2af
Gap vs simple,E_P|log1p|uniform|permissive|none,PM_RIDGE,dispersed_mod9,reconstructed_mean,common_bracketable_replacements,nonindustrial,MAE,ng m-3,a_minus_b,-0.013070751131667065,-0.019244618913701515,-0.007851808172993606,360,20,1,station,20260921,2000,3e0ef5473342981884636471b6f5432f930a746d511ac18b3775e8a4f524d2af
Gap vs simple,E_P|log1p|uniform|permissive|none,PM_RIDGE,dispersed_mod9,reconstructed_mean,common_bracketable_replacements,nonindustrial,bias,ng m-3,a_minus_b,0.011628590200486493,0.0016496161072050602,0.023141752717443016,360,20,1,station,20260921,2000,3e0ef5473342981884636471b6f5432f930a746d511ac18b3775e8a4f524d2af
Gap vs simple,E_P|log1p|uniform|permissive|none,PM_RIDGE,dispersed_mod9,reconstructed_mean,common_bracketable_replacements,nonindustrial_higher,RMSE,ng m-3,a_minus_b,-0.02741422491179743,-0.03740302296028629,-0.01651765617009553,180,10,1,station,20260921,2000,c164bb2bde69ef8518e826d607529421ee96e09ff1dd7c293101a71a99e140ed
Gap vs simple,E_P|log1p|uniform|permissive|none,PM_RIDGE,dispersed_mod9,reconstructed_mean,common_bracketable_replacements,nonindustrial_higher,MAE,ng m-3,a_minus_b,-0.020825349500713176,-0.029802255581529016,-0.012131942010178984,180,10,1,station,20260921,2000,c164bb2bde69ef8518e826d607529421ee96e09ff1dd7c293101a71a99e140ed
Gap vs simple,E_P|log1p|uniform|permissive|none,PM_RIDGE,dispersed_mod9,reconstructed_mean,common_bracketable_replacements,nonindustrial_higher,bias,ng m-3,a_minus_b,0.03154084706643195,0.019787913305256064,0.04356358868621982,180,10,1,station,20260921,2000,c164bb2bde69ef8518e826d607529421ee96e09ff1dd7c293101a71a99e140ed
Gap vs simple,E_P|log1p|uniform|permissive|none,PM_RIDGE,dispersed_mod9,reconstructed_mean,common_bracketable_replacements,nonindustrial_lower,RMSE,ng m-3,a_minus_b,-0.005731779680279816,-0.008939583271841842,-0.00263704288902534,180,10,1,station,20260921,2000,94142f7594801b6401cf4038ee476c24288c1b33cbddb48e4734c11e005d7ac8
Gap vs simple,E_P|log1p|uniform|permissive|none,PM_RIDGE,dispersed_mod9,reconstructed_mean,common_bracketable_replacements,nonindustrial_lower,MAE,ng m-3,a_minus_b,-0.005316152762620952,-0.00788889882401324,-0.0028741218216134738,180,10,1,station,20260921,2000,94142f7594801b6401cf4038ee476c24288c1b33cbddb48e4734c11e005d7ac8
Gap vs simple,E_P|log1p|uniform|permissive|none,PM_RIDGE,dispersed_mod9,reconstructed_mean,common_bracketable_replacements,nonindustrial_lower,bias,ng m-3,a_minus_b,-0.00828366666545896,-0.012018205212703718,-0.004141888294697249,180,10,1,station,20260921,2000,94142f7594801b6401cf4038ee476c24288c1b33cbddb48e4734c11e005d7ac8
