eoi,year,observed,prediction,n,n_sampled,stratum,method,protocol
SK0002A,2024,0.48551416666666664,0.41507326492499996,120,120,lower,E_NO2|log1p|uniform|permissive|none,block30
SK0002A,2025,0.3338931297709924,0.41225056077709926,131,131,lower,E_NO2|log1p|uniform|permissive|none,block30
SK0004R,2024,0.2383132530120482,0.22547312230903616,166,166,lower,E_NO2|log1p|uniform|permissive|none,block30
SK0004R,2025,0.23638787878787879,0.25537998215333335,165,165,lower,E_NO2|log1p|uniform|permissive|none,block30
SK0006R,2024,0.2191146551724138,0.21840947273706898,116,116,lower,E_NO2|log1p|uniform|permissive|none,block30
SK0006R,2025,0.30306722689075627,0.2523846393554622,119,119,lower,E_NO2|log1p|uniform|permissive|none,block30
SK0008A,2024,1.7399993589743592,1.6964592374294871,156,156,higher,E_NO2|log1p|uniform|permissive|none,block30
SK0008A,2025,1.419208,1.5060990262160001,125,125,higher,E_NO2|log1p|uniform|permissive|none,block30
SK0018A,2024,6.173277118644068,4.443297695762712,118,118,higher,E_NO2|log1p|uniform|permissive|none,block30
SK0018A,2025,5.750974789915967,4.335818960840336,119,119,higher,E_NO2|log1p|uniform|permissive|none,block30
SK0020A,2024,1.3145647540983607,1.1781118275901639,122,122,higher,E_NO2|log1p|uniform|permissive|none,block30
SK0020A,2025,1.554148514851485,1.3340693947128712,101,101,higher,E_NO2|log1p|uniform|permissive|none,block30
SK0025A,2024,3.4843,3.4269000650495864,121,121,higher,E_NO2|log1p|uniform|permissive|none,block30
SK0025A,2025,2.374333333333333,2.5177571014912283,114,114,higher,E_NO2|log1p|uniform|permissive|none,block30
SK0039A,2024,1.0412450381679388,0.8960629949847329,131,131,higher,E_NO2|log1p|uniform|permissive|none,block30
SK0039A,2025,1.1465474860335196,1.0794003883854748,179,179,higher,E_NO2|log1p|uniform|permissive|none,block30
SK0045A,2024,0.5517336538461538,0.4294886256923077,104,104,lower,E_NO2|log1p|uniform|permissive|none,block30
SK0045A,2025,0.4586486486486486,0.49753540395945944,74,74,lower,E_NO2|log1p|uniform|permissive|none,block30
SK0048A,2024,0.19027164179104478,0.19997127603925371,134,134,lower,E_NO2|log1p|uniform|permissive|none,block30
SK0048A,2025,0.19674789915966387,0.2662504160352941,119,119,lower,E_NO2|log1p|uniform|permissive|none,block30
SK0050A,2024,0.9373400000000001,0.8629597620666668,165,165,lower,E_NO2|log1p|uniform|permissive|none,block30
SK0050A,2025,0.855475,0.8749040142250001,120,120,lower,E_NO2|log1p|uniform|permissive|none,block30
SK0061A,2024,0.3596550458715596,0.3172913603486239,109,109,lower,E_NO2|log1p|uniform|permissive|none,block30
SK0061A,2025,0.28588617886178863,0.39715495536991874,123,123,lower,E_NO2|log1p|uniform|permissive|none,block30
SK0066A,2024,1.408934328358209,1.2239360753731343,134,134,higher,E_NO2|log1p|uniform|permissive|none,block30
SK0066A,2025,1.2047874015748032,1.0671538347480316,127,127,higher,E_NO2|log1p|uniform|permissive|none,block30
SK0070A,2024,2.183129166666667,2.1429049009895835,96,96,higher,E_NO2|log1p|uniform|permissive|none,block30
SK0070A,2025,1.8754318181818184,1.7720732388977274,88,88,higher,E_NO2|log1p|uniform|permissive|none,block30
SK0071A,2024,2.0584204918032785,1.8406927871557377,122,122,higher,E_NO2|log1p|uniform|permissive|none,block30
SK0071A,2025,1.5632685185185184,1.602182078861111,108,108,higher,E_NO2|log1p|uniform|permissive|none,block30
SK0076A,2024,0.49729646017699114,0.33298760388495574,113,113,lower,E_NO2|log1p|uniform|permissive|none,block30
SK0076A,2025,0.39205555555555555,0.4902905121157407,108,108,lower,E_NO2|log1p|uniform|permissive|none,block30
SK0078A,2024,2.155560344827586,2.057340793387931,116,116,higher,E_NO2|log1p|uniform|permissive|none,block30
SK0078A,2025,2.0732371134020617,1.9132683187938144,97,97,higher,E_NO2|log1p|uniform|permissive|none,block30
SK0214A,2024,1.0126264462809917,1.0822277409008263,121,121,higher,E_NO2|log1p|uniform|permissive|none,block30
SK0214A,2025,1.1335981308411216,0.999901217728972,107,107,higher,E_NO2|log1p|uniform|permissive|none,block30
SK0263A,2024,0.7357486725663717,0.7526746653274337,113,113,lower,E_NO2|log1p|uniform|permissive|none,block30
SK0263A,2025,0.7383177570093458,0.6682020726816822,107,107,lower,E_NO2|log1p|uniform|permissive|none,block30
SK0265A,2024,1.7921026785714285,1.6063243199553572,112,112,higher,E_NO2|log1p|uniform|permissive|none,block30
SK0265A,2025,1.9814957264957265,1.8750559788461538,117,117,higher,E_NO2|log1p|uniform|permissive|none,block30
SK0269A,2024,0.5201866071428571,0.46626662366517857,112,112,lower,E_NO2|log1p|uniform|permissive|none,block30
SK0269A,2025,0.46375714285714287,0.4476535211642857,140,140,lower,E_NO2|log1p|uniform|permissive|none,block30
SK0002A,2024,0.48551416666666664,0.5632411766666666,120,120,lower,E_NO2|log1p|uniform|permissive|none,loso
SK0002A,2025,0.3338931297709924,0.4772266469007634,131,131,lower,E_NO2|log1p|uniform|permissive|none,loso
SK0004R,2024,0.2383132530120482,0.3861932029036145,166,166,lower,E_NO2|log1p|uniform|permissive|none,loso
SK0004R,2025,0.23638787878787879,0.42085301031212125,165,165,lower,E_NO2|log1p|uniform|permissive|none,loso
SK0006R,2024,0.2191146551724138,0.3578532568103448,116,116,lower,E_NO2|log1p|uniform|permissive|none,loso
SK0006R,2025,0.30306722689075627,0.381001358094958,119,119,lower,E_NO2|log1p|uniform|permissive|none,loso
SK0008A,2024,1.7399993589743592,2.476103960474359,156,156,higher,E_NO2|log1p|uniform|permissive|none,loso
SK0008A,2025,1.419208,1.938106531724,125,125,higher,E_NO2|log1p|uniform|permissive|none,loso
SK0018A,2024,6.173277118644068,1.20807259270339,118,118,higher,E_NO2|log1p|uniform|permissive|none,loso
SK0018A,2025,5.750974789915967,1.3020128877731094,119,119,higher,E_NO2|log1p|uniform|permissive|none,loso
SK0020A,2024,1.3145647540983607,0.9289733338196722,122,122,higher,E_NO2|log1p|uniform|permissive|none,loso
SK0020A,2025,1.554148514851485,1.0326649005049506,101,101,higher,E_NO2|log1p|uniform|permissive|none,loso
SK0025A,2024,3.4843,2.2066732227603305,121,121,higher,E_NO2|log1p|uniform|permissive|none,loso
SK0025A,2025,2.374333333333333,1.7658031950614035,114,114,higher,E_NO2|log1p|uniform|permissive|none,loso
SK0039A,2024,1.0412450381679388,1.1721048130610685,131,131,higher,E_NO2|log1p|uniform|permissive|none,loso
SK0039A,2025,1.1465474860335196,1.3733616343463686,179,179,higher,E_NO2|log1p|uniform|permissive|none,loso
SK0045A,2024,0.5517336538461538,0.4551528222019231,104,104,lower,E_NO2|log1p|uniform|permissive|none,loso
SK0045A,2025,0.4586486486486486,0.46956518729729724,74,74,lower,E_NO2|log1p|uniform|permissive|none,loso
SK0048A,2024,0.19027164179104478,0.7878740253134329,134,134,lower,E_NO2|log1p|uniform|permissive|none,loso
SK0048A,2025,0.19674789915966387,1.0591238976638655,119,119,lower,E_NO2|log1p|uniform|permissive|none,loso
SK0050A,2024,0.9373400000000001,0.8811412236503029,165,165,lower,E_NO2|log1p|uniform|permissive|none,loso
SK0050A,2025,0.855475,0.88677717815825,120,120,lower,E_NO2|log1p|uniform|permissive|none,loso
SK0061A,2024,0.3596550458715596,0.4557736546422018,109,109,lower,E_NO2|log1p|uniform|permissive|none,loso
SK0061A,2025,0.28588617886178863,0.49428063687804874,123,123,lower,E_NO2|log1p|uniform|permissive|none,loso
SK0066A,2024,1.408934328358209,0.9408881464626866,134,134,higher,E_NO2|log1p|uniform|permissive|none,loso
SK0066A,2025,1.2047874015748032,0.8209423735354331,127,127,higher,E_NO2|log1p|uniform|permissive|none,loso
SK0070A,2024,2.183129166666667,2.1797035083958334,96,96,higher,E_NO2|log1p|uniform|permissive|none,loso
SK0070A,2025,1.8754318181818184,1.7974234619545455,88,88,higher,E_NO2|log1p|uniform|permissive|none,loso
SK0071A,2024,2.0584204918032785,1.5576252225,122,122,higher,E_NO2|log1p|uniform|permissive|none,loso
SK0071A,2025,1.5632685185185184,1.3341625695462964,108,108,higher,E_NO2|log1p|uniform|permissive|none,loso
SK0076A,2024,0.49729646017699114,0.2643871574778761,113,113,lower,E_NO2|log1p|uniform|permissive|none,loso
SK0076A,2025,0.39205555555555555,1.0172429775925926,108,108,lower,E_NO2|log1p|uniform|permissive|none,loso
SK0078A,2024,2.155560344827586,1.6301759687155173,116,116,higher,E_NO2|log1p|uniform|permissive|none,loso
SK0078A,2025,2.0732371134020617,1.4929696228762885,97,97,higher,E_NO2|log1p|uniform|permissive|none,loso
SK0214A,2024,1.0126264462809917,1.043795451661157,121,121,higher,E_NO2|log1p|uniform|permissive|none,loso
SK0214A,2025,1.1335981308411216,0.997608424682243,107,107,higher,E_NO2|log1p|uniform|permissive|none,loso
SK0263A,2024,0.7357486725663717,0.7079623578761062,113,113,lower,E_NO2|log1p|uniform|permissive|none,loso
SK0263A,2025,0.7383177570093458,0.6017530418878505,107,107,lower,E_NO2|log1p|uniform|permissive|none,loso
SK0265A,2024,1.7921026785714285,1.1485352997232143,112,112,higher,E_NO2|log1p|uniform|permissive|none,loso
SK0265A,2025,1.9814957264957265,1.319804176145299,117,117,higher,E_NO2|log1p|uniform|permissive|none,loso
SK0269A,2024,0.5201866071428571,0.4656493775714286,112,112,lower,E_NO2|log1p|uniform|permissive|none,loso
SK0269A,2025,0.46375714285714287,0.40433580187142854,140,140,lower,E_NO2|log1p|uniform|permissive|none,loso
SK0002A,2024,0.48551416666666664,0.47512414000000003,120,120,lower,E_PM|log1p|uniform|permissive|none,block30
SK0002A,2025,0.3338931297709924,0.433369967129771,131,131,lower,E_PM|log1p|uniform|permissive|none,block30
SK0004R,2024,0.2383132530120482,0.23280283940843371,166,166,lower,E_PM|log1p|uniform|permissive|none,block30
SK0004R,2025,0.23638787878787879,0.2685510966963636,165,165,lower,E_PM|log1p|uniform|permissive|none,block30
SK0006R,2024,0.2191146551724138,0.25284654055689654,116,116,lower,E_PM|log1p|uniform|permissive|none,block30
SK0006R,2025,0.30306722689075627,0.24237641825907563,119,119,lower,E_PM|log1p|uniform|permissive|none,block30
SK0008A,2024,1.7399993589743592,1.8351088448205128,156,156,higher,E_PM|log1p|uniform|permissive|none,block30
SK0008A,2025,1.419208,1.407053202104,125,125,higher,E_PM|log1p|uniform|permissive|none,block30
SK0018A,2024,6.173277118644068,4.817842882372881,118,118,higher,E_PM|log1p|uniform|permissive|none,block30
SK0018A,2025,5.750974789915967,4.333590379411765,119,119,higher,E_PM|log1p|uniform|permissive|none,block30
SK0020A,2024,1.3145647540983607,1.2481567470737704,122,122,higher,E_PM|log1p|uniform|permissive|none,block30
SK0020A,2025,1.554148514851485,1.373956342762376,101,101,higher,E_PM|log1p|uniform|permissive|none,block30
SK0025A,2024,3.4843,3.541922886809917,121,121,higher,E_PM|log1p|uniform|permissive|none,block30
SK0025A,2025,2.374333333333333,2.237142452377193,114,114,higher,E_PM|log1p|uniform|permissive|none,block30
SK0039A,2024,1.0412450381679388,1.0503637976717557,131,131,higher,E_PM|log1p|uniform|permissive|none,block30
SK0039A,2025,1.1465474860335196,1.1659923036759776,179,179,higher,E_PM|log1p|uniform|permissive|none,block30
SK0045A,2024,0.5517336538461538,0.46117173368846154,104,104,lower,E_PM|log1p|uniform|permissive|none,block30
SK0045A,2025,0.4586486486486486,0.4733910259189189,74,74,lower,E_PM|log1p|uniform|permissive|none,block30
SK0048A,2024,0.19027164179104478,0.23211385946716417,134,134,lower,E_PM|log1p|uniform|permissive|none,block30
SK0048A,2025,0.19674789915966387,0.3166747392835294,119,119,lower,E_PM|log1p|uniform|permissive|none,block30
SK0050A,2024,0.9373400000000001,0.9619327822242424,165,165,lower,E_PM|log1p|uniform|permissive|none,block30
SK0050A,2025,0.855475,0.8439468395333333,120,120,lower,E_PM|log1p|uniform|permissive|none,block30
SK0061A,2024,0.3596550458715596,0.36234461972477067,109,109,lower,E_PM|log1p|uniform|permissive|none,block30
SK0061A,2025,0.28588617886178863,0.384357149902439,123,123,lower,E_PM|log1p|uniform|permissive|none,block30
SK0066A,2024,1.408934328358209,1.392629074044776,134,134,higher,E_PM|log1p|uniform|permissive|none,block30
SK0066A,2025,1.2047874015748032,1.0530620611181103,127,127,higher,E_PM|log1p|uniform|permissive|none,block30
SK0070A,2024,2.183129166666667,2.297239924979167,96,96,higher,E_PM|log1p|uniform|permissive|none,block30
SK0070A,2025,1.8754318181818184,1.745913971534091,88,88,higher,E_PM|log1p|uniform|permissive|none,block30
SK0071A,2024,2.0584204918032785,2.0446908446557375,122,122,higher,E_PM|log1p|uniform|permissive|none,block30
SK0071A,2025,1.5632685185185184,1.5154271647685187,108,108,higher,E_PM|log1p|uniform|permissive|none,block30
SK0076A,2024,0.49729646017699114,0.3907709880415929,113,113,lower,E_PM|log1p|uniform|permissive|none,block30
SK0076A,2025,0.39205555555555555,0.4246507358240741,108,108,lower,E_PM|log1p|uniform|permissive|none,block30
SK0078A,2024,2.155560344827586,2.221242783603448,116,116,higher,E_PM|log1p|uniform|permissive|none,block30
SK0078A,2025,2.0732371134020617,2.0462215728865982,97,97,higher,E_PM|log1p|uniform|permissive|none,block30
SK0214A,2024,1.0126264462809917,1.0967673552231405,121,121,higher,E_PM|log1p|uniform|permissive|none,block30
SK0214A,2025,1.1335981308411216,1.0170616537196262,107,107,higher,E_PM|log1p|uniform|permissive|none,block30
SK0263A,2024,0.7357486725663717,0.7694104854716813,113,113,lower,E_PM|log1p|uniform|permissive|none,block30
SK0263A,2025,0.7383177570093458,0.7296364415925233,107,107,lower,E_PM|log1p|uniform|permissive|none,block30
SK0265A,2024,1.7921026785714285,1.7319426404732143,112,112,higher,E_PM|log1p|uniform|permissive|none,block30
SK0265A,2025,1.9814957264957265,1.835211931076923,117,117,higher,E_PM|log1p|uniform|permissive|none,block30
SK0269A,2024,0.5201866071428571,0.46666860074553573,112,112,lower,E_PM|log1p|uniform|permissive|none,block30
SK0269A,2025,0.46375714285714287,0.4614645657892857,140,140,lower,E_PM|log1p|uniform|permissive|none,block30
SK0002A,2024,0.48551416666666664,0.64320279925,120,120,lower,E_PM|log1p|uniform|permissive|none,loso
SK0002A,2025,0.3338931297709924,0.49388899219847326,131,131,lower,E_PM|log1p|uniform|permissive|none,loso
SK0004R,2024,0.2383132530120482,0.37562337428975906,166,166,lower,E_PM|log1p|uniform|permissive|none,loso
SK0004R,2025,0.23638787878787879,0.445367646769697,165,165,lower,E_PM|log1p|uniform|permissive|none,loso
SK0006R,2024,0.2191146551724138,0.5082798721189655,116,116,lower,E_PM|log1p|uniform|permissive|none,loso
SK0006R,2025,0.30306722689075627,0.5099998177957984,119,119,lower,E_PM|log1p|uniform|permissive|none,loso
SK0008A,2024,1.7399993589743592,2.0078186714743587,156,156,higher,E_PM|log1p|uniform|permissive|none,loso
SK0008A,2025,1.419208,1.65258426672,125,125,higher,E_PM|log1p|uniform|permissive|none,loso
SK0018A,2024,6.173277118644068,0.7169410013559321,118,118,higher,E_PM|log1p|uniform|permissive|none,loso
SK0018A,2025,5.750974789915967,0.7984343091848739,119,119,higher,E_PM|log1p|uniform|permissive|none,loso
SK0020A,2024,1.3145647540983607,0.9614409675704918,122,122,higher,E_PM|log1p|uniform|permissive|none,loso
SK0020A,2025,1.554148514851485,1.107185891009901,101,101,higher,E_PM|log1p|uniform|permissive|none,loso
SK0025A,2024,3.4843,2.9681525280247936,121,121,higher,E_PM|log1p|uniform|permissive|none,loso
SK0025A,2025,2.374333333333333,2.0161999414035088,114,114,higher,E_PM|log1p|uniform|permissive|none,loso
SK0039A,2024,1.0412450381679388,1.3024612260152673,131,131,higher,E_PM|log1p|uniform|permissive|none,loso
SK0039A,2025,1.1465474860335196,1.5159516647541897,179,179,higher,E_PM|log1p|uniform|permissive|none,loso
SK0045A,2024,0.5517336538461538,0.9690395032692307,104,104,lower,E_PM|log1p|uniform|permissive|none,loso
SK0045A,2025,0.4586486486486486,0.9423695244594594,74,74,lower,E_PM|log1p|uniform|permissive|none,loso
SK0048A,2024,0.19027164179104478,1.8300869691791044,134,134,lower,E_PM|log1p|uniform|permissive|none,loso
SK0048A,2025,0.19674789915966387,1.722211934369748,119,119,lower,E_PM|log1p|uniform|permissive|none,loso
SK0050A,2024,0.9373400000000001,0.9017780222121211,165,165,lower,E_PM|log1p|uniform|permissive|none,loso
SK0050A,2025,0.855475,0.8123082030041666,120,120,lower,E_PM|log1p|uniform|permissive|none,loso
SK0061A,2024,0.3596550458715596,0.4532741585412844,109,109,lower,E_PM|log1p|uniform|permissive|none,loso
SK0061A,2025,0.28588617886178863,0.4519568263211382,123,123,lower,E_PM|log1p|uniform|permissive|none,loso
SK0066A,2024,1.408934328358209,1.2285029947216417,134,134,higher,E_PM|log1p|uniform|permissive|none,loso
SK0066A,2025,1.2047874015748032,0.9211036487086615,127,127,higher,E_PM|log1p|uniform|permissive|none,loso
SK0070A,2024,2.183129166666667,2.6000994745833332,96,96,higher,E_PM|log1p|uniform|permissive|none,loso
SK0070A,2025,1.8754318181818184,2.1418684070454543,88,88,higher,E_PM|log1p|uniform|permissive|none,loso
SK0071A,2024,2.0584204918032785,2.0300122423114755,122,122,higher,E_PM|log1p|uniform|permissive|none,loso
SK0071A,2025,1.5632685185185184,1.5276796334166667,108,108,higher,E_PM|log1p|uniform|permissive|none,loso
SK0076A,2024,0.49729646017699114,1.093576232035398,113,113,lower,E_PM|log1p|uniform|permissive|none,loso
SK0076A,2025,0.39205555555555555,1.7872959771296295,108,108,lower,E_PM|log1p|uniform|permissive|none,loso
SK0078A,2024,2.155560344827586,2.040720774551724,116,116,higher,E_PM|log1p|uniform|permissive|none,loso
SK0078A,2025,2.0732371134020617,1.9456270054948452,97,97,higher,E_PM|log1p|uniform|permissive|none,loso
SK0214A,2024,1.0126264462809917,0.8719448798785124,121,121,higher,E_PM|log1p|uniform|permissive|none,loso
SK0214A,2025,1.1335981308411216,0.8257835648691588,107,107,higher,E_PM|log1p|uniform|permissive|none,loso
SK0263A,2024,0.7357486725663717,0.6734275453716815,113,113,lower,E_PM|log1p|uniform|permissive|none,loso
SK0263A,2025,0.7383177570093458,0.6372311357570094,107,107,lower,E_PM|log1p|uniform|permissive|none,loso
SK0265A,2024,1.7921026785714285,1.2330150466785714,112,112,higher,E_PM|log1p|uniform|permissive|none,loso
SK0265A,2025,1.9814957264957265,1.358111700820513,117,117,higher,E_PM|log1p|uniform|permissive|none,loso
SK0269A,2024,0.5201866071428571,0.45735302989285714,112,112,lower,E_PM|log1p|uniform|permissive|none,loso
SK0269A,2025,0.46375714285714287,0.4123308785785714,140,140,lower,E_PM|log1p|uniform|permissive|none,loso
SK0002A,2024,0.48551416666666664,0.4529224277416667,120,120,lower,E_P_2KM,block30
SK0002A,2025,0.3338931297709924,0.3945165864732824,131,131,lower,E_P_2KM,block30
SK0004R,2024,0.2383132530120482,0.23685613971084335,166,166,lower,E_P_2KM,block30
SK0004R,2025,0.23638787878787879,0.2673964925842424,165,165,lower,E_P_2KM,block30
SK0006R,2024,0.2191146551724138,0.23989464544913794,116,116,lower,E_P_2KM,block30
SK0006R,2025,0.30306722689075627,0.24401583451260503,119,119,lower,E_P_2KM,block30
SK0008A,2024,1.7399993589743592,1.7254702897435896,156,156,higher,E_P_2KM,block30
SK0008A,2025,1.419208,1.40992631532,125,125,higher,E_P_2KM,block30
SK0018A,2024,6.173277118644068,4.851872999152542,118,118,higher,E_P_2KM,block30
SK0018A,2025,5.750974789915967,4.263059995882353,119,119,higher,E_P_2KM,block30
SK0020A,2024,1.3145647540983607,1.3720671464836065,122,122,higher,E_P_2KM,block30
SK0020A,2025,1.554148514851485,1.4216498841980196,101,101,higher,E_P_2KM,block30
SK0025A,2024,3.4843,3.475736139181818,121,121,higher,E_P_2KM,block30
SK0025A,2025,2.374333333333333,2.183367163254386,114,114,higher,E_P_2KM,block30
SK0039A,2024,1.0412450381679388,1.0785923364122136,131,131,higher,E_P_2KM,block30
SK0039A,2025,1.1465474860335196,1.1943300341871508,179,179,higher,E_P_2KM,block30
SK0045A,2024,0.5517336538461538,0.5282709846153846,104,104,lower,E_P_2KM,block30
SK0045A,2025,0.4586486486486486,0.5112325549864865,74,74,lower,E_P_2KM,block30
SK0048A,2024,0.19027164179104478,0.18924429577089552,134,134,lower,E_P_2KM,block30
SK0048A,2025,0.19674789915966387,0.26231919879268906,119,119,lower,E_P_2KM,block30
SK0050A,2024,0.9373400000000001,0.992226383630303,165,165,lower,E_P_2KM,block30
SK0050A,2025,0.855475,0.872765984925,120,120,lower,E_P_2KM,block30
SK0061A,2024,0.3596550458715596,0.3520178136972477,109,109,lower,E_P_2KM,block30
SK0061A,2025,0.28588617886178863,0.3798261955772358,123,123,lower,E_P_2KM,block30
SK0066A,2024,1.408934328358209,1.5146800303731345,134,134,higher,E_P_2KM,block30
SK0066A,2025,1.2047874015748032,1.118268061897638,127,127,higher,E_P_2KM,block30
SK0070A,2024,2.183129166666667,2.2759979635625,96,96,higher,E_P_2KM,block30
SK0070A,2025,1.8754318181818184,1.7335399988863636,88,88,higher,E_P_2KM,block30
SK0071A,2024,2.0584204918032785,1.911776595967213,122,122,higher,E_P_2KM,block30
SK0071A,2025,1.5632685185185184,1.4209508867685186,108,108,higher,E_P_2KM,block30
SK0076A,2024,0.49729646017699114,0.367613450761062,113,113,lower,E_P_2KM,block30
SK0076A,2025,0.39205555555555555,0.42679796275,108,108,lower,E_P_2KM,block30
SK0078A,2024,2.155560344827586,2.0862729817413794,116,116,higher,E_P_2KM,block30
SK0078A,2025,2.0732371134020617,1.938497076298969,97,97,higher,E_P_2KM,block30
SK0214A,2024,1.0126264462809917,1.0483649715289256,121,121,higher,E_P_2KM,block30
SK0214A,2025,1.1335981308411216,0.9610704680280373,107,107,higher,E_P_2KM,block30
SK0263A,2024,0.7357486725663717,0.8099897614424778,113,113,lower,E_P_2KM,block30
SK0263A,2025,0.7383177570093458,0.7772476165124299,107,107,lower,E_P_2KM,block30
SK0265A,2024,1.7921026785714285,1.8168237712678572,112,112,higher,E_P_2KM,block30
SK0265A,2025,1.9814957264957265,1.893440869957265,117,117,higher,E_P_2KM,block30
SK0269A,2024,0.5201866071428571,0.4885249328660714,112,112,lower,E_P_2KM,block30
SK0269A,2025,0.46375714285714287,0.4705576835642858,140,140,lower,E_P_2KM,block30
SK0002A,2024,0.48551416666666664,0.6238081661625,120,120,lower,E_P_2KM,loso
SK0002A,2025,0.3338931297709924,0.4652567375969466,131,131,lower,E_P_2KM,loso
SK0004R,2024,0.2383132530120482,0.3593047752789157,166,166,lower,E_P_2KM,loso
SK0004R,2025,0.23638787878787879,0.4056069113787879,165,165,lower,E_P_2KM,loso
SK0006R,2024,0.2191146551724138,0.4382807039152414,116,116,lower,E_P_2KM,loso
SK0006R,2025,0.30306722689075627,0.45672226150084033,119,119,lower,E_P_2KM,loso
SK0008A,2024,1.7399993589743592,1.786371656352564,156,156,higher,E_P_2KM,loso
SK0008A,2025,1.419208,1.4999100130479999,125,125,higher,E_P_2KM,loso
SK0018A,2024,6.173277118644068,0.7164446018728813,118,118,higher,E_P_2KM,loso
SK0018A,2025,5.750974789915967,0.8061874294705882,119,119,higher,E_P_2KM,loso
SK0020A,2024,1.3145647540983607,1.3281679499016394,122,122,higher,E_P_2KM,loso
SK0020A,2025,1.554148514851485,1.3973791587821782,101,101,higher,E_P_2KM,loso
SK0025A,2024,3.4843,2.2104480715289254,121,121,higher,E_P_2KM,loso
SK0025A,2025,2.374333333333333,1.4722160959824562,114,114,higher,E_P_2KM,loso
SK0039A,2024,1.0412450381679388,1.3891061012748092,131,131,higher,E_P_2KM,loso
SK0039A,2025,1.1465474860335196,1.5484111591564245,179,179,higher,E_P_2KM,loso
SK0045A,2024,0.5517336538461538,0.595151066,104,104,lower,E_P_2KM,loso
SK0045A,2025,0.4586486486486486,0.5399498588243243,74,74,lower,E_P_2KM,loso
SK0048A,2024,0.19027164179104478,0.39643107440820896,134,134,lower,E_P_2KM,loso
SK0048A,2025,0.19674789915966387,0.5631262500168067,119,119,lower,E_P_2KM,loso
SK0050A,2024,0.9373400000000001,1.107555349769697,165,165,lower,E_P_2KM,loso
SK0050A,2025,0.855475,0.9948547955416667,120,120,lower,E_P_2KM,loso
SK0061A,2024,0.3596550458715596,0.5883432165229359,109,109,lower,E_P_2KM,loso
SK0061A,2025,0.28588617886178863,0.5294963913333334,123,123,lower,E_P_2KM,loso
SK0066A,2024,1.408934328358209,1.7560545378880597,134,134,higher,E_P_2KM,loso
SK0066A,2025,1.2047874015748032,1.3420625079133859,127,127,higher,E_P_2KM,loso
SK0070A,2024,2.183129166666667,2.432187028177083,96,96,higher,E_P_2KM,loso
SK0070A,2025,1.8754318181818184,1.9618435230340907,88,88,higher,E_P_2KM,loso
SK0071A,2024,2.0584204918032785,0.7588026884180328,122,122,higher,E_P_2KM,loso
SK0071A,2025,1.5632685185185184,0.6400763423981481,108,108,higher,E_P_2KM,loso
SK0076A,2024,0.49729646017699114,0.28240254183185837,113,113,lower,E_P_2KM,loso
SK0076A,2025,0.39205555555555555,0.8351324361666668,108,108,lower,E_P_2KM,loso
SK0078A,2024,2.155560344827586,1.9047050116896551,116,116,higher,E_P_2KM,loso
SK0078A,2025,2.0732371134020617,1.8308717580618556,97,97,higher,E_P_2KM,loso
SK0214A,2024,1.0126264462809917,0.5323713638181818,121,121,higher,E_P_2KM,loso
SK0214A,2025,1.1335981308411216,0.5335027283738318,107,107,higher,E_P_2KM,loso
SK0263A,2024,0.7357486725663717,0.9796229871681417,113,113,lower,E_P_2KM,loso
SK0263A,2025,0.7383177570093458,0.916497065635514,107,107,lower,E_P_2KM,loso
SK0265A,2024,1.7921026785714285,1.623908416892857,112,112,higher,E_P_2KM,loso
SK0265A,2025,1.9814957264957265,1.6696428172820514,117,117,higher,E_P_2KM,loso
SK0269A,2024,0.5201866071428571,0.5109695060791964,112,112,lower,E_P_2KM,loso
SK0269A,2025,0.46375714285714287,0.4708268724,140,140,lower,E_P_2KM,loso
SK0002A,2024,0.48551416666666664,0.4716486858166667,120,120,lower,E_P_MATCHED,block30
SK0002A,2025,0.3338931297709924,0.4297098062366412,131,131,lower,E_P_MATCHED,block30
SK0004R,2024,0.2383132530120482,0.23477626234337348,166,166,lower,E_P_MATCHED,block30
SK0004R,2025,0.23638787878787879,0.26475760988060604,165,165,lower,E_P_MATCHED,block30
SK0006R,2024,0.2191146551724138,0.21854548734051726,116,116,lower,E_P_MATCHED,block30
SK0006R,2025,0.30306722689075627,0.2523846393554622,119,119,lower,E_P_MATCHED,block30
SK0008A,2024,1.7399993589743592,1.8071167594679487,156,156,higher,E_P_MATCHED,block30
SK0008A,2025,1.419208,1.41314005836,125,125,higher,E_P_MATCHED,block30
SK0018A,2024,6.173277118644068,4.817842882372881,118,118,higher,E_P_MATCHED,block30
SK0018A,2025,5.750974789915967,4.333590379411765,119,119,higher,E_P_MATCHED,block30
SK0020A,2024,1.3145647540983607,1.2823921610983606,122,122,higher,E_P_MATCHED,block30
SK0020A,2025,1.554148514851485,1.3769919293366337,101,101,higher,E_P_MATCHED,block30
SK0025A,2024,3.4843,3.542847051983471,121,121,higher,E_P_MATCHED,block30
SK0025A,2025,2.374333333333333,2.1966805348070175,114,114,higher,E_P_MATCHED,block30
SK0039A,2024,1.0412450381679388,1.0163160986717559,131,131,higher,E_P_MATCHED,block30
SK0039A,2025,1.1465474860335196,1.1661205161731842,179,179,higher,E_P_MATCHED,block30
SK0045A,2024,0.5517336538461538,0.4527514989230769,104,104,lower,E_P_MATCHED,block30
SK0045A,2025,0.4586486486486486,0.4653190847702703,74,74,lower,E_P_MATCHED,block30
SK0048A,2024,0.19027164179104478,0.2187409564067164,134,134,lower,E_P_MATCHED,block30
SK0048A,2025,0.19674789915966387,0.2958300691369748,119,119,lower,E_P_MATCHED,block30
SK0050A,2024,0.9373400000000001,0.933060840260606,165,165,lower,E_P_MATCHED,block30
SK0050A,2025,0.855475,0.84309774075,120,120,lower,E_P_MATCHED,block30
SK0061A,2024,0.3596550458715596,0.33814873458715594,109,109,lower,E_P_MATCHED,block30
SK0061A,2025,0.28588617886178863,0.38600849095447154,123,123,lower,E_P_MATCHED,block30
SK0066A,2024,1.408934328358209,1.3826458872910448,134,134,higher,E_P_MATCHED,block30
SK0066A,2025,1.2047874015748032,1.0295599978031496,127,127,higher,E_P_MATCHED,block30
SK0070A,2024,2.183129166666667,2.2488251296458333,96,96,higher,E_P_MATCHED,block30
SK0070A,2025,1.8754318181818184,1.7588068735681817,88,88,higher,E_P_MATCHED,block30
SK0071A,2024,2.0584204918032785,2.0001057954508195,122,122,higher,E_P_MATCHED,block30
SK0071A,2025,1.5632685185185184,1.5118976603055556,108,108,higher,E_P_MATCHED,block30
SK0076A,2024,0.49729646017699114,0.364383201661062,113,113,lower,E_P_MATCHED,block30
SK0076A,2025,0.39205555555555555,0.45424971730277774,108,108,lower,E_P_MATCHED,block30
SK0078A,2024,2.155560344827586,2.159832292887931,116,116,higher,E_P_MATCHED,block30
SK0078A,2025,2.0732371134020617,2.040168580402062,97,97,higher,E_P_MATCHED,block30
SK0214A,2024,1.0126264462809917,1.1185684349586777,121,121,higher,E_P_MATCHED,block30
SK0214A,2025,1.1335981308411216,1.03761935217757,107,107,higher,E_P_MATCHED,block30
SK0263A,2024,0.7357486725663717,0.7826599151150443,113,113,lower,E_P_MATCHED,block30
SK0263A,2025,0.7383177570093458,0.7026696980841122,107,107,lower,E_P_MATCHED,block30
SK0265A,2024,1.7921026785714285,1.754990241080357,112,112,higher,E_P_MATCHED,block30
SK0265A,2025,1.9814957264957265,1.843769043059829,117,117,higher,E_P_MATCHED,block30
SK0269A,2024,0.5201866071428571,0.4720031849017857,112,112,lower,E_P_MATCHED,block30
SK0269A,2025,0.46375714285714287,0.4546485777,140,140,lower,E_P_MATCHED,block30
SK0002A,2024,0.48551416666666664,0.6928060159641666,120,120,lower,E_P_MATCHED,loso
SK0002A,2025,0.3338931297709924,0.517474987259542,131,131,lower,E_P_MATCHED,loso
SK0004R,2024,0.2383132530120482,0.45474781956626503,166,166,lower,E_P_MATCHED,loso
SK0004R,2025,0.23638787878787879,0.5175427337670303,165,165,lower,E_P_MATCHED,loso
SK0006R,2024,0.2191146551724138,0.3569295965948276,116,116,lower,E_P_MATCHED,loso
SK0006R,2025,0.30306722689075627,0.381001358094958,119,119,lower,E_P_MATCHED,loso
SK0008A,2024,1.7399993589743592,2.0752608778269233,156,156,higher,E_P_MATCHED,loso
SK0008A,2025,1.419208,1.670653724568,125,125,higher,E_P_MATCHED,loso
SK0018A,2024,6.173277118644068,0.7169410013559321,118,118,higher,E_P_MATCHED,loso
SK0018A,2025,5.750974789915967,0.7984343091848739,119,119,higher,E_P_MATCHED,loso
SK0020A,2024,1.3145647540983607,0.984454229885246,122,122,higher,E_P_MATCHED,loso
SK0020A,2025,1.554148514851485,1.0867492274059407,101,101,higher,E_P_MATCHED,loso
SK0025A,2024,3.4843,2.963869962909091,121,121,higher,E_P_MATCHED,loso
SK0025A,2025,2.374333333333333,1.997789162885965,114,114,higher,E_P_MATCHED,loso
SK0039A,2024,1.0412450381679388,1.2164156147709924,131,131,higher,E_P_MATCHED,loso
SK0039A,2025,1.1465474860335196,1.4450774383240224,179,179,higher,E_P_MATCHED,loso
SK0045A,2024,0.5517336538461538,0.5099887508846154,104,104,lower,E_P_MATCHED,loso
SK0045A,2025,0.4586486486486486,0.43945128189189187,74,74,lower,E_P_MATCHED,loso
SK0048A,2024,0.19027164179104478,0.8365097305820896,134,134,lower,E_P_MATCHED,loso
SK0048A,2025,0.19674789915966387,0.8498148741428572,119,119,lower,E_P_MATCHED,loso
SK0050A,2024,0.9373400000000001,0.8487317222909091,165,165,lower,E_P_MATCHED,loso
SK0050A,2025,0.855475,0.7888983895416666,120,120,lower,E_P_MATCHED,loso
SK0061A,2024,0.3596550458715596,0.495336382793578,109,109,lower,E_P_MATCHED,loso
SK0061A,2025,0.28588617886178863,0.4953651872926829,123,123,lower,E_P_MATCHED,loso
SK0066A,2024,1.408934328358209,1.2262930970597015,134,134,higher,E_P_MATCHED,loso
SK0066A,2025,1.2047874015748032,0.9256819446692913,127,127,higher,E_P_MATCHED,loso
SK0070A,2024,2.183129166666667,2.0518757013958333,96,96,higher,E_P_MATCHED,loso
SK0070A,2025,1.8754318181818184,1.6058785792045454,88,88,higher,E_P_MATCHED,loso
SK0071A,2024,2.0584204918032785,1.9241504371065574,122,122,higher,E_P_MATCHED,loso
SK0071A,2025,1.5632685185185184,1.4334804274814814,108,108,higher,E_P_MATCHED,loso
SK0076A,2024,0.49729646017699114,0.2403229825115044,113,113,lower,E_P_MATCHED,loso
SK0076A,2025,0.39205555555555555,1.9043619599074075,108,108,lower,E_P_MATCHED,loso
SK0078A,2024,2.155560344827586,1.861475972551724,116,116,higher,E_P_MATCHED,loso
SK0078A,2025,2.0732371134020617,1.751917784041237,97,97,higher,E_P_MATCHED,loso
SK0214A,2024,1.0126264462809917,0.9892820649793389,121,121,higher,E_P_MATCHED,loso
SK0214A,2025,1.1335981308411216,0.9472067464906542,107,107,higher,E_P_MATCHED,loso
SK0263A,2024,0.7357486725663717,0.6764721850442478,113,113,lower,E_P_MATCHED,loso
SK0263A,2025,0.7383177570093458,0.6006932459252337,107,107,lower,E_P_MATCHED,loso
SK0265A,2024,1.7921026785714285,1.274947003375,112,112,higher,E_P_MATCHED,loso
SK0265A,2025,1.9814957264957265,1.3636984879316238,117,117,higher,E_P_MATCHED,loso
SK0269A,2024,0.5201866071428571,0.46891157748214285,112,112,lower,E_P_MATCHED,loso
SK0269A,2025,0.46375714285714287,0.4166734975571429,140,140,lower,E_P_MATCHED,loso
SK0002A,2024,0.48551416666666664,0.47472608020833335,120,120,lower,E_P_M_I|log1p|uniform|permissive|none,block30
SK0002A,2025,0.3338931297709924,0.41737230322900765,131,131,lower,E_P_M_I|log1p|uniform|permissive|none,block30
SK0004R,2024,0.2383132530120482,0.23074001471686748,166,166,lower,E_P_M_I|log1p|uniform|permissive|none,block30
SK0004R,2025,0.23638787878787879,0.2644623523230303,165,165,lower,E_P_M_I|log1p|uniform|permissive|none,block30
SK0006R,2024,0.2191146551724138,0.24777195739655175,116,116,lower,E_P_M_I|log1p|uniform|permissive|none,block30
SK0006R,2025,0.30306722689075627,0.23885058642857143,119,119,lower,E_P_M_I|log1p|uniform|permissive|none,block30
SK0008A,2024,1.7399993589743592,1.8262937794807692,156,156,higher,E_P_M_I|log1p|uniform|permissive|none,block30
SK0008A,2025,1.419208,1.3921633298159999,125,125,higher,E_P_M_I|log1p|uniform|permissive|none,block30
SK0018A,2024,6.173277118644068,4.882090246440678,118,118,higher,E_P_M_I|log1p|uniform|permissive|none,block30
SK0018A,2025,5.750974789915967,4.491772150504201,119,119,higher,E_P_M_I|log1p|uniform|permissive|none,block30
SK0020A,2024,1.3145647540983607,1.3053623571557378,122,122,higher,E_P_M_I|log1p|uniform|permissive|none,block30
SK0020A,2025,1.554148514851485,1.4037655093564358,101,101,higher,E_P_M_I|log1p|uniform|permissive|none,block30
SK0025A,2024,3.4843,3.5426173267851238,121,121,higher,E_P_M_I|log1p|uniform|permissive|none,block30
SK0025A,2025,2.374333333333333,2.221832593219298,114,114,higher,E_P_M_I|log1p|uniform|permissive|none,block30
SK0039A,2024,1.0412450381679388,1.0571669819587786,131,131,higher,E_P_M_I|log1p|uniform|permissive|none,block30
SK0039A,2025,1.1465474860335196,1.149090735752514,179,179,higher,E_P_M_I|log1p|uniform|permissive|none,block30
SK0045A,2024,0.5517336538461538,0.46658363392307695,104,104,lower,E_P_M_I|log1p|uniform|permissive|none,block30
SK0045A,2025,0.4586486486486486,0.46158788512162163,74,74,lower,E_P_M_I|log1p|uniform|permissive|none,block30
SK0048A,2024,0.19027164179104478,0.21714528371044778,134,134,lower,E_P_M_I|log1p|uniform|permissive|none,block30
SK0048A,2025,0.19674789915966387,0.2936066611277311,119,119,lower,E_P_M_I|log1p|uniform|permissive|none,block30
SK0050A,2024,0.9373400000000001,0.9218551047393939,165,165,lower,E_P_M_I|log1p|uniform|permissive|none,block30
SK0050A,2025,0.855475,0.8463493675333333,120,120,lower,E_P_M_I|log1p|uniform|permissive|none,block30
SK0061A,2024,0.3596550458715596,0.3390974842110092,109,109,lower,E_P_M_I|log1p|uniform|permissive|none,block30
SK0061A,2025,0.28588617886178863,0.37912630499593497,123,123,lower,E_P_M_I|log1p|uniform|permissive|none,block30
SK0066A,2024,1.408934328358209,1.4062044934253732,134,134,higher,E_P_M_I|log1p|uniform|permissive|none,block30
SK0066A,2025,1.2047874015748032,1.0425170694212598,127,127,higher,E_P_M_I|log1p|uniform|permissive|none,block30
SK0070A,2024,2.183129166666667,2.2164436091458333,96,96,higher,E_P_M_I|log1p|uniform|permissive|none,block30
SK0070A,2025,1.8754318181818184,1.7275795411022727,88,88,higher,E_P_M_I|log1p|uniform|permissive|none,block30
SK0071A,2024,2.0584204918032785,1.974597466827869,122,122,higher,E_P_M_I|log1p|uniform|permissive|none,block30
SK0071A,2025,1.5632685185185184,1.470148860638889,108,108,higher,E_P_M_I|log1p|uniform|permissive|none,block30
SK0076A,2024,0.49729646017699114,0.35512513043362837,113,113,lower,E_P_M_I|log1p|uniform|permissive|none,block30
SK0076A,2025,0.39205555555555555,0.40356681221481483,108,108,lower,E_P_M_I|log1p|uniform|permissive|none,block30
SK0078A,2024,2.155560344827586,2.1811568286637932,116,116,higher,E_P_M_I|log1p|uniform|permissive|none,block30
SK0078A,2025,2.0732371134020617,2.031955059257732,97,97,higher,E_P_M_I|log1p|uniform|permissive|none,block30
SK0214A,2024,1.0126264462809917,1.1000955486528925,121,121,higher,E_P_M_I|log1p|uniform|permissive|none,block30
SK0214A,2025,1.1335981308411216,1.044685868542056,107,107,higher,E_P_M_I|log1p|uniform|permissive|none,block30
SK0263A,2024,0.7357486725663717,0.7891431282123894,113,113,lower,E_P_M_I|log1p|uniform|permissive|none,block30
SK0263A,2025,0.7383177570093458,0.7242813819345795,107,107,lower,E_P_M_I|log1p|uniform|permissive|none,block30
SK0265A,2024,1.7921026785714285,1.7727920752232145,112,112,higher,E_P_M_I|log1p|uniform|permissive|none,block30
SK0265A,2025,1.9814957264957265,1.8075719596324786,117,117,higher,E_P_M_I|log1p|uniform|permissive|none,block30
SK0269A,2024,0.5201866071428571,0.4640845394464286,112,112,lower,E_P_M_I|log1p|uniform|permissive|none,block30
SK0269A,2025,0.46375714285714287,0.45534312087142853,140,140,lower,E_P_M_I|log1p|uniform|permissive|none,block30
SK0002A,2024,0.48551416666666664,0.47868616565833333,120,120,lower,E_P_M|log1p|uniform|permissive|none,block30
SK0002A,2025,0.3338931297709924,0.4221811855709924,131,131,lower,E_P_M|log1p|uniform|permissive|none,block30
SK0004R,2024,0.2383132530120482,0.23731251278671084,166,166,lower,E_P_M|log1p|uniform|permissive|none,block30
SK0004R,2025,0.23638787878787879,0.26495733418787876,165,165,lower,E_P_M|log1p|uniform|permissive|none,block30
SK0006R,2024,0.2191146551724138,0.24609773225,116,116,lower,E_P_M|log1p|uniform|permissive|none,block30
SK0006R,2025,0.30306722689075627,0.24640160572268907,119,119,lower,E_P_M|log1p|uniform|permissive|none,block30
SK0008A,2024,1.7399993589743592,1.8103719202115387,156,156,higher,E_P_M|log1p|uniform|permissive|none,block30
SK0008A,2025,1.419208,1.41348892312,125,125,higher,E_P_M|log1p|uniform|permissive|none,block30
SK0018A,2024,6.173277118644068,4.843384923474577,118,118,higher,E_P_M|log1p|uniform|permissive|none,block30
SK0018A,2025,5.750974789915967,4.359086243865547,119,119,higher,E_P_M|log1p|uniform|permissive|none,block30
SK0020A,2024,1.3145647540983607,1.289256768737705,122,122,higher,E_P_M|log1p|uniform|permissive|none,block30
SK0020A,2025,1.554148514851485,1.3933209332277228,101,101,higher,E_P_M|log1p|uniform|permissive|none,block30
SK0025A,2024,3.4843,3.5476343377107438,121,121,higher,E_P_M|log1p|uniform|permissive|none,block30
SK0025A,2025,2.374333333333333,2.3168392960175437,114,114,higher,E_P_M|log1p|uniform|permissive|none,block30
SK0039A,2024,1.0412450381679388,1.070242672038168,131,131,higher,E_P_M|log1p|uniform|permissive|none,block30
SK0039A,2025,1.1465474860335196,1.171206273837989,179,179,higher,E_P_M|log1p|uniform|permissive|none,block30
SK0045A,2024,0.5517336538461538,0.46768406402884616,104,104,lower,E_P_M|log1p|uniform|permissive|none,block30
SK0045A,2025,0.4586486486486486,0.46676157967567566,74,74,lower,E_P_M|log1p|uniform|permissive|none,block30
SK0048A,2024,0.19027164179104478,0.22081266125149254,134,134,lower,E_P_M|log1p|uniform|permissive|none,block30
SK0048A,2025,0.19674789915966387,0.30098233755462184,119,119,lower,E_P_M|log1p|uniform|permissive|none,block30
SK0050A,2024,0.9373400000000001,0.9379751612545454,165,165,lower,E_P_M|log1p|uniform|permissive|none,block30
SK0050A,2025,0.855475,0.8512157353083333,120,120,lower,E_P_M|log1p|uniform|permissive|none,block30
SK0061A,2024,0.3596550458715596,0.34070201933027516,109,109,lower,E_P_M|log1p|uniform|permissive|none,block30
SK0061A,2025,0.28588617886178863,0.38291051461788617,123,123,lower,E_P_M|log1p|uniform|permissive|none,block30
SK0066A,2024,1.408934328358209,1.3909586160522387,134,134,higher,E_P_M|log1p|uniform|permissive|none,block30
SK0066A,2025,1.2047874015748032,1.0429853939212599,127,127,higher,E_P_M|log1p|uniform|permissive|none,block30
SK0070A,2024,2.183129166666667,2.2605160134375,96,96,higher,E_P_M|log1p|uniform|permissive|none,block30
SK0070A,2025,1.8754318181818184,1.7768736147613637,88,88,higher,E_P_M|log1p|uniform|permissive|none,block30
SK0071A,2024,2.0584204918032785,2.0240878288524593,122,122,higher,E_P_M|log1p|uniform|permissive|none,block30
SK0071A,2025,1.5632685185185184,1.5161213518055556,108,108,higher,E_P_M|log1p|uniform|permissive|none,block30
SK0076A,2024,0.49729646017699114,0.36513493972566374,113,113,lower,E_P_M|log1p|uniform|permissive|none,block30
SK0076A,2025,0.39205555555555555,0.42741547062962965,108,108,lower,E_P_M|log1p|uniform|permissive|none,block30
SK0078A,2024,2.155560344827586,2.195201453715517,116,116,higher,E_P_M|log1p|uniform|permissive|none,block30
SK0078A,2025,2.0732371134020617,2.0439501144845362,97,97,higher,E_P_M|log1p|uniform|permissive|none,block30
SK0214A,2024,1.0126264462809917,1.1104901790495867,121,121,higher,E_P_M|log1p|uniform|permissive|none,block30
SK0214A,2025,1.1335981308411216,1.0327530533177571,107,107,higher,E_P_M|log1p|uniform|permissive|none,block30
SK0263A,2024,0.7357486725663717,0.7863254683716814,113,113,lower,E_P_M|log1p|uniform|permissive|none,block30
SK0263A,2025,0.7383177570093458,0.7140960388504674,107,107,lower,E_P_M|log1p|uniform|permissive|none,block30
SK0265A,2024,1.7921026785714285,1.7582620933125,112,112,higher,E_P_M|log1p|uniform|permissive|none,block30
SK0265A,2025,1.9814957264957265,1.8330667363846156,117,117,higher,E_P_M|log1p|uniform|permissive|none,block30
SK0269A,2024,0.5201866071428571,0.47286404294196427,112,112,lower,E_P_M|log1p|uniform|permissive|none,block30
SK0269A,2025,0.46375714285714287,0.46106798409999994,140,140,lower,E_P_M|log1p|uniform|permissive|none,block30
SK0002A,2024,0.48551416666666664,0.6832452708583333,120,120,lower,E_P_M|log1p|uniform|permissive|none,loso
SK0002A,2025,0.3338931297709924,0.5085582796412214,131,131,lower,E_P_M|log1p|uniform|permissive|none,loso
SK0004R,2024,0.2383132530120482,0.447234585046988,166,166,lower,E_P_M|log1p|uniform|permissive|none,loso
SK0004R,2025,0.23638787878787879,0.5144097391452122,165,165,lower,E_P_M|log1p|uniform|permissive|none,loso
SK0006R,2024,0.2191146551724138,0.45630444071551723,116,116,lower,E_P_M|log1p|uniform|permissive|none,loso
SK0006R,2025,0.30306722689075627,0.46564140099747897,119,119,lower,E_P_M|log1p|uniform|permissive|none,loso
SK0008A,2024,1.7399993589743592,2.067130294301282,156,156,higher,E_P_M|log1p|uniform|permissive|none,loso
SK0008A,2025,1.419208,1.6425039948240001,125,125,higher,E_P_M|log1p|uniform|permissive|none,loso
SK0018A,2024,6.173277118644068,0.7041230469067796,118,118,higher,E_P_M|log1p|uniform|permissive|none,loso
SK0018A,2025,5.750974789915967,0.781889838487395,119,119,higher,E_P_M|log1p|uniform|permissive|none,loso
SK0020A,2024,1.3145647540983607,0.9806520750245901,122,122,higher,E_P_M|log1p|uniform|permissive|none,loso
SK0020A,2025,1.554148514851485,1.1074577527425742,101,101,higher,E_P_M|log1p|uniform|permissive|none,loso
SK0025A,2024,3.4843,2.9259248759008263,121,121,higher,E_P_M|log1p|uniform|permissive|none,loso
SK0025A,2025,2.374333333333333,2.082741923850877,114,114,higher,E_P_M|log1p|uniform|permissive|none,loso
SK0039A,2024,1.0412450381679388,1.2005148283587785,131,131,higher,E_P_M|log1p|uniform|permissive|none,loso
SK0039A,2025,1.1465474860335196,1.4091219447709498,179,179,higher,E_P_M|log1p|uniform|permissive|none,loso
SK0045A,2024,0.5517336538461538,0.48627191557692306,104,104,lower,E_P_M|log1p|uniform|permissive|none,loso
SK0045A,2025,0.4586486486486486,0.4287041638918919,74,74,lower,E_P_M|log1p|uniform|permissive|none,loso
SK0048A,2024,0.19027164179104478,0.7081356779925373,134,134,lower,E_P_M|log1p|uniform|permissive|none,loso
SK0048A,2025,0.19674789915966387,0.8066593634957984,119,119,lower,E_P_M|log1p|uniform|permissive|none,loso
SK0050A,2024,0.9373400000000001,0.8541407119454546,165,165,lower,E_P_M|log1p|uniform|permissive|none,loso
SK0050A,2025,0.855475,0.7956293104583333,120,120,lower,E_P_M|log1p|uniform|permissive|none,loso
SK0061A,2024,0.3596550458715596,0.4980054176605505,109,109,lower,E_P_M|log1p|uniform|permissive|none,loso
SK0061A,2025,0.28588617886178863,0.49718425972357727,123,123,lower,E_P_M|log1p|uniform|permissive|none,loso
SK0066A,2024,1.408934328358209,1.2418459166940299,134,134,higher,E_P_M|log1p|uniform|permissive|none,loso
SK0066A,2025,1.2047874015748032,0.9305511035905512,127,127,higher,E_P_M|log1p|uniform|permissive|none,loso
SK0070A,2024,2.183129166666667,1.97322716875,96,96,higher,E_P_M|log1p|uniform|permissive|none,loso
SK0070A,2025,1.8754318181818184,1.5205316015909092,88,88,higher,E_P_M|log1p|uniform|permissive|none,loso
SK0071A,2024,2.0584204918032785,1.8645714641721312,122,122,higher,E_P_M|log1p|uniform|permissive|none,loso
SK0071A,2025,1.5632685185185184,1.404545773925926,108,108,higher,E_P_M|log1p|uniform|permissive|none,loso
SK0076A,2024,0.49729646017699114,0.25184345030088495,113,113,lower,E_P_M|log1p|uniform|permissive|none,loso
SK0076A,2025,0.39205555555555555,1.0544991905555554,108,108,lower,E_P_M|log1p|uniform|permissive|none,loso
SK0078A,2024,2.155560344827586,1.9177316463017242,116,116,higher,E_P_M|log1p|uniform|permissive|none,loso
SK0078A,2025,2.0732371134020617,1.8376149767525776,97,97,higher,E_P_M|log1p|uniform|permissive|none,loso
SK0214A,2024,1.0126264462809917,0.9743716208876033,121,121,higher,E_P_M|log1p|uniform|permissive|none,loso
SK0214A,2025,1.1335981308411216,0.9479067588785047,107,107,higher,E_P_M|log1p|uniform|permissive|none,loso
SK0263A,2024,0.7357486725663717,0.670986024681416,113,113,lower,E_P_M|log1p|uniform|permissive|none,loso
SK0263A,2025,0.7383177570093458,0.5907111622616823,107,107,lower,E_P_M|log1p|uniform|permissive|none,loso
SK0265A,2024,1.7921026785714285,1.2694217861919643,112,112,higher,E_P_M|log1p|uniform|permissive|none,loso
SK0265A,2025,1.9814957264957265,1.358891907957265,117,117,higher,E_P_M|log1p|uniform|permissive|none,loso
SK0269A,2024,0.5201866071428571,0.4700910873482143,112,112,lower,E_P_M|log1p|uniform|permissive|none,loso
SK0269A,2025,0.46375714285714287,0.4268426391214286,140,140,lower,E_P_M|log1p|uniform|permissive|none,loso
SK0002A,2024,0.48551416666666664,0.6080322452725,120,120,lower,E_P|identity|uniform|permissive|none,block30
SK0002A,2025,0.3338931297709924,0.47239818553740454,131,131,lower,E_P|identity|uniform|permissive|none,block30
SK0004R,2024,0.2383132530120482,0.26783246565120483,166,166,lower,E_P|identity|uniform|permissive|none,block30
SK0004R,2025,0.23638787878787879,0.2645598388358182,165,165,lower,E_P|identity|uniform|permissive|none,block30
SK0006R,2024,0.2191146551724138,0.2805024056551724,116,116,lower,E_P|identity|uniform|permissive|none,block30
SK0006R,2025,0.30306722689075627,0.2701875614563025,119,119,lower,E_P|identity|uniform|permissive|none,block30
SK0008A,2024,1.7399993589743592,2.005932191403846,156,156,higher,E_P|identity|uniform|permissive|none,block30
SK0008A,2025,1.419208,1.52761150492,125,125,higher,E_P|identity|uniform|permissive|none,block30
SK0018A,2024,6.173277118644068,6.16104437881356,118,118,higher,E_P|identity|uniform|permissive|none,block30
SK0018A,2025,5.750974789915967,5.284336063865546,119,119,higher,E_P|identity|uniform|permissive|none,block30
SK0020A,2024,1.3145647540983607,1.3567939518688525,122,122,higher,E_P|identity|uniform|permissive|none,block30
SK0020A,2025,1.554148514851485,1.5118772574950496,101,101,higher,E_P|identity|uniform|permissive|none,block30
SK0025A,2024,3.4843,3.8702951178429754,121,121,higher,E_P|identity|uniform|permissive|none,block30
SK0025A,2025,2.374333333333333,2.510462758307017,114,114,higher,E_P|identity|uniform|permissive|none,block30
SK0039A,2024,1.0412450381679388,1.2442153364351145,131,131,higher,E_P|identity|uniform|permissive|none,block30
SK0039A,2025,1.1465474860335196,1.3071377150391061,179,179,higher,E_P|identity|uniform|permissive|none,block30
SK0045A,2024,0.5517336538461538,0.6752230729423078,104,104,lower,E_P|identity|uniform|permissive|none,block30
SK0045A,2025,0.4586486486486486,0.5246532181486486,74,74,lower,E_P|identity|uniform|permissive|none,block30
SK0048A,2024,0.19027164179104478,0.34257484109402986,134,134,lower,E_P|identity|uniform|permissive|none,block30
SK0048A,2025,0.19674789915966387,0.34230137565210084,119,119,lower,E_P|identity|uniform|permissive|none,block30
SK0050A,2024,0.9373400000000001,1.0524109015278786,165,165,lower,E_P|identity|uniform|permissive|none,block30
SK0050A,2025,0.855475,0.8705327934916667,120,120,lower,E_P|identity|uniform|permissive|none,block30
SK0061A,2024,0.3596550458715596,0.4914386482110092,109,109,lower,E_P|identity|uniform|permissive|none,block30
SK0061A,2025,0.28588617886178863,0.4127953378886179,123,123,lower,E_P|identity|uniform|permissive|none,block30
SK0066A,2024,1.408934328358209,1.5299939841514925,134,134,higher,E_P|identity|uniform|permissive|none,block30
SK0066A,2025,1.2047874015748032,1.0827315761732283,127,127,higher,E_P|identity|uniform|permissive|none,block30
SK0070A,2024,2.183129166666667,2.6127715903958335,96,96,higher,E_P|identity|uniform|permissive|none,block30
SK0070A,2025,1.8754318181818184,1.9469777440454548,88,88,higher,E_P|identity|uniform|permissive|none,block30
SK0071A,2024,2.0584204918032785,2.2243894379836067,122,122,higher,E_P|identity|uniform|permissive|none,block30
SK0071A,2025,1.5632685185185184,1.5937165871203705,108,108,higher,E_P|identity|uniform|permissive|none,block30
SK0076A,2024,0.49729646017699114,0.45457376540707967,113,113,lower,E_P|identity|uniform|permissive|none,block30
SK0076A,2025,0.39205555555555555,0.5601381793814815,108,108,lower,E_P|identity|uniform|permissive|none,block30
SK0078A,2024,2.155560344827586,2.388709234982759,116,116,higher,E_P|identity|uniform|permissive|none,block30
SK0078A,2025,2.0732371134020617,2.188008166329897,97,97,higher,E_P|identity|uniform|permissive|none,block30
SK0214A,2024,1.0126264462809917,1.2091499941743802,121,121,higher,E_P|identity|uniform|permissive|none,block30
SK0214A,2025,1.1335981308411216,1.1644547619476635,107,107,higher,E_P|identity|uniform|permissive|none,block30
SK0263A,2024,0.7357486725663717,0.9298224622831859,113,113,lower,E_P|identity|uniform|permissive|none,block30
SK0263A,2025,0.7383177570093458,0.8355921774205607,107,107,lower,E_P|identity|uniform|permissive|none,block30
SK0265A,2024,1.7921026785714285,1.8627035278125,112,112,higher,E_P|identity|uniform|permissive|none,block30
SK0265A,2025,1.9814957264957265,1.9395097977948719,117,117,higher,E_P|identity|uniform|permissive|none,block30
SK0269A,2024,0.5201866071428571,0.6356804484910714,112,112,lower,E_P|identity|uniform|permissive|none,block30
SK0269A,2025,0.46375714285714287,0.5498658594228572,140,140,lower,E_P|identity|uniform|permissive|none,block30
SK0002A,2024,0.48551416666666664,0.7596651715691666,120,120,lower,E_P|identity|uniform|permissive|none,loso
SK0002A,2025,0.3338931297709924,0.6297660667175573,131,131,lower,E_P|identity|uniform|permissive|none,loso
SK0004R,2024,0.2383132530120482,0.2255757672933735,166,166,lower,E_P|identity|uniform|permissive|none,loso
SK0004R,2025,0.23638787878787879,0.26445100293939394,165,165,lower,E_P|identity|uniform|permissive|none,loso
SK0006R,2024,0.2191146551724138,0.5651039920775862,116,116,lower,E_P|identity|uniform|permissive|none,loso
SK0006R,2025,0.30306722689075627,0.5778474643613445,119,119,lower,E_P|identity|uniform|permissive|none,loso
SK0008A,2024,1.7399993589743592,2.200126871346154,156,156,higher,E_P|identity|uniform|permissive|none,loso
SK0008A,2025,1.419208,1.759710280304,125,125,higher,E_P|identity|uniform|permissive|none,loso
SK0018A,2024,6.173277118644068,1.0745535931101695,118,118,higher,E_P|identity|uniform|permissive|none,loso
SK0018A,2025,5.750974789915967,1.1403363521512606,119,119,higher,E_P|identity|uniform|permissive|none,loso
SK0020A,2024,1.3145647540983607,1.0478424998606557,122,122,higher,E_P|identity|uniform|permissive|none,loso
SK0020A,2025,1.554148514851485,1.317753918519802,101,101,higher,E_P|identity|uniform|permissive|none,loso
SK0025A,2024,3.4843,3.3095196402066116,121,121,higher,E_P|identity|uniform|permissive|none,loso
SK0025A,2025,2.374333333333333,2.3337332974649123,114,114,higher,E_P|identity|uniform|permissive|none,loso
SK0039A,2024,1.0412450381679388,1.405377161221374,131,131,higher,E_P|identity|uniform|permissive|none,loso
SK0039A,2025,1.1465474860335196,1.5686023547653631,179,179,higher,E_P|identity|uniform|permissive|none,loso
SK0045A,2024,0.5517336538461538,0.6607843089480769,104,104,lower,E_P|identity|uniform|permissive|none,loso
SK0045A,2025,0.4586486486486486,0.4670338470459459,74,74,lower,E_P|identity|uniform|permissive|none,loso
SK0048A,2024,0.19027164179104478,1.6342533500820895,134,134,lower,E_P|identity|uniform|permissive|none,loso
SK0048A,2025,0.19674789915966387,1.5165056331932771,119,119,lower,E_P|identity|uniform|permissive|none,loso
SK0050A,2024,0.9373400000000001,1.0087444927212121,165,165,lower,E_P|identity|uniform|permissive|none,loso
SK0050A,2025,0.855475,0.8516149048866667,120,120,lower,E_P|identity|uniform|permissive|none,loso
SK0061A,2024,0.3596550458715596,0.5669826600183486,109,109,lower,E_P|identity|uniform|permissive|none,loso
SK0061A,2025,0.28588617886178863,0.5529060783577235,123,123,lower,E_P|identity|uniform|permissive|none,loso
SK0066A,2024,1.408934328358209,1.2783768593171643,134,134,higher,E_P|identity|uniform|permissive|none,loso
SK0066A,2025,1.2047874015748032,0.9552284494031497,127,127,higher,E_P|identity|uniform|permissive|none,loso
SK0070A,2024,2.183129166666667,2.6014673504791666,96,96,higher,E_P|identity|uniform|permissive|none,loso
SK0070A,2025,1.8754318181818184,1.9483348457954544,88,88,higher,E_P|identity|uniform|permissive|none,loso
SK0071A,2024,2.0584204918032785,2.028951449139344,122,122,higher,E_P|identity|uniform|permissive|none,loso
SK0071A,2025,1.5632685185185184,1.515143602962963,108,108,higher,E_P|identity|uniform|permissive|none,loso
SK0076A,2024,0.49729646017699114,0.2869256055353982,113,113,lower,E_P|identity|uniform|permissive|none,loso
SK0076A,2025,0.39205555555555555,1.6498734602777778,108,108,lower,E_P|identity|uniform|permissive|none,loso
SK0078A,2024,2.155560344827586,2.0079450126077587,116,116,higher,E_P|identity|uniform|permissive|none,loso
SK0078A,2025,2.0732371134020617,1.955752806072165,97,97,higher,E_P|identity|uniform|permissive|none,loso
SK0214A,2024,1.0126264462809917,1.2961142157785124,121,121,higher,E_P|identity|uniform|permissive|none,loso
SK0214A,2025,1.1335981308411216,1.2865648487700936,107,107,higher,E_P|identity|uniform|permissive|none,loso
SK0263A,2024,0.7357486725663717,0.7877525936641593,113,113,lower,E_P|identity|uniform|permissive|none,loso
SK0263A,2025,0.7383177570093458,0.7344981139242991,107,107,lower,E_P|identity|uniform|permissive|none,loso
SK0265A,2024,1.7921026785714285,1.55724435886,112,112,higher,E_P|identity|uniform|permissive|none,loso
SK0265A,2025,1.9814957264957265,1.6188105853589743,117,117,higher,E_P|identity|uniform|permissive|none,loso
SK0269A,2024,0.5201866071428571,0.5601895342946428,112,112,lower,E_P|identity|uniform|permissive|none,loso
SK0269A,2025,0.46375714285714287,0.4666338753964286,140,140,lower,E_P|identity|uniform|permissive|none,loso
SK0002A,2024,0.48551416666666664,0.472515511025,120,120,lower,E_P|log1p|inverse_1_over_bap_plus_0_5|permissive|none,block30
SK0002A,2025,0.3338931297709924,0.3974046791984733,131,131,lower,E_P|log1p|inverse_1_over_bap_plus_0_5|permissive|none,block30
SK0004R,2024,0.2383132530120482,0.22745654114457833,166,166,lower,E_P|log1p|inverse_1_over_bap_plus_0_5|permissive|none,block30
SK0004R,2025,0.23638787878787879,0.26175564581515154,165,165,lower,E_P|log1p|inverse_1_over_bap_plus_0_5|permissive|none,block30
SK0006R,2024,0.2191146551724138,0.22504100306034483,116,116,lower,E_P|log1p|inverse_1_over_bap_plus_0_5|permissive|none,block30
SK0006R,2025,0.30306722689075627,0.22149137411764705,119,119,lower,E_P|log1p|inverse_1_over_bap_plus_0_5|permissive|none,block30
SK0008A,2024,1.7399993589743592,1.6993403084871794,156,156,higher,E_P|log1p|inverse_1_over_bap_plus_0_5|permissive|none,block30
SK0008A,2025,1.419208,1.4583764210080001,125,125,higher,E_P|log1p|inverse_1_over_bap_plus_0_5|permissive|none,block30
SK0018A,2024,6.173277118644068,3.558026183728814,118,118,higher,E_P|log1p|inverse_1_over_bap_plus_0_5|permissive|none,block30
SK0018A,2025,5.750974789915967,3.338987041428571,119,119,higher,E_P|log1p|inverse_1_over_bap_plus_0_5|permissive|none,block30
SK0020A,2024,1.3145647540983607,1.156497737647541,122,122,higher,E_P|log1p|inverse_1_over_bap_plus_0_5|permissive|none,block30
SK0020A,2025,1.554148514851485,1.3346780610891087,101,101,higher,E_P|log1p|inverse_1_over_bap_plus_0_5|permissive|none,block30
SK0025A,2024,3.4843,3.4767900533140494,121,121,higher,E_P|log1p|inverse_1_over_bap_plus_0_5|permissive|none,block30
SK0025A,2025,2.374333333333333,2.3445004022719296,114,114,higher,E_P|log1p|inverse_1_over_bap_plus_0_5|permissive|none,block30
SK0039A,2024,1.0412450381679388,0.9224332963206107,131,131,higher,E_P|log1p|inverse_1_over_bap_plus_0_5|permissive|none,block30
SK0039A,2025,1.1465474860335196,1.1759176282067039,179,179,higher,E_P|log1p|inverse_1_over_bap_plus_0_5|permissive|none,block30
SK0045A,2024,0.5517336538461538,0.4606258463653846,104,104,lower,E_P|log1p|inverse_1_over_bap_plus_0_5|permissive|none,block30
SK0045A,2025,0.4586486486486486,0.45950856163513515,74,74,lower,E_P|log1p|inverse_1_over_bap_plus_0_5|permissive|none,block30
SK0048A,2024,0.19027164179104478,0.19283342352985075,134,134,lower,E_P|log1p|inverse_1_over_bap_plus_0_5|permissive|none,block30
SK0048A,2025,0.19674789915966387,0.26447868853781514,119,119,lower,E_P|log1p|inverse_1_over_bap_plus_0_5|permissive|none,block30
SK0050A,2024,0.9373400000000001,0.8823080535696969,165,165,lower,E_P|log1p|inverse_1_over_bap_plus_0_5|permissive|none,block30
SK0050A,2025,0.855475,0.831212418575,120,120,lower,E_P|log1p|inverse_1_over_bap_plus_0_5|permissive|none,block30
SK0061A,2024,0.3596550458715596,0.3328565467981652,109,109,lower,E_P|log1p|inverse_1_over_bap_plus_0_5|permissive|none,block30
SK0061A,2025,0.28588617886178863,0.37757904437398376,123,123,lower,E_P|log1p|inverse_1_over_bap_plus_0_5|permissive|none,block30
SK0066A,2024,1.408934328358209,1.2917180019626866,134,134,higher,E_P|log1p|inverse_1_over_bap_plus_0_5|permissive|none,block30
SK0066A,2025,1.2047874015748032,0.9873031335433071,127,127,higher,E_P|log1p|inverse_1_over_bap_plus_0_5|permissive|none,block30
SK0070A,2024,2.183129166666667,2.1402226,96,96,higher,E_P|log1p|inverse_1_over_bap_plus_0_5|permissive|none,block30
SK0070A,2025,1.8754318181818184,1.7667325456363636,88,88,higher,E_P|log1p|inverse_1_over_bap_plus_0_5|permissive|none,block30
SK0071A,2024,2.0584204918032785,1.9270095431803278,122,122,higher,E_P|log1p|inverse_1_over_bap_plus_0_5|permissive|none,block30
SK0071A,2025,1.5632685185185184,1.461131245425926,108,108,higher,E_P|log1p|inverse_1_over_bap_plus_0_5|permissive|none,block30
SK0076A,2024,0.49729646017699114,0.34770436953097345,113,113,lower,E_P|log1p|inverse_1_over_bap_plus_0_5|permissive|none,block30
SK0076A,2025,0.39205555555555555,0.37136555462037035,108,108,lower,E_P|log1p|inverse_1_over_bap_plus_0_5|permissive|none,block30
SK0078A,2024,2.155560344827586,1.9686080627672413,116,116,higher,E_P|log1p|inverse_1_over_bap_plus_0_5|permissive|none,block30
SK0078A,2025,2.0732371134020617,1.9351870916082474,97,97,higher,E_P|log1p|inverse_1_over_bap_plus_0_5|permissive|none,block30
SK0214A,2024,1.0126264462809917,1.1265567079504133,121,121,higher,E_P|log1p|inverse_1_over_bap_plus_0_5|permissive|none,block30
SK0214A,2025,1.1335981308411216,1.0213159704766355,107,107,higher,E_P|log1p|inverse_1_over_bap_plus_0_5|permissive|none,block30
SK0263A,2024,0.7357486725663717,0.7260332893805309,113,113,lower,E_P|log1p|inverse_1_over_bap_plus_0_5|permissive|none,block30
SK0263A,2025,0.7383177570093458,0.6348623148364486,107,107,lower,E_P|log1p|inverse_1_over_bap_plus_0_5|permissive|none,block30
SK0265A,2024,1.7921026785714285,1.6742979186875,112,112,higher,E_P|log1p|inverse_1_over_bap_plus_0_5|permissive|none,block30
SK0265A,2025,1.9814957264957265,1.7839699687179487,117,117,higher,E_P|log1p|inverse_1_over_bap_plus_0_5|permissive|none,block30
SK0269A,2024,0.5201866071428571,0.4485498816071428,112,112,lower,E_P|log1p|inverse_1_over_bap_plus_0_5|permissive|none,block30
SK0269A,2025,0.46375714285714287,0.42867347875,140,140,lower,E_P|log1p|inverse_1_over_bap_plus_0_5|permissive|none,block30
SK0002A,2024,0.48551416666666664,0.632590235225,120,120,lower,E_P|log1p|inverse_1_over_bap_plus_0_5|permissive|none,loso
SK0002A,2025,0.3338931297709924,0.48087303751908395,131,131,lower,E_P|log1p|inverse_1_over_bap_plus_0_5|permissive|none,loso
SK0004R,2024,0.2383132530120482,0.4624195261421687,166,166,lower,E_P|log1p|inverse_1_over_bap_plus_0_5|permissive|none,loso
SK0004R,2025,0.23638787878787879,0.5219475317757576,165,165,lower,E_P|log1p|inverse_1_over_bap_plus_0_5|permissive|none,loso
SK0006R,2024,0.2191146551724138,0.46992808940517244,116,116,lower,E_P|log1p|inverse_1_over_bap_plus_0_5|permissive|none,loso
SK0006R,2025,0.30306722689075627,0.47972268715126054,119,119,lower,E_P|log1p|inverse_1_over_bap_plus_0_5|permissive|none,loso
SK0008A,2024,1.7399993589743592,1.8253474743653846,156,156,higher,E_P|log1p|inverse_1_over_bap_plus_0_5|permissive|none,loso
SK0008A,2025,1.419208,1.511264532808,125,125,higher,E_P|log1p|inverse_1_over_bap_plus_0_5|permissive|none,loso
SK0018A,2024,6.173277118644068,0.6374630256016949,118,118,higher,E_P|log1p|inverse_1_over_bap_plus_0_5|permissive|none,loso
SK0018A,2025,5.750974789915967,0.7200767605798319,119,119,higher,E_P|log1p|inverse_1_over_bap_plus_0_5|permissive|none,loso
SK0020A,2024,1.3145647540983607,0.9306873916147541,122,122,higher,E_P|log1p|inverse_1_over_bap_plus_0_5|permissive|none,loso
SK0020A,2025,1.554148514851485,1.0181357922079208,101,101,higher,E_P|log1p|inverse_1_over_bap_plus_0_5|permissive|none,loso
SK0025A,2024,3.4843,2.765503141132231,121,121,higher,E_P|log1p|inverse_1_over_bap_plus_0_5|permissive|none,loso
SK0025A,2025,2.374333333333333,1.9361214271842104,114,114,higher,E_P|log1p|inverse_1_over_bap_plus_0_5|permissive|none,loso
SK0039A,2024,1.0412450381679388,1.1467845162671755,131,131,higher,E_P|log1p|inverse_1_over_bap_plus_0_5|permissive|none,loso
SK0039A,2025,1.1465474860335196,1.3787184594636872,179,179,higher,E_P|log1p|inverse_1_over_bap_plus_0_5|permissive|none,loso
SK0045A,2024,0.5517336538461538,0.4738519837980769,104,104,lower,E_P|log1p|inverse_1_over_bap_plus_0_5|permissive|none,loso
SK0045A,2025,0.4586486486486486,0.43511962452702707,74,74,lower,E_P|log1p|inverse_1_over_bap_plus_0_5|permissive|none,loso
SK0048A,2024,0.19027164179104478,0.6999844629402986,134,134,lower,E_P|log1p|inverse_1_over_bap_plus_0_5|permissive|none,loso
SK0048A,2025,0.19674789915966387,0.8803699648571428,119,119,lower,E_P|log1p|inverse_1_over_bap_plus_0_5|permissive|none,loso
SK0050A,2024,0.9373400000000001,0.8027826261333334,165,165,lower,E_P|log1p|inverse_1_over_bap_plus_0_5|permissive|none,loso
SK0050A,2025,0.855475,0.7548402737833333,120,120,lower,E_P|log1p|inverse_1_over_bap_plus_0_5|permissive|none,loso
SK0061A,2024,0.3596550458715596,0.5456329290642201,109,109,lower,E_P|log1p|inverse_1_over_bap_plus_0_5|permissive|none,loso
SK0061A,2025,0.28588617886178863,0.5221370624552845,123,123,lower,E_P|log1p|inverse_1_over_bap_plus_0_5|permissive|none,loso
SK0066A,2024,1.408934328358209,1.1514014221567166,134,134,higher,E_P|log1p|inverse_1_over_bap_plus_0_5|permissive|none,loso
SK0066A,2025,1.2047874015748032,0.8755317612755906,127,127,higher,E_P|log1p|inverse_1_over_bap_plus_0_5|permissive|none,loso
SK0070A,2024,2.183129166666667,1.31638710475,96,96,higher,E_P|log1p|inverse_1_over_bap_plus_0_5|permissive|none,loso
SK0070A,2025,1.8754318181818184,1.1678523776363636,88,88,higher,E_P|log1p|inverse_1_over_bap_plus_0_5|permissive|none,loso
SK0071A,2024,2.0584204918032785,1.9243947248196722,122,122,higher,E_P|log1p|inverse_1_over_bap_plus_0_5|permissive|none,loso
SK0071A,2025,1.5632685185185184,1.428620751425926,108,108,higher,E_P|log1p|inverse_1_over_bap_plus_0_5|permissive|none,loso
SK0076A,2024,0.49729646017699114,0.2560899937256637,113,113,lower,E_P|log1p|inverse_1_over_bap_plus_0_5|permissive|none,loso
SK0076A,2025,0.39205555555555555,0.5362968941666667,108,108,lower,E_P|log1p|inverse_1_over_bap_plus_0_5|permissive|none,loso
SK0078A,2024,2.155560344827586,1.720833383836207,116,116,higher,E_P|log1p|inverse_1_over_bap_plus_0_5|permissive|none,loso
SK0078A,2025,2.0732371134020617,1.6858456854226804,97,97,higher,E_P|log1p|inverse_1_over_bap_plus_0_5|permissive|none,loso
SK0214A,2024,1.0126264462809917,1.217529256520661,121,121,higher,E_P|log1p|inverse_1_over_bap_plus_0_5|permissive|none,loso
SK0214A,2025,1.1335981308411216,1.1582300571962616,107,107,higher,E_P|log1p|inverse_1_over_bap_plus_0_5|permissive|none,loso
SK0263A,2024,0.7357486725663717,0.7912676245840707,113,113,lower,E_P|log1p|inverse_1_over_bap_plus_0_5|permissive|none,loso
SK0263A,2025,0.7383177570093458,0.7120193489252337,107,107,lower,E_P|log1p|inverse_1_over_bap_plus_0_5|permissive|none,loso
SK0265A,2024,1.7921026785714285,1.2277978554464286,112,112,higher,E_P|log1p|inverse_1_over_bap_plus_0_5|permissive|none,loso
SK0265A,2025,1.9814957264957265,1.3379591435897435,117,117,higher,E_P|log1p|inverse_1_over_bap_plus_0_5|permissive|none,loso
SK0269A,2024,0.5201866071428571,0.45324431996428566,112,112,lower,E_P|log1p|inverse_1_over_bap_plus_0_5|permissive|none,loso
SK0269A,2025,0.46375714285714287,0.39773322702142855,140,140,lower,E_P|log1p|inverse_1_over_bap_plus_0_5|permissive|none,loso
SK0002A,2024,0.48551416666666664,0.4638167994833333,120,120,lower,E_P|log1p|uniform|permissive|mask,block30
SK0002A,2025,0.3338931297709924,0.4340162195916031,131,131,lower,E_P|log1p|uniform|permissive|mask,block30
SK0004R,2024,0.2383132530120482,0.22358552117289157,166,166,lower,E_P|log1p|uniform|permissive|mask,block30
SK0004R,2025,0.23638787878787879,0.2502532704060606,165,165,lower,E_P|log1p|uniform|permissive|mask,block30
SK0006R,2024,0.2191146551724138,0.2244242946663793,116,116,lower,E_P|log1p|uniform|permissive|mask,block30
SK0006R,2025,0.30306722689075627,0.23607726584537814,119,119,lower,E_P|log1p|uniform|permissive|mask,block30
SK0008A,2024,1.7399993589743592,1.8162742922628206,156,156,higher,E_P|log1p|uniform|permissive|mask,block30
SK0008A,2025,1.419208,1.452304613776,125,125,higher,E_P|log1p|uniform|permissive|mask,block30
SK0018A,2024,6.173277118644068,4.742404126779661,118,118,higher,E_P|log1p|uniform|permissive|mask,block30
SK0018A,2025,5.750974789915967,4.278591707142858,119,119,higher,E_P|log1p|uniform|permissive|mask,block30
SK0020A,2024,1.3145647540983607,1.2227667533032789,122,122,higher,E_P|log1p|uniform|permissive|mask,block30
SK0020A,2025,1.554148514851485,1.4201349795049503,101,101,higher,E_P|log1p|uniform|permissive|mask,block30
SK0025A,2024,3.4843,3.6117631422148757,121,121,higher,E_P|log1p|uniform|permissive|mask,block30
SK0025A,2025,2.374333333333333,2.2795444576842105,114,114,higher,E_P|log1p|uniform|permissive|mask,block30
SK0039A,2024,1.0412450381679388,1.0423755556206107,131,131,higher,E_P|log1p|uniform|permissive|mask,block30
SK0039A,2025,1.1465474860335196,1.1812859548212291,179,179,higher,E_P|log1p|uniform|permissive|mask,block30
SK0045A,2024,0.5517336538461538,0.4432081717019231,104,104,lower,E_P|log1p|uniform|permissive|mask,block30
SK0045A,2025,0.4586486486486486,0.49686971316216216,74,74,lower,E_P|log1p|uniform|permissive|mask,block30
SK0048A,2024,0.19027164179104478,0.21725284751492538,134,134,lower,E_P|log1p|uniform|permissive|mask,block30
SK0048A,2025,0.19674789915966387,0.2801018248287395,119,119,lower,E_P|log1p|uniform|permissive|mask,block30
SK0050A,2024,0.9373400000000001,0.9350443981333333,165,165,lower,E_P|log1p|uniform|permissive|mask,block30
SK0050A,2025,0.855475,0.8893714003416666,120,120,lower,E_P|log1p|uniform|permissive|mask,block30
SK0061A,2024,0.3596550458715596,0.3563137567981651,109,109,lower,E_P|log1p|uniform|permissive|mask,block30
SK0061A,2025,0.28588617886178863,0.3968038404715447,123,123,lower,E_P|log1p|uniform|permissive|mask,block30
SK0066A,2024,1.408934328358209,1.311316170741791,134,134,higher,E_P|log1p|uniform|permissive|mask,block30
SK0066A,2025,1.2047874015748032,1.0796003393858267,127,127,higher,E_P|log1p|uniform|permissive|mask,block30
SK0070A,2024,2.183129166666667,2.3096436115385415,96,96,higher,E_P|log1p|uniform|permissive|mask,block30
SK0070A,2025,1.8754318181818184,1.71136186,88,88,higher,E_P|log1p|uniform|permissive|mask,block30
SK0071A,2024,2.0584204918032785,2.0024781770737707,122,122,higher,E_P|log1p|uniform|permissive|mask,block30
SK0071A,2025,1.5632685185185184,1.5329152512962962,108,108,higher,E_P|log1p|uniform|permissive|mask,block30
SK0076A,2024,0.49729646017699114,0.37206260597035395,113,113,lower,E_P|log1p|uniform|permissive|mask,block30
SK0076A,2025,0.39205555555555555,0.44655291224074073,108,108,lower,E_P|log1p|uniform|permissive|mask,block30
SK0078A,2024,2.155560344827586,2.165694902112069,116,116,higher,E_P|log1p|uniform|permissive|mask,block30
SK0078A,2025,2.0732371134020617,1.9679950059793814,97,97,higher,E_P|log1p|uniform|permissive|mask,block30
SK0214A,2024,1.0126264462809917,1.083967614677686,121,121,higher,E_P|log1p|uniform|permissive|mask,block30
SK0214A,2025,1.1335981308411216,1.0374447394859814,107,107,higher,E_P|log1p|uniform|permissive|mask,block30
SK0263A,2024,0.7357486725663717,0.7449772416460178,113,113,lower,E_P|log1p|uniform|permissive|mask,block30
SK0263A,2025,0.7383177570093458,0.7037878200607477,107,107,lower,E_P|log1p|uniform|permissive|mask,block30
SK0265A,2024,1.7921026785714285,1.7250690958303572,112,112,higher,E_P|log1p|uniform|permissive|mask,block30
SK0265A,2025,1.9814957264957265,1.8501377813760684,117,117,higher,E_P|log1p|uniform|permissive|mask,block30
SK0269A,2024,0.5201866071428571,0.46912625315875,112,112,lower,E_P|log1p|uniform|permissive|mask,block30
SK0269A,2025,0.46375714285714287,0.46175081249285715,140,140,lower,E_P|log1p|uniform|permissive|mask,block30
SK0002A,2024,0.48551416666666664,0.6476904281916667,120,120,lower,E_P|log1p|uniform|permissive|mask,loso
SK0002A,2025,0.3338931297709924,0.4902921678931298,131,131,lower,E_P|log1p|uniform|permissive|mask,loso
SK0004R,2024,0.2383132530120482,0.2331619108192771,166,166,lower,E_P|log1p|uniform|permissive|mask,loso
SK0004R,2025,0.23638787878787879,0.28679284096303026,165,165,lower,E_P|log1p|uniform|permissive|mask,loso
SK0006R,2024,0.2191146551724138,0.39511011067043106,116,116,lower,E_P|log1p|uniform|permissive|mask,loso
SK0006R,2025,0.30306722689075627,0.42077001153361343,119,119,lower,E_P|log1p|uniform|permissive|mask,loso
SK0008A,2024,1.7399993589743592,2.1679043283333335,156,156,higher,E_P|log1p|uniform|permissive|mask,loso
SK0008A,2025,1.419208,1.71564551792,125,125,higher,E_P|log1p|uniform|permissive|mask,loso
SK0018A,2024,6.173277118644068,1.067642521381356,118,118,higher,E_P|log1p|uniform|permissive|mask,loso
SK0018A,2025,5.750974789915967,1.1623285225462185,119,119,higher,E_P|log1p|uniform|permissive|mask,loso
SK0020A,2024,1.3145647540983607,0.9250099830491803,122,122,higher,E_P|log1p|uniform|permissive|mask,loso
SK0020A,2025,1.554148514851485,1.0312641945445544,101,101,higher,E_P|log1p|uniform|permissive|mask,loso
SK0025A,2024,3.4843,2.730116162446281,121,121,higher,E_P|log1p|uniform|permissive|mask,loso
SK0025A,2025,2.374333333333333,1.907479797236842,114,114,higher,E_P|log1p|uniform|permissive|mask,loso
SK0039A,2024,1.0412450381679388,1.2709474966717558,131,131,higher,E_P|log1p|uniform|permissive|mask,loso
SK0039A,2025,1.1465474860335196,1.53713222077095,179,179,higher,E_P|log1p|uniform|permissive|mask,loso
SK0045A,2024,0.5517336538461538,1.210554220576923,104,104,lower,E_P|log1p|uniform|permissive|mask,loso
SK0045A,2025,0.4586486486486486,1.1942419597297296,74,74,lower,E_P|log1p|uniform|permissive|mask,loso
SK0048A,2024,0.19027164179104478,2.2379028695522387,134,134,lower,E_P|log1p|uniform|permissive|mask,loso
SK0048A,2025,0.19674789915966387,2.0550670392436974,119,119,lower,E_P|log1p|uniform|permissive|mask,loso
SK0050A,2024,0.9373400000000001,0.945364902330303,165,165,lower,E_P|log1p|uniform|permissive|mask,loso
SK0050A,2025,0.855475,0.862746636705,120,120,lower,E_P|log1p|uniform|permissive|mask,loso
SK0061A,2024,0.3596550458715596,0.45744778425688076,109,109,lower,E_P|log1p|uniform|permissive|mask,loso
SK0061A,2025,0.28588617886178863,0.41193133825837397,123,123,lower,E_P|log1p|uniform|permissive|mask,loso
SK0066A,2024,1.408934328358209,1.1169460093044776,134,134,higher,E_P|log1p|uniform|permissive|mask,loso
SK0066A,2025,1.2047874015748032,0.8585107274992125,127,127,higher,E_P|log1p|uniform|permissive|mask,loso
SK0070A,2024,2.183129166666667,2.6228177482291666,96,96,higher,E_P|log1p|uniform|permissive|mask,loso
SK0070A,2025,1.8754318181818184,2.24283445875,88,88,higher,E_P|log1p|uniform|permissive|mask,loso
SK0071A,2024,2.0584204918032785,2.0530098737377047,122,122,higher,E_P|log1p|uniform|permissive|mask,loso
SK0071A,2025,1.5632685185185184,1.6340104047129629,108,108,higher,E_P|log1p|uniform|permissive|mask,loso
SK0076A,2024,0.49729646017699114,1.5455682999115044,113,113,lower,E_P|log1p|uniform|permissive|mask,loso
SK0076A,2025,0.39205555555555555,1.802538934537037,108,108,lower,E_P|log1p|uniform|permissive|mask,loso
SK0078A,2024,2.155560344827586,1.7946085289999998,116,116,higher,E_P|log1p|uniform|permissive|mask,loso
SK0078A,2025,2.0732371134020617,1.774599262412371,97,97,higher,E_P|log1p|uniform|permissive|mask,loso
SK0214A,2024,1.0126264462809917,0.7750084696198347,121,121,higher,E_P|log1p|uniform|permissive|mask,loso
SK0214A,2025,1.1335981308411216,0.7567486024747663,107,107,higher,E_P|log1p|uniform|permissive|mask,loso
SK0263A,2024,0.7357486725663717,0.6354050156548673,113,113,lower,E_P|log1p|uniform|permissive|mask,loso
SK0263A,2025,0.7383177570093458,0.602585331775701,107,107,lower,E_P|log1p|uniform|permissive|mask,loso
SK0265A,2024,1.7921026785714285,0.9630126454107143,112,112,higher,E_P|log1p|uniform|permissive|mask,loso
SK0265A,2025,1.9814957264957265,1.058825427788376,117,117,higher,E_P|log1p|uniform|permissive|mask,loso
SK0269A,2024,0.5201866071428571,0.4589916324464286,112,112,lower,E_P|log1p|uniform|permissive|mask,loso
SK0269A,2025,0.46375714285714287,0.39016389245,140,140,lower,E_P|log1p|uniform|permissive|mask,loso
SK0002A,2024,0.48551416666666664,0.47151868714999995,120,120,lower,E_P|log1p|uniform|permissive|none,block30
SK0002A,2025,0.3338931297709924,0.42939127585496184,131,131,lower,E_P|log1p|uniform|permissive|none,block30
SK0004R,2024,0.2383132530120482,0.23477626234337348,166,166,lower,E_P|log1p|uniform|permissive|none,block30
SK0004R,2025,0.23638787878787879,0.2647672923775758,165,165,lower,E_P|log1p|uniform|permissive|none,block30
SK0006R,2024,0.2191146551724138,0.2416276429172414,116,116,lower,E_P|log1p|uniform|permissive|none,block30
SK0006R,2025,0.30306722689075627,0.2429935544537815,119,119,lower,E_P|log1p|uniform|permissive|none,block30
SK0008A,2024,1.7399993589743592,1.8071167594679487,156,156,higher,E_P|log1p|uniform|permissive|none,block30
SK0008A,2025,1.419208,1.4219202494799998,125,125,higher,E_P|log1p|uniform|permissive|none,block30
SK0018A,2024,6.173277118644068,4.840476466694915,118,118,higher,E_P|log1p|uniform|permissive|none,block30
SK0018A,2025,5.750974789915967,4.378900931932773,119,119,higher,E_P|log1p|uniform|permissive|none,block30
SK0020A,2024,1.3145647540983607,1.2810561156885245,122,122,higher,E_P|log1p|uniform|permissive|none,block30
SK0020A,2025,1.554148514851485,1.3844026326039605,101,101,higher,E_P|log1p|uniform|permissive|none,block30
SK0025A,2024,3.4843,3.5468330156198347,121,121,higher,E_P|log1p|uniform|permissive|none,block30
SK0025A,2025,2.374333333333333,2.297695944017544,114,114,higher,E_P|log1p|uniform|permissive|none,block30
SK0039A,2024,1.0412450381679388,1.0406394033816795,131,131,higher,E_P|log1p|uniform|permissive|none,block30
SK0039A,2025,1.1465474860335196,1.1664043986089385,179,179,higher,E_P|log1p|uniform|permissive|none,block30
SK0045A,2024,0.5517336538461538,0.46903488883653843,104,104,lower,E_P|log1p|uniform|permissive|none,block30
SK0045A,2025,0.4586486486486486,0.4653190847702703,74,74,lower,E_P|log1p|uniform|permissive|none,block30
SK0048A,2024,0.19027164179104478,0.22000508310074626,134,134,lower,E_P|log1p|uniform|permissive|none,block30
SK0048A,2025,0.19674789915966387,0.2957657257672269,119,119,lower,E_P|log1p|uniform|permissive|none,block30
SK0050A,2024,0.9373400000000001,0.933060840260606,165,165,lower,E_P|log1p|uniform|permissive|none,block30
SK0050A,2025,0.855475,0.848064098375,120,120,lower,E_P|log1p|uniform|permissive|none,block30
SK0061A,2024,0.3596550458715596,0.33842652018348623,109,109,lower,E_P|log1p|uniform|permissive|none,block30
SK0061A,2025,0.28588617886178863,0.38604910087317074,123,123,lower,E_P|log1p|uniform|permissive|none,block30
SK0066A,2024,1.408934328358209,1.3826458872910448,134,134,higher,E_P|log1p|uniform|permissive|none,block30
SK0066A,2025,1.2047874015748032,1.0273694344960629,127,127,higher,E_P|log1p|uniform|permissive|none,block30
SK0070A,2024,2.183129166666667,2.2294719567291668,96,96,higher,E_P|log1p|uniform|permissive|none,block30
SK0070A,2025,1.8754318181818184,1.7588068735681817,88,88,higher,E_P|log1p|uniform|permissive|none,block30
SK0071A,2024,2.0584204918032785,2.0001057954508195,122,122,higher,E_P|log1p|uniform|permissive|none,block30
SK0071A,2025,1.5632685185185184,1.5118976603055556,108,108,higher,E_P|log1p|uniform|permissive|none,block30
SK0076A,2024,0.49729646017699114,0.364383201661062,113,113,lower,E_P|log1p|uniform|permissive|none,block30
SK0076A,2025,0.39205555555555555,0.428674597812037,108,108,lower,E_P|log1p|uniform|permissive|none,block30
SK0078A,2024,2.155560344827586,2.159832292887931,116,116,higher,E_P|log1p|uniform|permissive|none,block30
SK0078A,2025,2.0732371134020617,2.040168580402062,97,97,higher,E_P|log1p|uniform|permissive|none,block30
SK0214A,2024,1.0126264462809917,1.1185684349586777,121,121,higher,E_P|log1p|uniform|permissive|none,block30
SK0214A,2025,1.1335981308411216,1.0369966826448598,107,107,higher,E_P|log1p|uniform|permissive|none,block30
SK0263A,2024,0.7357486725663717,0.7826599151150443,113,113,lower,E_P|log1p|uniform|permissive|none,block30
SK0263A,2025,0.7383177570093458,0.7088904015981309,107,107,lower,E_P|log1p|uniform|permissive|none,block30
SK0265A,2024,1.7921026785714285,1.754990241080357,112,112,higher,E_P|log1p|uniform|permissive|none,block30
SK0265A,2025,1.9814957264957265,1.843769043059829,117,117,higher,E_P|log1p|uniform|permissive|none,block30
SK0269A,2024,0.5201866071428571,0.4746034255803572,112,112,lower,E_P|log1p|uniform|permissive|none,block30
SK0269A,2025,0.46375714285714287,0.46286720309285717,140,140,lower,E_P|log1p|uniform|permissive|none,block30
SK0002A,2024,0.48551416666666664,0.6927199626308334,120,120,lower,E_P|log1p|uniform|permissive|none,loso
SK0002A,2025,0.3338931297709924,0.5175694760381679,131,131,lower,E_P|log1p|uniform|permissive|none,loso
SK0004R,2024,0.2383132530120482,0.45474781956626503,166,166,lower,E_P|log1p|uniform|permissive|none,loso
SK0004R,2025,0.23638787878787879,0.5174774064052121,165,165,lower,E_P|log1p|uniform|permissive|none,loso
SK0006R,2024,0.2191146551724138,0.4731781485741379,116,116,lower,E_P|log1p|uniform|permissive|none,loso
SK0006R,2025,0.30306722689075627,0.48506015888235293,119,119,lower,E_P|log1p|uniform|permissive|none,loso
SK0008A,2024,1.7399993589743592,2.0752608778269233,156,156,higher,E_P|log1p|uniform|permissive|none,loso
SK0008A,2025,1.419208,1.677138058168,125,125,higher,E_P|log1p|uniform|permissive|none,loso
SK0018A,2024,6.173277118644068,0.6943903922657627,118,118,higher,E_P|log1p|uniform|permissive|none,loso
SK0018A,2025,5.750974789915967,0.7795567666204202,119,119,higher,E_P|log1p|uniform|permissive|none,loso
SK0020A,2024,1.3145647540983607,0.9853071449672132,122,122,higher,E_P|log1p|uniform|permissive|none,loso
SK0020A,2025,1.554148514851485,1.1002016016633662,101,101,higher,E_P|log1p|uniform|permissive|none,loso
SK0025A,2024,3.4843,2.980483855305785,121,121,higher,E_P|log1p|uniform|permissive|none,loso
SK0025A,2025,2.374333333333333,2.117851683850877,114,114,higher,E_P|log1p|uniform|permissive|none,loso
SK0039A,2024,1.0412450381679388,1.237463189793893,131,131,higher,E_P|log1p|uniform|permissive|none,loso
SK0039A,2025,1.1465474860335196,1.4454382573519553,179,179,higher,E_P|log1p|uniform|permissive|none,loso
SK0045A,2024,0.5517336538461538,0.48572088819230774,104,104,lower,E_P|log1p|uniform|permissive|none,loso
SK0045A,2025,0.4586486486486486,0.43945128189189187,74,74,lower,E_P|log1p|uniform|permissive|none,loso
SK0048A,2024,0.19027164179104478,0.7263441529179104,134,134,lower,E_P|log1p|uniform|permissive|none,loso
SK0048A,2025,0.19674789915966387,0.8347200229327731,119,119,lower,E_P|log1p|uniform|permissive|none,loso
SK0050A,2024,0.9373400000000001,0.8487317222909091,165,165,lower,E_P|log1p|uniform|permissive|none,loso
SK0050A,2025,0.855475,0.7936216037916667,120,120,lower,E_P|log1p|uniform|permissive|none,loso
SK0061A,2024,0.3596550458715596,0.4954627260963303,109,109,lower,E_P|log1p|uniform|permissive|none,loso
SK0061A,2025,0.28588617886178863,0.49550322688617887,123,123,lower,E_P|log1p|uniform|permissive|none,loso
SK0066A,2024,1.408934328358209,1.2262930970597015,134,134,higher,E_P|log1p|uniform|permissive|none,loso
SK0066A,2025,1.2047874015748032,0.9230867828582677,127,127,higher,E_P|log1p|uniform|permissive|none,loso
SK0070A,2024,2.183129166666667,2.042772560770833,96,96,higher,E_P|log1p|uniform|permissive|none,loso
SK0070A,2025,1.8754318181818184,1.6058785792045454,88,88,higher,E_P|log1p|uniform|permissive|none,loso
SK0071A,2024,2.0584204918032785,1.9241504371065574,122,122,higher,E_P|log1p|uniform|permissive|none,loso
SK0071A,2025,1.5632685185185184,1.4334804274814814,108,108,higher,E_P|log1p|uniform|permissive|none,loso
SK0076A,2024,0.49729646017699114,0.2403229825115044,113,113,lower,E_P|log1p|uniform|permissive|none,loso
SK0076A,2025,0.39205555555555555,1.0498010687962962,108,108,lower,E_P|log1p|uniform|permissive|none,loso
SK0078A,2024,2.155560344827586,1.861475972551724,116,116,higher,E_P|log1p|uniform|permissive|none,loso
SK0078A,2025,2.0732371134020617,1.751917784041237,97,97,higher,E_P|log1p|uniform|permissive|none,loso
SK0214A,2024,1.0126264462809917,0.9892820649793389,121,121,higher,E_P|log1p|uniform|permissive|none,loso
SK0214A,2025,1.1335981308411216,0.9470763996682243,107,107,higher,E_P|log1p|uniform|permissive|none,loso
SK0263A,2024,0.7357486725663717,0.6764721850442478,113,113,lower,E_P|log1p|uniform|permissive|none,loso
SK0263A,2025,0.7383177570093458,0.5963643446168224,107,107,lower,E_P|log1p|uniform|permissive|none,loso
SK0265A,2024,1.7921026785714285,1.274947003375,112,112,higher,E_P|log1p|uniform|permissive|none,loso
SK0265A,2025,1.9814957264957265,1.3636984879316238,117,117,higher,E_P|log1p|uniform|permissive|none,loso
SK0269A,2024,0.5201866071428571,0.47384186823214286,112,112,lower,E_P|log1p|uniform|permissive|none,loso
SK0269A,2025,0.46375714285714287,0.4270818428428571,140,140,lower,E_P|log1p|uniform|permissive|none,loso
SK0002A,2024,0.48551416666666664,0.45950198749166665,120,120,lower,E_P|log1p|uniform|strict18|none,block30
SK0002A,2025,0.3338931297709924,0.42069235540229005,131,131,lower,E_P|log1p|uniform|strict18|none,block30
SK0004R,2024,0.2383132530120482,0.2298543448554217,166,166,lower,E_P|log1p|uniform|strict18|none,block30
SK0004R,2025,0.23638787878787879,0.2564485864751515,165,165,lower,E_P|log1p|uniform|strict18|none,block30
SK0006R,2024,0.2191146551724138,0.2406790553534483,116,116,lower,E_P|log1p|uniform|strict18|none,block30
SK0006R,2025,0.30306722689075627,0.2543394779117647,119,119,lower,E_P|log1p|uniform|strict18|none,block30
SK0008A,2024,1.7399993589743592,1.7597799357884616,156,156,higher,E_P|log1p|uniform|strict18|none,block30
SK0008A,2025,1.419208,1.47160036336,125,125,higher,E_P|log1p|uniform|strict18|none,block30
SK0018A,2024,6.173277118644068,4.998258604830508,118,118,higher,E_P|log1p|uniform|strict18|none,block30
SK0018A,2025,5.750974789915967,4.365125832268908,119,119,higher,E_P|log1p|uniform|strict18|none,block30
SK0020A,2024,1.3145647540983607,1.2542196276967215,122,122,higher,E_P|log1p|uniform|strict18|none,block30
SK0020A,2025,1.554148514851485,1.4061741623861388,101,101,higher,E_P|log1p|uniform|strict18|none,block30
SK0025A,2024,3.4843,3.6789817155702482,121,121,higher,E_P|log1p|uniform|strict18|none,block30
SK0025A,2025,2.374333333333333,2.2869842001754384,114,114,higher,E_P|log1p|uniform|strict18|none,block30
SK0039A,2024,1.0412450381679388,0.9940216291526719,131,131,higher,E_P|log1p|uniform|strict18|none,block30
SK0039A,2025,1.1465474860335196,1.1591032334189943,179,179,higher,E_P|log1p|uniform|strict18|none,block30
SK0045A,2024,0.5517336538461538,0.46689483286538463,104,104,lower,E_P|log1p|uniform|strict18|none,block30
SK0045A,2025,0.4586486486486486,0.48381851041351354,74,74,lower,E_P|log1p|uniform|strict18|none,block30
SK0048A,2024,0.19027164179104478,0.21574618299626866,134,134,lower,E_P|log1p|uniform|strict18|none,block30
SK0048A,2025,0.19674789915966387,0.30204426024621844,119,119,lower,E_P|log1p|uniform|strict18|none,block30
SK0050A,2024,0.9373400000000001,0.9516930692666666,165,165,lower,E_P|log1p|uniform|strict18|none,block30
SK0050A,2025,0.855475,0.8443151028583333,120,120,lower,E_P|log1p|uniform|strict18|none,block30
SK0061A,2024,0.3596550458715596,0.35136822288073394,109,109,lower,E_P|log1p|uniform|strict18|none,block30
SK0061A,2025,0.28588617886178863,0.38227004370731704,123,123,lower,E_P|log1p|uniform|strict18|none,block30
SK0066A,2024,1.408934328358209,1.383768641141791,134,134,higher,E_P|log1p|uniform|strict18|none,block30
SK0066A,2025,1.2047874015748032,1.0233526621732285,127,127,higher,E_P|log1p|uniform|strict18|none,block30
SK0070A,2024,2.183129166666667,2.3666442863854167,96,96,higher,E_P|log1p|uniform|strict18|none,block30
SK0070A,2025,1.8754318181818184,1.8508758323863637,88,88,higher,E_P|log1p|uniform|strict18|none,block30
SK0071A,2024,2.0584204918032785,1.973716187204918,122,122,higher,E_P|log1p|uniform|strict18|none,block30
SK0071A,2025,1.5632685185185184,1.4847739532129631,108,108,higher,E_P|log1p|uniform|strict18|none,block30
SK0076A,2024,0.49729646017699114,0.34838641600000003,113,113,lower,E_P|log1p|uniform|strict18|none,block30
SK0076A,2025,0.39205555555555555,0.40336198640277776,108,108,lower,E_P|log1p|uniform|strict18|none,block30
SK0078A,2024,2.155560344827586,2.1514120713448275,116,116,higher,E_P|log1p|uniform|strict18|none,block30
SK0078A,2025,2.0732371134020617,2.143124844989691,97,97,higher,E_P|log1p|uniform|strict18|none,block30
SK0214A,2024,1.0126264462809917,1.1175429845123968,121,121,higher,E_P|log1p|uniform|strict18|none,block30
SK0214A,2025,1.1335981308411216,0.9914541367102804,107,107,higher,E_P|log1p|uniform|strict18|none,block30
SK0263A,2024,0.7357486725663717,0.782008880738938,113,113,lower,E_P|log1p|uniform|strict18|none,block30
SK0263A,2025,0.7383177570093458,0.7268605218831776,107,107,lower,E_P|log1p|uniform|strict18|none,block30
SK0265A,2024,1.7921026785714285,1.745671041017857,112,112,higher,E_P|log1p|uniform|strict18|none,block30
SK0265A,2025,1.9814957264957265,1.8189420852222222,117,117,higher,E_P|log1p|uniform|strict18|none,block30
SK0269A,2024,0.5201866071428571,0.48319716209821434,112,112,lower,E_P|log1p|uniform|strict18|none,block30
SK0269A,2025,0.46375714285714287,0.46301463415714283,140,140,lower,E_P|log1p|uniform|strict18|none,block30
SK0002A,2024,0.48551416666666664,0.6874837223583333,120,120,lower,E_P|log1p|uniform|strict18|none,loso
SK0002A,2025,0.3338931297709924,0.5162317507709924,131,131,lower,E_P|log1p|uniform|strict18|none,loso
SK0004R,2024,0.2383132530120482,0.3446579233373494,166,166,lower,E_P|log1p|uniform|strict18|none,loso
SK0004R,2025,0.23638787878787879,0.39557880448303034,165,165,lower,E_P|log1p|uniform|strict18|none,loso
SK0006R,2024,0.2191146551724138,0.4480365179612069,116,116,lower,E_P|log1p|uniform|strict18|none,loso
SK0006R,2025,0.30306722689075627,0.4912745990092437,119,119,lower,E_P|log1p|uniform|strict18|none,loso
SK0008A,2024,1.7399993589743592,1.8952715887307692,156,156,higher,E_P|log1p|uniform|strict18|none,loso
SK0008A,2025,1.419208,1.5766443360559999,125,125,higher,E_P|log1p|uniform|strict18|none,loso
SK0018A,2024,6.173277118644068,0.7137030380383051,118,118,higher,E_P|log1p|uniform|strict18|none,loso
SK0018A,2025,5.750974789915967,0.7976756654789915,119,119,higher,E_P|log1p|uniform|strict18|none,loso
SK0020A,2024,1.3145647540983607,1.0312249451094262,122,122,higher,E_P|log1p|uniform|strict18|none,loso
SK0020A,2025,1.554148514851485,1.1558877276930692,101,101,higher,E_P|log1p|uniform|strict18|none,loso
SK0025A,2024,3.4843,3.051431566322314,121,121,higher,E_P|log1p|uniform|strict18|none,loso
SK0025A,2025,2.374333333333333,2.0801119406842106,114,114,higher,E_P|log1p|uniform|strict18|none,loso
SK0039A,2024,1.0412450381679388,1.1755447357900763,131,131,higher,E_P|log1p|uniform|strict18|none,loso
SK0039A,2025,1.1465474860335196,1.4470551274692738,179,179,higher,E_P|log1p|uniform|strict18|none,loso
SK0045A,2024,0.5517336538461538,0.4916829754230769,104,104,lower,E_P|log1p|uniform|strict18|none,loso
SK0045A,2025,0.4586486486486486,0.45329405599999995,74,74,lower,E_P|log1p|uniform|strict18|none,loso
SK0048A,2024,0.19027164179104478,0.784702708522388,134,134,lower,E_P|log1p|uniform|strict18|none,loso
SK0048A,2025,0.19674789915966387,0.9302982498823529,119,119,lower,E_P|log1p|uniform|strict18|none,loso
SK0050A,2024,0.9373400000000001,0.8950328027939394,165,165,lower,E_P|log1p|uniform|strict18|none,loso
SK0050A,2025,0.855475,0.79487577265,120,120,lower,E_P|log1p|uniform|strict18|none,loso
SK0061A,2024,0.3596550458715596,0.473519917440367,109,109,lower,E_P|log1p|uniform|strict18|none,loso
SK0061A,2025,0.28588617886178863,0.4525124006585366,123,123,lower,E_P|log1p|uniform|strict18|none,loso
SK0066A,2024,1.408934328358209,1.2344066347089553,134,134,higher,E_P|log1p|uniform|strict18|none,loso
SK0066A,2025,1.2047874015748032,0.9281261442598425,127,127,higher,E_P|log1p|uniform|strict18|none,loso
SK0070A,2024,2.183129166666667,2.078186303854167,96,96,higher,E_P|log1p|uniform|strict18|none,loso
SK0070A,2025,1.8754318181818184,1.6330022614772728,88,88,higher,E_P|log1p|uniform|strict18|none,loso
SK0071A,2024,2.0584204918032785,1.8226550203360656,122,122,higher,E_P|log1p|uniform|strict18|none,loso
SK0071A,2025,1.5632685185185184,1.4566570882037038,108,108,higher,E_P|log1p|uniform|strict18|none,loso
SK0076A,2024,0.49729646017699114,0.26687774704424777,113,113,lower,E_P|log1p|uniform|strict18|none,loso
SK0076A,2025,0.39205555555555555,1.2062961268981482,108,108,lower,E_P|log1p|uniform|strict18|none,loso
SK0078A,2024,2.155560344827586,1.7991175912758621,116,116,higher,E_P|log1p|uniform|strict18|none,loso
SK0078A,2025,2.0732371134020617,1.8376069812371132,97,97,higher,E_P|log1p|uniform|strict18|none,loso
SK0214A,2024,1.0126264462809917,1.004717035123967,121,121,higher,E_P|log1p|uniform|strict18|none,loso
SK0214A,2025,1.1335981308411216,0.9002721725327103,107,107,higher,E_P|log1p|uniform|strict18|none,loso
SK0263A,2024,0.7357486725663717,0.7022299736548673,113,113,lower,E_P|log1p|uniform|strict18|none,loso
SK0263A,2025,0.7383177570093458,0.6677464528037383,107,107,lower,E_P|log1p|uniform|strict18|none,loso
SK0265A,2024,1.7921026785714285,1.3583952840892857,112,112,higher,E_P|log1p|uniform|strict18|none,loso
SK0265A,2025,1.9814957264957265,1.4562743796837607,117,117,higher,E_P|log1p|uniform|strict18|none,loso
SK0269A,2024,0.5201866071428571,0.4667702290267857,112,112,lower,E_P|log1p|uniform|strict18|none,loso
SK0269A,2025,0.46375714285714287,0.41151264659285713,140,140,lower,E_P|log1p|uniform|strict18|none,loso
SK0002A,2024,0.48551416666666664,0.4215046715083333,120,120,lower,E|log1p|uniform|permissive|none,block30
SK0002A,2025,0.3338931297709924,0.4403565421450382,131,131,lower,E|log1p|uniform|permissive|none,block30
SK0004R,2024,0.2383132530120482,0.23076360201951807,166,166,lower,E|log1p|uniform|permissive|none,block30
SK0004R,2025,0.23638787878787879,0.2612581832818182,165,165,lower,E|log1p|uniform|permissive|none,block30
SK0006R,2024,0.2191146551724138,0.25077449819310343,116,116,lower,E|log1p|uniform|permissive|none,block30
SK0006R,2025,0.30306722689075627,0.25923889101596637,119,119,lower,E|log1p|uniform|permissive|none,block30
SK0008A,2024,1.7399993589743592,1.6935703850576924,156,156,higher,E|log1p|uniform|permissive|none,block30
SK0008A,2025,1.419208,1.532219872,125,125,higher,E|log1p|uniform|permissive|none,block30
SK0018A,2024,6.173277118644068,4.270136902033898,118,118,higher,E|log1p|uniform|permissive|none,block30
SK0018A,2025,5.750974789915967,4.24234611092437,119,119,higher,E|log1p|uniform|permissive|none,block30
SK0020A,2024,1.3145647540983607,1.178156580295082,122,122,higher,E|log1p|uniform|permissive|none,block30
SK0020A,2025,1.554148514851485,1.3994077742475246,101,101,higher,E|log1p|uniform|permissive|none,block30
SK0025A,2024,3.4843,3.3295346642644628,121,121,higher,E|log1p|uniform|permissive|none,block30
SK0025A,2025,2.374333333333333,2.3684585629122807,114,114,higher,E|log1p|uniform|permissive|none,block30
SK0039A,2024,1.0412450381679388,1.0069729494198472,131,131,higher,E|log1p|uniform|permissive|none,block30
SK0039A,2025,1.1465474860335196,1.078003652265363,179,179,higher,E|log1p|uniform|permissive|none,block30
SK0045A,2024,0.5517336538461538,0.42169870822115385,104,104,lower,E|log1p|uniform|permissive|none,block30
SK0045A,2025,0.4586486486486486,0.4860481717432433,74,74,lower,E|log1p|uniform|permissive|none,block30
SK0048A,2024,0.19027164179104478,0.20042677735820896,134,134,lower,E|log1p|uniform|permissive|none,block30
SK0048A,2025,0.19674789915966387,0.2778391544277311,119,119,lower,E|log1p|uniform|permissive|none,block30
SK0050A,2024,0.9373400000000001,0.9538172193454546,165,165,lower,E|log1p|uniform|permissive|none,block30
SK0050A,2025,0.855475,0.960304458025,120,120,lower,E|log1p|uniform|permissive|none,block30
SK0061A,2024,0.3596550458715596,0.3087474820825688,109,109,lower,E|log1p|uniform|permissive|none,block30
SK0061A,2025,0.28588617886178863,0.37983757426016257,123,123,lower,E|log1p|uniform|permissive|none,block30
SK0066A,2024,1.408934328358209,1.217299334216418,134,134,higher,E|log1p|uniform|permissive|none,block30
SK0066A,2025,1.2047874015748032,1.1399987517228347,127,127,higher,E|log1p|uniform|permissive|none,block30
SK0070A,2024,2.183129166666667,2.1123760480833336,96,96,higher,E|log1p|uniform|permissive|none,block30
SK0070A,2025,1.8754318181818184,1.7974317577272727,88,88,higher,E|log1p|uniform|permissive|none,block30
SK0071A,2024,2.0584204918032785,1.8612368292459016,122,122,higher,E|log1p|uniform|permissive|none,block30
SK0071A,2025,1.5632685185185184,1.6513866157685186,108,108,higher,E|log1p|uniform|permissive|none,block30
SK0076A,2024,0.49729646017699114,0.36556282782300886,113,113,lower,E|log1p|uniform|permissive|none,block30
SK0076A,2025,0.39205555555555555,0.47021761112685184,108,108,lower,E|log1p|uniform|permissive|none,block30
SK0078A,2024,2.155560344827586,2.013866727387931,116,116,higher,E|log1p|uniform|permissive|none,block30
SK0078A,2025,2.0732371134020617,1.9576714126082475,97,97,higher,E|log1p|uniform|permissive|none,block30
SK0214A,2024,1.0126264462809917,1.0093879022231405,121,121,higher,E|log1p|uniform|permissive|none,block30
SK0214A,2025,1.1335981308411216,0.9563134219439252,107,107,higher,E|log1p|uniform|permissive|none,block30
SK0263A,2024,0.7357486725663717,0.7530162803451327,113,113,lower,E|log1p|uniform|permissive|none,block30
SK0263A,2025,0.7383177570093458,0.7784782090158878,107,107,lower,E|log1p|uniform|permissive|none,block30
SK0265A,2024,1.7921026785714285,1.577211966875,112,112,higher,E|log1p|uniform|permissive|none,block30
SK0265A,2025,1.9814957264957265,1.858691690111111,117,117,higher,E|log1p|uniform|permissive|none,block30
SK0269A,2024,0.5201866071428571,0.4593266677160714,112,112,lower,E|log1p|uniform|permissive|none,block30
SK0269A,2025,0.46375714285714287,0.45904608712142864,140,140,lower,E|log1p|uniform|permissive|none,block30
SK0002A,2024,0.48551416666666664,0.5188570293625,120,120,lower,E|log1p|uniform|permissive|none,loso
SK0002A,2025,0.3338931297709924,0.44938787770992367,131,131,lower,E|log1p|uniform|permissive|none,loso
SK0004R,2024,0.2383132530120482,0.39535016292469877,166,166,lower,E|log1p|uniform|permissive|none,loso
SK0004R,2025,0.23638787878787879,0.4417890064309091,165,165,lower,E|log1p|uniform|permissive|none,loso
SK0006R,2024,0.2191146551724138,0.4829456388836207,116,116,lower,E|log1p|uniform|permissive|none,loso
SK0006R,2025,0.30306722689075627,0.5028081389495799,119,119,lower,E|log1p|uniform|permissive|none,loso
SK0008A,2024,1.7399993589743592,2.1179814452564103,156,156,higher,E|log1p|uniform|permissive|none,loso
SK0008A,2025,1.419208,1.76938484176,125,125,higher,E|log1p|uniform|permissive|none,loso
SK0018A,2024,6.173277118644068,1.1863674548644068,118,118,higher,E|log1p|uniform|permissive|none,loso
SK0018A,2025,5.750974789915967,1.2735345284957982,119,119,higher,E|log1p|uniform|permissive|none,loso
SK0020A,2024,1.3145647540983607,0.8572305922377049,122,122,higher,E|log1p|uniform|permissive|none,loso
SK0020A,2025,1.554148514851485,0.9742660329485148,101,101,higher,E|log1p|uniform|permissive|none,loso
SK0025A,2024,3.4843,2.4295390903305782,121,121,higher,E|log1p|uniform|permissive|none,loso
SK0025A,2025,2.374333333333333,1.8047542841929824,114,114,higher,E|log1p|uniform|permissive|none,loso
SK0039A,2024,1.0412450381679388,1.2820659544007633,131,131,higher,E|log1p|uniform|permissive|none,loso
SK0039A,2025,1.1465474860335196,1.35131031094581,179,179,higher,E|log1p|uniform|permissive|none,loso
SK0045A,2024,0.5517336538461538,1.411012935769231,104,104,lower,E|log1p|uniform|permissive|none,loso
SK0045A,2025,0.4586486486486486,1.432797238783784,74,74,lower,E|log1p|uniform|permissive|none,loso
SK0048A,2024,0.19027164179104478,2.7221041082835824,134,134,lower,E|log1p|uniform|permissive|none,loso
SK0048A,2025,0.19674789915966387,2.660327863865546,119,119,lower,E|log1p|uniform|permissive|none,loso
SK0050A,2024,0.9373400000000001,0.9561543914181818,165,165,lower,E|log1p|uniform|permissive|none,loso
SK0050A,2025,0.855475,0.92936494485,120,120,lower,E|log1p|uniform|permissive|none,loso
SK0061A,2024,0.3596550458715596,0.3777166337522936,109,109,lower,E|log1p|uniform|permissive|none,loso
SK0061A,2025,0.28588617886178863,0.35556741658943086,123,123,lower,E|log1p|uniform|permissive|none,loso
SK0066A,2024,1.408934328358209,1.0465365756082088,134,134,higher,E|log1p|uniform|permissive|none,loso
SK0066A,2025,1.2047874015748032,0.9190498079133859,127,127,higher,E|log1p|uniform|permissive|none,loso
SK0070A,2024,2.183129166666667,2.8031115440625,96,96,higher,E|log1p|uniform|permissive|none,loso
SK0070A,2025,1.8754318181818184,2.5125284120454547,88,88,higher,E|log1p|uniform|permissive|none,loso
SK0071A,2024,2.0584204918032785,1.9400202189836064,122,122,higher,E|log1p|uniform|permissive|none,loso
SK0071A,2025,1.5632685185185184,1.7365806595,108,108,higher,E|log1p|uniform|permissive|none,loso
SK0076A,2024,0.49729646017699114,1.8700089018584072,113,113,lower,E|log1p|uniform|permissive|none,loso
SK0076A,2025,0.39205555555555555,2.0212792962037036,108,108,lower,E|log1p|uniform|permissive|none,loso
SK0078A,2024,2.155560344827586,1.9985697066379309,116,116,higher,E|log1p|uniform|permissive|none,loso
SK0078A,2025,2.0732371134020617,1.9620860754639176,97,97,higher,E|log1p|uniform|permissive|none,loso
SK0214A,2024,1.0126264462809917,0.6909457832809917,121,121,higher,E|log1p|uniform|permissive|none,loso
SK0214A,2025,1.1335981308411216,0.6992768772,107,107,higher,E|log1p|uniform|permissive|none,loso
SK0263A,2024,0.7357486725663717,0.7261338766106195,113,113,lower,E|log1p|uniform|permissive|none,loso
SK0263A,2025,0.7383177570093458,0.6475693285700935,107,107,lower,E|log1p|uniform|permissive|none,loso
SK0265A,2024,1.7921026785714285,0.8391145075285714,112,112,higher,E|log1p|uniform|permissive|none,loso
SK0265A,2025,1.9814957264957265,0.9943229450743589,117,117,higher,E|log1p|uniform|permissive|none,loso
SK0269A,2024,0.5201866071428571,0.4660299111875,112,112,lower,E|log1p|uniform|permissive|none,loso
SK0269A,2025,0.46375714285714287,0.38920844871428567,140,140,lower,E|log1p|uniform|permissive|none,loso
SK0002A,2024,0.48551416666666664,0.5634431128166667,120,120,lower,PM_I|log1p|uniform|permissive|none,block30
SK0002A,2025,0.3338931297709924,0.3984228146870229,131,131,lower,PM_I|log1p|uniform|permissive|none,block30
SK0004R,2024,0.2383132530120482,0.25716644382289156,166,166,lower,PM_I|log1p|uniform|permissive|none,block30
SK0004R,2025,0.23638787878787879,0.28747582553575757,165,165,lower,PM_I|log1p|uniform|permissive|none,block30
SK0006R,2024,0.2191146551724138,0.2812264186637931,116,116,lower,PM_I|log1p|uniform|permissive|none,block30
SK0006R,2025,0.30306722689075627,0.2366116070672269,119,119,lower,PM_I|log1p|uniform|permissive|none,block30
SK0008A,2024,1.7399993589743592,1.6621924937628205,156,156,higher,PM_I|log1p|uniform|permissive|none,block30
SK0008A,2025,1.419208,1.325659373392,125,125,higher,PM_I|log1p|uniform|permissive|none,block30
SK0018A,2024,6.173277118644068,4.786369871525424,118,118,higher,PM_I|log1p|uniform|permissive|none,block30
SK0018A,2025,5.750974789915967,4.496774776302521,119,119,higher,PM_I|log1p|uniform|permissive|none,block30
SK0020A,2024,1.3145647540983607,1.3209963651311476,122,122,higher,PM_I|log1p|uniform|permissive|none,block30
SK0020A,2025,1.554148514851485,1.366539603811881,101,101,higher,PM_I|log1p|uniform|permissive|none,block30
SK0025A,2024,3.4843,3.6503683969421488,121,121,higher,PM_I|log1p|uniform|permissive|none,block30
SK0025A,2025,2.374333333333333,2.288060331614035,114,114,higher,PM_I|log1p|uniform|permissive|none,block30
SK0039A,2024,1.0412450381679388,1.0920725952030534,131,131,higher,PM_I|log1p|uniform|permissive|none,block30
SK0039A,2025,1.1465474860335196,1.115347379385475,179,179,higher,PM_I|log1p|uniform|permissive|none,block30
SK0045A,2024,0.5517336538461538,0.5746091696634615,104,104,lower,PM_I|log1p|uniform|permissive|none,block30
SK0045A,2025,0.4586486486486486,0.45959079464864866,74,74,lower,PM_I|log1p|uniform|permissive|none,block30
SK0048A,2024,0.19027164179104478,0.25052985061940297,134,134,lower,PM_I|log1p|uniform|permissive|none,block30
SK0048A,2025,0.19674789915966387,0.29087874863613444,119,119,lower,PM_I|log1p|uniform|permissive|none,block30
SK0050A,2024,0.9373400000000001,1.012591531660606,165,165,lower,PM_I|log1p|uniform|permissive|none,block30
SK0050A,2025,0.855475,0.8431285059583333,120,120,lower,PM_I|log1p|uniform|permissive|none,block30
SK0061A,2024,0.3596550458715596,0.383141754266055,109,109,lower,PM_I|log1p|uniform|permissive|none,block30
SK0061A,2025,0.28588617886178863,0.3934516522113821,123,123,lower,PM_I|log1p|uniform|permissive|none,block30
SK0066A,2024,1.408934328358209,1.476696685024627,134,134,higher,PM_I|log1p|uniform|permissive|none,block30
SK0066A,2025,1.2047874015748032,1.026092320055118,127,127,higher,PM_I|log1p|uniform|permissive|none,block30
SK0070A,2024,2.183129166666667,2.2269612019791665,96,96,higher,PM_I|log1p|uniform|permissive|none,block30
SK0070A,2025,1.8754318181818184,1.7127453006022726,88,88,higher,PM_I|log1p|uniform|permissive|none,block30
SK0071A,2024,2.0584204918032785,1.9867629370081965,122,122,higher,PM_I|log1p|uniform|permissive|none,block30
SK0071A,2025,1.5632685185185184,1.3486745061574072,108,108,higher,PM_I|log1p|uniform|permissive|none,block30
SK0076A,2024,0.49729646017699114,0.4082567868495575,113,113,lower,PM_I|log1p|uniform|permissive|none,block30
SK0076A,2025,0.39205555555555555,0.5466408556574074,108,108,lower,PM_I|log1p|uniform|permissive|none,block30
SK0078A,2024,2.155560344827586,2.1731824751034483,116,116,higher,PM_I|log1p|uniform|permissive|none,block30
SK0078A,2025,2.0732371134020617,1.9437055938041239,97,97,higher,PM_I|log1p|uniform|permissive|none,block30
SK0214A,2024,1.0126264462809917,1.1682291131487603,121,121,higher,PM_I|log1p|uniform|permissive|none,block30
SK0214A,2025,1.1335981308411216,1.0248747127850468,107,107,higher,PM_I|log1p|uniform|permissive|none,block30
SK0263A,2024,0.7357486725663717,0.836034654619469,113,113,lower,PM_I|log1p|uniform|permissive|none,block30
SK0263A,2025,0.7383177570093458,0.6911225021121495,107,107,lower,PM_I|log1p|uniform|permissive|none,block30
SK0265A,2024,1.7921026785714285,1.8649551179553572,112,112,higher,PM_I|log1p|uniform|permissive|none,block30
SK0265A,2025,1.9814957264957265,1.8267216156068375,117,117,higher,PM_I|log1p|uniform|permissive|none,block30
SK0269A,2024,0.5201866071428571,0.5450510198660714,112,112,lower,PM_I|log1p|uniform|permissive|none,block30
SK0269A,2025,0.46375714285714287,0.5686216988071429,140,140,lower,PM_I|log1p|uniform|permissive|none,block30
SK0002A,2024,0.48551416666666664,1.413797737575,120,120,lower,PM|log1p|uniform|permissive|none,block30
SK0002A,2025,0.3338931297709924,0.9066477736259542,131,131,lower,PM|log1p|uniform|permissive|none,block30
SK0004R,2024,0.2383132530120482,0.4295122164759036,166,166,lower,PM|log1p|uniform|permissive|none,block30
SK0004R,2025,0.23638787878787879,0.4335616886121212,165,165,lower,PM|log1p|uniform|permissive|none,block30
SK0006R,2024,0.2191146551724138,0.29385179835344827,116,116,lower,PM|log1p|uniform|permissive|none,block30
SK0006R,2025,0.30306722689075627,0.24550275563025212,119,119,lower,PM|log1p|uniform|permissive|none,block30
SK0008A,2024,1.7399993589743592,1.5452190286923078,156,156,higher,PM|log1p|uniform|permissive|none,block30
SK0008A,2025,1.419208,1.18939751772,125,125,higher,PM|log1p|uniform|permissive|none,block30
SK0018A,2024,6.173277118644068,2.474893195838983,118,118,higher,PM|log1p|uniform|permissive|none,block30
SK0018A,2025,5.750974789915967,2.224346606252101,119,119,higher,PM|log1p|uniform|permissive|none,block30
SK0020A,2024,1.3145647540983607,1.3974446634180329,122,122,higher,PM|log1p|uniform|permissive|none,block30
SK0020A,2025,1.554148514851485,1.4299186114950495,101,101,higher,PM|log1p|uniform|permissive|none,block30
SK0025A,2024,3.4843,2.9338799832818183,121,121,higher,PM|log1p|uniform|permissive|none,block30
SK0025A,2025,2.374333333333333,1.8745819065087719,114,114,higher,PM|log1p|uniform|permissive|none,block30
SK0039A,2024,1.0412450381679388,1.301704360274809,131,131,higher,PM|log1p|uniform|permissive|none,block30
SK0039A,2025,1.1465474860335196,1.5172063686536315,179,179,higher,PM|log1p|uniform|permissive|none,block30
SK0045A,2024,0.5517336538461538,1.074871615673077,104,104,lower,PM|log1p|uniform|permissive|none,block30
SK0045A,2025,0.4586486486486486,0.8012217501756757,74,74,lower,PM|log1p|uniform|permissive|none,block30
SK0048A,2024,0.19027164179104478,0.8930082279477612,134,134,lower,PM|log1p|uniform|permissive|none,block30
SK0048A,2025,0.19674789915966387,0.8604539901428571,119,119,lower,PM|log1p|uniform|permissive|none,block30
SK0050A,2024,0.9373400000000001,1.1249938164424242,165,165,lower,PM|log1p|uniform|permissive|none,block30
SK0050A,2025,0.855475,0.8726787861083333,120,120,lower,PM|log1p|uniform|permissive|none,block30
SK0061A,2024,0.3596550458715596,0.8128426544954129,109,109,lower,PM|log1p|uniform|permissive|none,block30
SK0061A,2025,0.28588617886178863,0.7719755588943089,123,123,lower,PM|log1p|uniform|permissive|none,block30
SK0066A,2024,1.408934328358209,1.6897601879104478,134,134,higher,PM|log1p|uniform|permissive|none,block30
SK0066A,2025,1.2047874015748032,1.1148953091417322,127,127,higher,PM|log1p|uniform|permissive|none,block30
SK0070A,2024,2.183129166666667,2.2838036016145833,96,96,higher,PM|log1p|uniform|permissive|none,block30
SK0070A,2025,1.8754318181818184,1.7101423185,88,88,higher,PM|log1p|uniform|permissive|none,block30
SK0071A,2024,2.0584204918032785,1.7376680646065574,122,122,higher,PM|log1p|uniform|permissive|none,block30
SK0071A,2025,1.5632685185185184,1.0343297061481482,108,108,higher,PM|log1p|uniform|permissive|none,block30
SK0076A,2024,0.49729646017699114,0.45873938268584075,113,113,lower,PM|log1p|uniform|permissive|none,block30
SK0076A,2025,0.39205555555555555,0.4400107744009259,108,108,lower,PM|log1p|uniform|permissive|none,block30
SK0078A,2024,2.155560344827586,2.119310345862069,116,116,higher,PM|log1p|uniform|permissive|none,block30
SK0078A,2025,2.0732371134020617,1.714888931113402,97,97,higher,PM|log1p|uniform|permissive|none,block30
SK0214A,2024,1.0126264462809917,1.4623614300082646,121,121,higher,PM|log1p|uniform|permissive|none,block30
SK0214A,2025,1.1335981308411216,1.238875191953271,107,107,higher,PM|log1p|uniform|permissive|none,block30
SK0263A,2024,0.7357486725663717,0.8749091243805309,113,113,lower,PM|log1p|uniform|permissive|none,block30
SK0263A,2025,0.7383177570093458,0.8048895485420561,107,107,lower,PM|log1p|uniform|permissive|none,block30
SK0265A,2024,1.7921026785714285,1.612052641080357,112,112,higher,PM|log1p|uniform|permissive|none,block30
SK0265A,2025,1.9814957264957265,1.6968561691623931,117,117,higher,PM|log1p|uniform|permissive|none,block30
SK0269A,2024,0.5201866071428571,0.9035244954553571,112,112,lower,PM|log1p|uniform|permissive|none,block30
SK0269A,2025,0.46375714285714287,0.85735971655,140,140,lower,PM|log1p|uniform|permissive|none,block30
SK0002A,2024,0.48551416666666664,1.2078238943166668,120,120,lower,PM|log1p|uniform|permissive|none,loso
SK0002A,2025,0.3338931297709924,0.821988448259542,131,131,lower,PM|log1p|uniform|permissive|none,loso
SK0004R,2024,0.2383132530120482,0.4392668327710843,166,166,lower,PM|log1p|uniform|permissive|none,loso
SK0004R,2025,0.23638787878787879,0.5018418893939394,165,165,lower,PM|log1p|uniform|permissive|none,loso
SK0006R,2024,0.2191146551724138,0.3919377859827586,116,116,lower,PM|log1p|uniform|permissive|none,loso
SK0006R,2025,0.30306722689075627,0.38250857088235296,119,119,lower,PM|log1p|uniform|permissive|none,loso
SK0008A,2024,1.7399993589743592,1.3290370479679487,156,156,higher,PM|log1p|uniform|permissive|none,loso
SK0008A,2025,1.419208,1.0689221046400001,125,125,higher,PM|log1p|uniform|permissive|none,loso
SK0018A,2024,6.173277118644068,1.6510592583220338,118,118,higher,PM|log1p|uniform|permissive|none,loso
SK0018A,2025,5.750974789915967,1.607591836537815,119,119,higher,PM|log1p|uniform|permissive|none,loso
SK0020A,2024,1.3145647540983607,1.2580366640737706,122,122,higher,PM|log1p|uniform|permissive|none,loso
SK0020A,2025,1.554148514851485,1.3526124981881187,101,101,higher,PM|log1p|uniform|permissive|none,loso
SK0025A,2024,3.4843,2.4187016668099175,121,121,higher,PM|log1p|uniform|permissive|none,loso
SK0025A,2025,2.374333333333333,1.703172302131579,114,114,higher,PM|log1p|uniform|permissive|none,loso
SK0039A,2024,1.0412450381679388,1.0621942806259543,131,131,higher,PM|log1p|uniform|permissive|none,loso
SK0039A,2025,1.1465474860335196,1.4643930597173183,179,179,higher,PM|log1p|uniform|permissive|none,loso
SK0045A,2024,0.5517336538461538,0.8858267697307693,104,104,lower,PM|log1p|uniform|permissive|none,loso
SK0045A,2025,0.4586486486486486,0.686691475418919,74,74,lower,PM|log1p|uniform|permissive|none,loso
SK0048A,2024,0.19027164179104478,0.7539559704626866,134,134,lower,PM|log1p|uniform|permissive|none,loso
SK0048A,2025,0.19674789915966387,0.7925313598067227,119,119,lower,PM|log1p|uniform|permissive|none,loso
SK0050A,2024,0.9373400000000001,0.9685910486545455,165,165,lower,PM|log1p|uniform|permissive|none,loso
SK0050A,2025,0.855475,0.8115321319500001,120,120,lower,PM|log1p|uniform|permissive|none,loso
SK0061A,2024,0.3596550458715596,0.7149633059541285,109,109,lower,PM|log1p|uniform|permissive|none,loso
SK0061A,2025,0.28588617886178863,0.6991195296422764,123,123,lower,PM|log1p|uniform|permissive|none,loso
SK0066A,2024,1.408934328358209,1.4891808352537315,134,134,higher,PM|log1p|uniform|permissive|none,loso
SK0066A,2025,1.2047874015748032,1.105915757535433,127,127,higher,PM|log1p|uniform|permissive|none,loso
SK0070A,2024,2.183129166666667,2.1958409121458335,96,96,higher,PM|log1p|uniform|permissive|none,loso
SK0070A,2025,1.8754318181818184,1.7148773938636361,88,88,higher,PM|log1p|uniform|permissive|none,loso
SK0071A,2024,2.0584204918032785,1.5415915536147542,122,122,higher,PM|log1p|uniform|permissive|none,loso
SK0071A,2025,1.5632685185185184,0.9316450006666668,108,108,higher,PM|log1p|uniform|permissive|none,loso
SK0076A,2024,0.49729646017699114,0.37093866849911505,113,113,lower,PM|log1p|uniform|permissive|none,loso
SK0076A,2025,0.39205555555555555,0.37983396772685185,108,108,lower,PM|log1p|uniform|permissive|none,loso
SK0078A,2024,2.155560344827586,1.8004132654431033,116,116,higher,PM|log1p|uniform|permissive|none,loso
SK0078A,2025,2.0732371134020617,1.5232554310206186,97,97,higher,PM|log1p|uniform|permissive|none,loso
SK0214A,2024,1.0126264462809917,1.2713211046115702,121,121,higher,PM|log1p|uniform|permissive|none,loso
SK0214A,2025,1.1335981308411216,1.0820028110747664,107,107,higher,PM|log1p|uniform|permissive|none,loso
SK0263A,2024,0.7357486725663717,0.7356204515486725,113,113,lower,PM|log1p|uniform|permissive|none,loso
SK0263A,2025,0.7383177570093458,0.7068547032803739,107,107,lower,PM|log1p|uniform|permissive|none,loso
SK0265A,2024,1.7921026785714285,1.5048610048482143,112,112,higher,PM|log1p|uniform|permissive|none,loso
SK0265A,2025,1.9814957264957265,1.5271206815042735,117,117,higher,PM|log1p|uniform|permissive|none,loso
SK0269A,2024,0.5201866071428571,0.8281491174285714,112,112,lower,PM|log1p|uniform|permissive|none,loso
SK0269A,2025,0.46375714285714287,0.7032087228642857,140,140,lower,PM|log1p|uniform|permissive|none,loso
SK0002A,2024,0.48551416666666664,0.9187200966633333,120,120,lower,P|log1p|uniform|permissive|none,block30
SK0002A,2025,0.3338931297709924,0.6443221164961832,131,131,lower,P|log1p|uniform|permissive|none,block30
SK0004R,2024,0.2383132530120482,0.3783346636807229,166,166,lower,P|log1p|uniform|permissive|none,block30
SK0004R,2025,0.23638787878787879,0.4175405942,165,165,lower,P|log1p|uniform|permissive|none,block30
SK0006R,2024,0.2191146551724138,0.25100884798275863,116,116,lower,P|log1p|uniform|permissive|none,block30
SK0006R,2025,0.30306722689075627,0.23008914550420168,119,119,lower,P|log1p|uniform|permissive|none,block30
SK0008A,2024,1.7399993589743592,1.2929100043205128,156,156,higher,P|log1p|uniform|permissive|none,block30
SK0008A,2025,1.419208,1.0546871811840002,125,125,higher,P|log1p|uniform|permissive|none,block30
SK0018A,2024,6.173277118644068,4.345674961949153,118,118,higher,P|log1p|uniform|permissive|none,block30
SK0018A,2025,5.750974789915967,4.225969944453782,119,119,higher,P|log1p|uniform|permissive|none,block30
SK0020A,2024,1.3145647540983607,1.1763022463688526,122,122,higher,P|log1p|uniform|permissive|none,block30
SK0020A,2025,1.554148514851485,1.3739078511683167,101,101,higher,P|log1p|uniform|permissive|none,block30
SK0025A,2024,3.4843,3.0366311697933885,121,121,higher,P|log1p|uniform|permissive|none,block30
SK0025A,2025,2.374333333333333,1.9720977768508772,114,114,higher,P|log1p|uniform|permissive|none,block30
SK0039A,2024,1.0412450381679388,1.3670313275267176,131,131,higher,P|log1p|uniform|permissive|none,block30
SK0039A,2025,1.1465474860335196,1.2758548757039105,179,179,higher,P|log1p|uniform|permissive|none,block30
SK0045A,2024,0.5517336538461538,0.9793683139192308,104,104,lower,P|log1p|uniform|permissive|none,block30
SK0045A,2025,0.4586486486486486,0.5512678342432433,74,74,lower,P|log1p|uniform|permissive|none,block30
SK0048A,2024,0.19027164179104478,0.7119706819925373,134,134,lower,P|log1p|uniform|permissive|none,block30
SK0048A,2025,0.19674789915966387,0.8585256291764706,119,119,lower,P|log1p|uniform|permissive|none,block30
SK0050A,2024,0.9373400000000001,1.0376074115272726,165,165,lower,P|log1p|uniform|permissive|none,block30
SK0050A,2025,0.855475,0.8441474115250001,120,120,lower,P|log1p|uniform|permissive|none,block30
SK0061A,2024,0.3596550458715596,0.6514917965504587,109,109,lower,P|log1p|uniform|permissive|none,block30
SK0061A,2025,0.28588617886178863,0.6875799941544716,123,123,lower,P|log1p|uniform|permissive|none,block30
SK0066A,2024,1.408934328358209,1.5669592587537313,134,134,higher,P|log1p|uniform|permissive|none,block30
SK0066A,2025,1.2047874015748032,1.132847086984252,127,127,higher,P|log1p|uniform|permissive|none,block30
SK0070A,2024,2.183129166666667,2.248743517135417,96,96,higher,P|log1p|uniform|permissive|none,block30
SK0070A,2025,1.8754318181818184,1.8234016606363637,88,88,higher,P|log1p|uniform|permissive|none,block30
SK0071A,2024,2.0584204918032785,1.5897116850000002,122,122,higher,P|log1p|uniform|permissive|none,block30
SK0071A,2025,1.5632685185185184,1.1445294203703702,108,108,higher,P|log1p|uniform|permissive|none,block30
SK0076A,2024,0.49729646017699114,0.3908337353185841,113,113,lower,P|log1p|uniform|permissive|none,block30
SK0076A,2025,0.39205555555555555,0.5171636529074074,108,108,lower,P|log1p|uniform|permissive|none,block30
SK0078A,2024,2.155560344827586,1.9594159993965519,116,116,higher,P|log1p|uniform|permissive|none,block30
SK0078A,2025,2.0732371134020617,1.7378796700206187,97,97,higher,P|log1p|uniform|permissive|none,block30
SK0214A,2024,1.0126264462809917,0.9614891631264463,121,121,higher,P|log1p|uniform|permissive|none,block30
SK0214A,2025,1.1335981308411216,0.9131673303364486,107,107,higher,P|log1p|uniform|permissive|none,block30
SK0263A,2024,0.7357486725663717,0.7918747670442478,113,113,lower,P|log1p|uniform|permissive|none,block30
SK0263A,2025,0.7383177570093458,0.8882397135887851,107,107,lower,P|log1p|uniform|permissive|none,block30
SK0265A,2024,1.7921026785714285,1.6253787298660713,112,112,higher,P|log1p|uniform|permissive|none,block30
SK0265A,2025,1.9814957264957265,1.6120100701965812,117,117,higher,P|log1p|uniform|permissive|none,block30
SK0269A,2024,0.5201866071428571,0.6818390074642858,112,112,lower,P|log1p|uniform|permissive|none,block30
SK0269A,2025,0.46375714285714287,0.6936119751378572,140,140,lower,P|log1p|uniform|permissive|none,block30
SK0002A,2024,0.48551416666666664,1.0766913850583333,120,120,lower,P|log1p|uniform|permissive|none,loso
SK0002A,2025,0.3338931297709924,0.739445403557252,131,131,lower,P|log1p|uniform|permissive|none,loso
SK0004R,2024,0.2383132530120482,0.46402175698795184,166,166,lower,P|log1p|uniform|permissive|none,loso
SK0004R,2025,0.23638787878787879,0.5257588830969697,165,165,lower,P|log1p|uniform|permissive|none,loso
SK0006R,2024,0.2191146551724138,0.3998567017758621,116,116,lower,P|log1p|uniform|permissive|none,loso
SK0006R,2025,0.30306722689075627,0.3911401521848739,119,119,lower,P|log1p|uniform|permissive|none,loso
SK0008A,2024,1.7399993589743592,1.1277517468141025,156,156,higher,P|log1p|uniform|permissive|none,loso
SK0008A,2025,1.419208,0.9785854896559999,125,125,higher,P|log1p|uniform|permissive|none,loso
SK0018A,2024,6.173277118644068,1.1074978648813558,118,118,higher,P|log1p|uniform|permissive|none,loso
SK0018A,2025,5.750974789915967,1.1326158123445378,119,119,higher,P|log1p|uniform|permissive|none,loso
SK0020A,2024,1.3145647540983607,1.1181630743278688,122,122,higher,P|log1p|uniform|permissive|none,loso
SK0020A,2025,1.554148514851485,1.2545487037524752,101,101,higher,P|log1p|uniform|permissive|none,loso
SK0025A,2024,3.4843,2.232455670628099,121,121,higher,P|log1p|uniform|permissive|none,loso
SK0025A,2025,2.374333333333333,1.7287667432807017,114,114,higher,P|log1p|uniform|permissive|none,loso
SK0039A,2024,1.0412450381679388,1.2148613789770992,131,131,higher,P|log1p|uniform|permissive|none,loso
SK0039A,2025,1.1465474860335196,1.2892439174022348,179,179,higher,P|log1p|uniform|permissive|none,loso
SK0045A,2024,0.5517336538461538,0.8655259547884615,104,104,lower,P|log1p|uniform|permissive|none,loso
SK0045A,2025,0.4586486486486486,0.5358745036486486,74,74,lower,P|log1p|uniform|permissive|none,loso
SK0048A,2024,0.19027164179104478,0.7213924284328358,134,134,lower,P|log1p|uniform|permissive|none,loso
SK0048A,2025,0.19674789915966387,0.89230668602521,119,119,lower,P|log1p|uniform|permissive|none,loso
SK0050A,2024,0.9373400000000001,0.9540917191030303,165,165,lower,P|log1p|uniform|permissive|none,loso
SK0050A,2025,0.855475,0.8061625757166666,120,120,lower,P|log1p|uniform|permissive|none,loso
SK0061A,2024,0.3596550458715596,0.6912213444678899,109,109,lower,P|log1p|uniform|permissive|none,loso
SK0061A,2025,0.28588617886178863,0.6911800961056911,123,123,lower,P|log1p|uniform|permissive|none,loso
SK0066A,2024,1.408934328358209,1.451534362119403,134,134,higher,P|log1p|uniform|permissive|none,loso
SK0066A,2025,1.2047874015748032,1.1078258857559056,127,127,higher,P|log1p|uniform|permissive|none,loso
SK0070A,2024,2.183129166666667,2.33945687378125,96,96,higher,P|log1p|uniform|permissive|none,loso
SK0070A,2025,1.8754318181818184,1.8333917349204543,88,88,higher,P|log1p|uniform|permissive|none,loso
SK0071A,2024,2.0584204918032785,1.4336753997786884,122,122,higher,P|log1p|uniform|permissive|none,loso
SK0071A,2025,1.5632685185185184,0.9982342146851851,108,108,higher,P|log1p|uniform|permissive|none,loso
SK0076A,2024,0.49729646017699114,0.4535694695663717,113,113,lower,P|log1p|uniform|permissive|none,loso
SK0076A,2025,0.39205555555555555,0.441014758862963,108,108,lower,P|log1p|uniform|permissive|none,loso
SK0078A,2024,2.155560344827586,1.7715878783189656,116,116,higher,P|log1p|uniform|permissive|none,loso
SK0078A,2025,2.0732371134020617,1.5241624249999999,97,97,higher,P|log1p|uniform|permissive|none,loso
SK0214A,2024,1.0126264462809917,0.7961904756942149,121,121,higher,P|log1p|uniform|permissive|none,loso
SK0214A,2025,1.1335981308411216,0.8606880067476637,107,107,higher,P|log1p|uniform|permissive|none,loso
SK0263A,2024,0.7357486725663717,0.731713584200885,113,113,lower,P|log1p|uniform|permissive|none,loso
SK0263A,2025,0.7383177570093458,0.7570796142803737,107,107,lower,P|log1p|uniform|permissive|none,loso
SK0265A,2024,1.7921026785714285,1.4812592509999998,112,112,higher,P|log1p|uniform|permissive|none,loso
SK0265A,2025,1.9814957264957265,1.4722299830427352,117,117,higher,P|log1p|uniform|permissive|none,loso
SK0269A,2024,0.5201866071428571,0.6492587631339285,112,112,lower,P|log1p|uniform|permissive|none,loso
SK0269A,2025,0.46375714285714287,0.6187369984142856,140,140,lower,P|log1p|uniform|permissive|none,loso
