method_a,method_b,protocol,estimand,support,scope,period,metric,units,direction,estimate,ci_low,ci_high,n,n_stations,n_blocks,resampling,seed,replicates,support_sha256
FULL_ID|log1p|uniform|permissive|2km_exact,PM_XGB|log1p|uniform|permissive|2km_exact,block30,daily,all_expected_targets,all_network,primary_2024_2025,RMSE,ng m-3,a_minus_b,-0.1159118766224998,-0.20096126647623772,-0.03984378185170324,5089,21,25,station_x_block,20260921,2000,49422f1082065a9d47ebdfaf52caf564b1c3e1dad3fba927ae8da3a978f385a0
FULL_ID|log1p|uniform|permissive|2km_exact,PM_XGB|log1p|uniform|permissive|2km_exact,block30,daily,all_expected_targets,all_network,primary_2024_2025,MAE,ng m-3,a_minus_b,-0.0848647324498723,-0.1395871780976354,-0.041937927977534845,5089,21,25,station_x_block,20260921,2000,49422f1082065a9d47ebdfaf52caf564b1c3e1dad3fba927ae8da3a978f385a0
FULL_ID|log1p|uniform|permissive|2km_exact,PM_XGB|log1p|uniform|permissive|2km_exact,block30,daily,all_expected_targets,all_network,primary_2024_2025,bias,ng m-3,a_minus_b,-0.01614589006378464,-0.08215171500109476,0.03785693899811562,5089,21,25,station_x_block,20260921,2000,49422f1082065a9d47ebdfaf52caf564b1c3e1dad3fba927ae8da3a978f385a0
FULL_ID|log1p|uniform|permissive|2km_exact,PM_XGB|log1p|uniform|permissive|2km_exact,block30,daily,all_expected_targets,nonindustrial,primary_2024_2025,RMSE,ng m-3,a_minus_b,-0.09532209411877868,-0.17242310266256342,-0.033092088576673465,4852,20,25,station_x_block,20260921,2000,5d1137882eec8537744050437f9ce1b569790644db3bdcfe69d5597e07b2e781
FULL_ID|log1p|uniform|permissive|2km_exact,PM_XGB|log1p|uniform|permissive|2km_exact,block30,daily,all_expected_targets,nonindustrial,primary_2024_2025,MAE,ng m-3,a_minus_b,-0.071153758546455,-0.11326894192727338,-0.038276919515670776,4852,20,25,station_x_block,20260921,2000,5d1137882eec8537744050437f9ce1b569790644db3bdcfe69d5597e07b2e781
FULL_ID|log1p|uniform|permissive|2km_exact,PM_XGB|log1p|uniform|permissive|2km_exact,block30,daily,all_expected_targets,nonindustrial,primary_2024_2025,bias,ng m-3,a_minus_b,-0.020950972775061836,-0.08140461158595699,0.029449461612732968,4852,20,25,station_x_block,20260921,2000,5d1137882eec8537744050437f9ce1b569790644db3bdcfe69d5597e07b2e781
FULL_ID|log1p|uniform|permissive|2km_exact,PM_XGB|log1p|uniform|permissive|2km_exact,block30,daily,all_expected_targets,nonindustrial_higher,primary_2024_2025,RMSE,ng m-3,a_minus_b,-0.09127028259115655,-0.18870068057103165,0.0043943325378553895,2394,10,25,station_x_block,20260921,2000,62f59d22b59dd9d7e2e072c7b3fe63144e2f3e8824a30706c4074510f362197d
FULL_ID|log1p|uniform|permissive|2km_exact,PM_XGB|log1p|uniform|permissive|2km_exact,block30,daily,all_expected_targets,nonindustrial_higher,primary_2024_2025,MAE,ng m-3,a_minus_b,-0.07756190157539694,-0.1416702756150616,-0.019467295867320628,2394,10,25,station_x_block,20260921,2000,62f59d22b59dd9d7e2e072c7b3fe63144e2f3e8824a30706c4074510f362197d
FULL_ID|log1p|uniform|permissive|2km_exact,PM_XGB|log1p|uniform|permissive|2km_exact,block30,daily,all_expected_targets,nonindustrial_higher,primary_2024_2025,bias,ng m-3,a_minus_b,-0.002440825854845459,-0.08841361803229607,0.0699202995348645,2394,10,25,station_x_block,20260921,2000,62f59d22b59dd9d7e2e072c7b3fe63144e2f3e8824a30706c4074510f362197d
FULL_ID|log1p|uniform|permissive|2km_exact,PM_XGB|log1p|uniform|permissive|2km_exact,block30,daily,all_expected_targets,nonindustrial_lower,primary_2024_2025,RMSE,ng m-3,a_minus_b,-0.1270154741031302,-0.23501218269320123,-0.046319203800838614,2458,10,25,station_x_block,20260921,2000,b29a851546d291a0d2f7dfae9c12846445d0e09a394514e7c02a871b374d99af
FULL_ID|log1p|uniform|permissive|2km_exact,PM_XGB|log1p|uniform|permissive|2km_exact,block30,daily,all_expected_targets,nonindustrial_lower,primary_2024_2025,MAE,ng m-3,a_minus_b,-0.06491246708539461,-0.104213395095622,-0.034304067872044784,2458,10,25,station_x_block,20260921,2000,b29a851546d291a0d2f7dfae9c12846445d0e09a394514e7c02a871b374d99af
FULL_ID|log1p|uniform|permissive|2km_exact,PM_XGB|log1p|uniform|permissive|2km_exact,block30,daily,all_expected_targets,nonindustrial_lower,primary_2024_2025,bias,ng m-3,a_minus_b,-0.03897916306269325,-0.09660816428234992,0.0011852748999093402,2458,10,25,station_x_block,20260921,2000,b29a851546d291a0d2f7dfae9c12846445d0e09a394514e7c02a871b374d99af
FULL_ID|log1p|uniform|permissive|2km_exact,PM_XGB|log1p|uniform|permissive|2km_exact,block30,sampled_date_station_year_mean,all_sampled_dates,all_network,primary_2024_2025,RMSE,ng m-3,a_minus_b,-0.0228238742409253,-0.03454381303455526,-0.011653217768285791,42,21,1,station,20260921,2000,a4b83f112a2a39d7bb39c1c70c56f5678dc7ac9449f27af54e02cbafaafd9a52
FULL_ID|log1p|uniform|permissive|2km_exact,PM_XGB|log1p|uniform|permissive|2km_exact,block30,sampled_date_station_year_mean,all_sampled_dates,all_network,primary_2024_2025,MAE,ng m-3,a_minus_b,-0.023485282973006394,-0.035339048575106606,-0.010809940279103628,42,21,1,station,20260921,2000,a4b83f112a2a39d7bb39c1c70c56f5678dc7ac9449f27af54e02cbafaafd9a52
FULL_ID|log1p|uniform|permissive|2km_exact,PM_XGB|log1p|uniform|permissive|2km_exact,block30,sampled_date_station_year_mean,all_sampled_dates,all_network,primary_2024_2025,bias,ng m-3,a_minus_b,-0.01596125008490354,-0.03957269820248737,0.008210544318634258,42,21,1,station,20260921,2000,a4b83f112a2a39d7bb39c1c70c56f5678dc7ac9449f27af54e02cbafaafd9a52
FULL_ID|log1p|uniform|permissive|2km_exact,PM_XGB|log1p|uniform|permissive|2km_exact,block30,sampled_date_station_year_mean,all_sampled_dates,nonindustrial,primary_2024_2025,RMSE,ng m-3,a_minus_b,-0.01810549412795537,-0.02774012297862012,-0.00937781766072646,40,20,1,station,20260921,2000,75f77a11b57c142012fafa94a0442f20d6ba5eff6db77fdddfbfa204481e78df
FULL_ID|log1p|uniform|permissive|2km_exact,PM_XGB|log1p|uniform|permissive|2km_exact,block30,sampled_date_station_year_mean,all_sampled_dates,nonindustrial,primary_2024_2025,MAE,ng m-3,a_minus_b,-0.02053097089971538,-0.03217598910434412,-0.008885879347248458,40,20,1,station,20260921,2000,75f77a11b57c142012fafa94a0442f20d6ba5eff6db77fdddfbfa204481e78df
FULL_ID|log1p|uniform|permissive|2km_exact,PM_XGB|log1p|uniform|permissive|2km_exact,block30,sampled_date_station_year_mean,all_sampled_dates,nonindustrial,primary_2024_2025,bias,ng m-3,a_minus_b,-0.020887888811090015,-0.044678670628307146,0.0033656316447878316,40,20,1,station,20260921,2000,75f77a11b57c142012fafa94a0442f20d6ba5eff6db77fdddfbfa204481e78df
FULL_ID|log1p|uniform|permissive|2km_exact,PM_XGB|log1p|uniform|permissive|2km_exact,block30,sampled_date_station_year_mean,all_sampled_dates,nonindustrial_higher,primary_2024_2025,RMSE,ng m-3,a_minus_b,-0.01817738490790552,-0.03216965899165639,-0.005278305712980863,20,10,1,station,20260921,2000,54d313e95dc309aa2e8ef845fd41708208c653e62ac636636faccd8f7f1e8a69
FULL_ID|log1p|uniform|permissive|2km_exact,PM_XGB|log1p|uniform|permissive|2km_exact,block30,sampled_date_station_year_mean,all_sampled_dates,nonindustrial_higher,primary_2024_2025,MAE,ng m-3,a_minus_b,-0.020580296913398882,-0.037961841913523434,-0.003442482020161482,20,10,1,station,20260921,2000,54d313e95dc309aa2e8ef845fd41708208c653e62ac636636faccd8f7f1e8a69
FULL_ID|log1p|uniform|permissive|2km_exact,PM_XGB|log1p|uniform|permissive|2km_exact,block30,sampled_date_station_year_mean,all_sampled_dates,nonindustrial_higher,primary_2024_2025,bias,ng m-3,a_minus_b,-0.0036505857765539024,-0.04539590500573758,0.034739221721462,20,10,1,station,20260921,2000,54d313e95dc309aa2e8ef845fd41708208c653e62ac636636faccd8f7f1e8a69
FULL_ID|log1p|uniform|permissive|2km_exact,PM_XGB|log1p|uniform|permissive|2km_exact,block30,sampled_date_station_year_mean,all_sampled_dates,nonindustrial_lower,primary_2024_2025,RMSE,ng m-3,a_minus_b,-0.019782631829934387,-0.027150518513047672,-0.009206368419140463,20,10,1,station,20260921,2000,670d7f6c2b4a419dd7125e6759a5a484d1cc22269df900a9e6b8100ba467cbdc
FULL_ID|log1p|uniform|permissive|2km_exact,PM_XGB|log1p|uniform|permissive|2km_exact,block30,sampled_date_station_year_mean,all_sampled_dates,nonindustrial_lower,primary_2024_2025,MAE,ng m-3,a_minus_b,-0.020481644886031866,-0.0337538560293211,-0.003948369588627839,20,10,1,station,20260921,2000,670d7f6c2b4a419dd7125e6759a5a484d1cc22269df900a9e6b8100ba467cbdc
FULL_ID|log1p|uniform|permissive|2km_exact,PM_XGB|log1p|uniform|permissive|2km_exact,block30,sampled_date_station_year_mean,all_sampled_dates,nonindustrial_lower,primary_2024_2025,bias,ng m-3,a_minus_b,-0.038125191845626134,-0.06161454408451708,-0.016090846435415723,20,10,1,station,20260921,2000,670d7f6c2b4a419dd7125e6759a5a484d1cc22269df900a9e6b8100ba467cbdc
G_PLUS_P|log1p|uniform|permissive|500m,G|log1p|uniform|permissive|500m,block30,daily,all_expected_targets,all_network,primary_2024_2025,RMSE,ng m-3,a_minus_b,-0.25144375917059425,-0.4817981468179086,-0.11500233170714126,5089,21,25,station_x_block,20260921,2000,49422f1082065a9d47ebdfaf52caf564b1c3e1dad3fba927ae8da3a978f385a0
G_PLUS_P|log1p|uniform|permissive|500m,G|log1p|uniform|permissive|500m,block30,daily,all_expected_targets,all_network,primary_2024_2025,MAE,ng m-3,a_minus_b,-0.1091712051782393,-0.21230870380645891,-0.0379411272232239,5089,21,25,station_x_block,20260921,2000,49422f1082065a9d47ebdfaf52caf564b1c3e1dad3fba927ae8da3a978f385a0
G_PLUS_P|log1p|uniform|permissive|500m,G|log1p|uniform|permissive|500m,block30,daily,all_expected_targets,all_network,primary_2024_2025,bias,ng m-3,a_minus_b,0.04147902205923755,-0.023093753091252348,0.124941703498362,5089,21,25,station_x_block,20260921,2000,49422f1082065a9d47ebdfaf52caf564b1c3e1dad3fba927ae8da3a978f385a0
G_PLUS_P|log1p|uniform|permissive|500m,G|log1p|uniform|permissive|500m,block30,daily,all_expected_targets,nonindustrial,primary_2024_2025,RMSE,ng m-3,a_minus_b,-0.29923267092641836,-0.5320428277274777,-0.10391407729415689,4852,20,25,station_x_block,20260921,2000,5d1137882eec8537744050437f9ce1b569790644db3bdcfe69d5597e07b2e781
G_PLUS_P|log1p|uniform|permissive|500m,G|log1p|uniform|permissive|500m,block30,daily,all_expected_targets,nonindustrial,primary_2024_2025,MAE,ng m-3,a_minus_b,-0.10481459853298841,-0.2180876862868076,-0.0348820735477601,4852,20,25,station_x_block,20260921,2000,5d1137882eec8537744050437f9ce1b569790644db3bdcfe69d5597e07b2e781
G_PLUS_P|log1p|uniform|permissive|500m,G|log1p|uniform|permissive|500m,block30,daily,all_expected_targets,nonindustrial,primary_2024_2025,bias,ng m-3,a_minus_b,0.02628537735561831,-0.02648544188680274,0.08308790970001881,4852,20,25,station_x_block,20260921,2000,5d1137882eec8537744050437f9ce1b569790644db3bdcfe69d5597e07b2e781
G_PLUS_P|log1p|uniform|permissive|500m,G|log1p|uniform|permissive|500m,block30,daily,all_expected_targets,nonindustrial_higher,primary_2024_2025,RMSE,ng m-3,a_minus_b,-0.4352124994789677,-0.7323116850598274,-0.15986903458357662,2394,10,25,station_x_block,20260921,2000,62f59d22b59dd9d7e2e072c7b3fe63144e2f3e8824a30706c4074510f362197d
G_PLUS_P|log1p|uniform|permissive|500m,G|log1p|uniform|permissive|500m,block30,daily,all_expected_targets,nonindustrial_higher,primary_2024_2025,MAE,ng m-3,a_minus_b,-0.1868988926861737,-0.3531335908327213,-0.06149433829537092,2394,10,25,station_x_block,20260921,2000,62f59d22b59dd9d7e2e072c7b3fe63144e2f3e8824a30706c4074510f362197d
G_PLUS_P|log1p|uniform|permissive|500m,G|log1p|uniform|permissive|500m,block30,daily,all_expected_targets,nonindustrial_higher,primary_2024_2025,bias,ng m-3,a_minus_b,0.056783436424686716,-0.03477545709142913,0.15545428117546672,2394,10,25,station_x_block,20260921,2000,62f59d22b59dd9d7e2e072c7b3fe63144e2f3e8824a30706c4074510f362197d
G_PLUS_P|log1p|uniform|permissive|500m,G|log1p|uniform|permissive|500m,block30,daily,all_expected_targets,nonindustrial_lower,primary_2024_2025,RMSE,ng m-3,a_minus_b,-0.04695194241333295,-0.10673917483345546,0.010379681358651844,2458,10,25,station_x_block,20260921,2000,b29a851546d291a0d2f7dfae9c12846445d0e09a394514e7c02a871b374d99af
G_PLUS_P|log1p|uniform|permissive|500m,G|log1p|uniform|permissive|500m,block30,daily,all_expected_targets,nonindustrial_lower,primary_2024_2025,MAE,ng m-3,a_minus_b,-0.024867568344735524,-0.05624861945750547,-0.0011393985540458786,2458,10,25,station_x_block,20260921,2000,b29a851546d291a0d2f7dfae9c12846445d0e09a394514e7c02a871b374d99af
G_PLUS_P|log1p|uniform|permissive|500m,G|log1p|uniform|permissive|500m,block30,daily,all_expected_targets,nonindustrial_lower,primary_2024_2025,bias,ng m-3,a_minus_b,-0.00341859067178194,-0.04342772971617353,0.028099598661660872,2458,10,25,station_x_block,20260921,2000,b29a851546d291a0d2f7dfae9c12846445d0e09a394514e7c02a871b374d99af
G_PLUS_P|log1p|uniform|permissive|500m,G|log1p|uniform|permissive|500m,block30,sampled_date_station_year_mean,all_sampled_dates,all_network,primary_2024_2025,RMSE,ng m-3,a_minus_b,-0.08406121831783275,-0.14081559808667946,-0.018461105826041296,42,21,1,station,20260921,2000,a4b83f112a2a39d7bb39c1c70c56f5678dc7ac9449f27af54e02cbafaafd9a52
G_PLUS_P|log1p|uniform|permissive|500m,G|log1p|uniform|permissive|500m,block30,sampled_date_station_year_mean,all_sampled_dates,all_network,primary_2024_2025,MAE,ng m-3,a_minus_b,-0.04337323357822795,-0.07771154175381333,-0.016832258767193117,42,21,1,station,20260921,2000,a4b83f112a2a39d7bb39c1c70c56f5678dc7ac9449f27af54e02cbafaafd9a52
G_PLUS_P|log1p|uniform|permissive|500m,G|log1p|uniform|permissive|500m,block30,sampled_date_station_year_mean,all_sampled_dates,all_network,primary_2024_2025,bias,ng m-3,a_minus_b,0.04054771605676896,0.010800450868052317,0.07852243693342689,42,21,1,station,20260921,2000,a4b83f112a2a39d7bb39c1c70c56f5678dc7ac9449f27af54e02cbafaafd9a52
G_PLUS_P|log1p|uniform|permissive|500m,G|log1p|uniform|permissive|500m,block30,sampled_date_station_year_mean,all_sampled_dates,nonindustrial,primary_2024_2025,RMSE,ng m-3,a_minus_b,-0.02894594180659038,-0.04341977028131006,-0.014939296439311932,40,20,1,station,20260921,2000,75f77a11b57c142012fafa94a0442f20d6ba5eff6db77fdddfbfa204481e78df
G_PLUS_P|log1p|uniform|permissive|500m,G|log1p|uniform|permissive|500m,block30,sampled_date_station_year_mean,all_sampled_dates,nonindustrial,primary_2024_2025,MAE,ng m-3,a_minus_b,-0.02786953561540384,-0.04326451979792021,-0.013511459831139636,40,20,1,station,20260921,2000,75f77a11b57c142012fafa94a0442f20d6ba5eff6db77fdddfbfa204481e78df
G_PLUS_P|log1p|uniform|permissive|500m,G|log1p|uniform|permissive|500m,block30,sampled_date_station_year_mean,all_sampled_dates,nonindustrial,primary_2024_2025,bias,ng m-3,a_minus_b,0.024902742217871903,0.007244814981271858,0.04352710924546947,40,20,1,station,20260921,2000,75f77a11b57c142012fafa94a0442f20d6ba5eff6db77fdddfbfa204481e78df
G_PLUS_P|log1p|uniform|permissive|500m,G|log1p|uniform|permissive|500m,block30,sampled_date_station_year_mean,all_sampled_dates,nonindustrial_higher,primary_2024_2025,RMSE,ng m-3,a_minus_b,-0.04108143392772652,-0.061860435666861294,-0.02074582792679858,20,10,1,station,20260921,2000,54d313e95dc309aa2e8ef845fd41708208c653e62ac636636faccd8f7f1e8a69
G_PLUS_P|log1p|uniform|permissive|500m,G|log1p|uniform|permissive|500m,block30,sampled_date_station_year_mean,all_sampled_dates,nonindustrial_higher,primary_2024_2025,MAE,ng m-3,a_minus_b,-0.042810091596417216,-0.06625245115761143,-0.01864020364020363,20,10,1,station,20260921,2000,54d313e95dc309aa2e8ef845fd41708208c653e62ac636636faccd8f7f1e8a69
G_PLUS_P|log1p|uniform|permissive|500m,G|log1p|uniform|permissive|500m,block30,sampled_date_station_year_mean,all_sampled_dates,nonindustrial_higher,primary_2024_2025,bias,ng m-3,a_minus_b,0.053574725168354556,0.031378169522056826,0.07608505932351145,20,10,1,station,20260921,2000,54d313e95dc309aa2e8ef845fd41708208c653e62ac636636faccd8f7f1e8a69
G_PLUS_P|log1p|uniform|permissive|500m,G|log1p|uniform|permissive|500m,block30,sampled_date_station_year_mean,all_sampled_dates,nonindustrial_lower,primary_2024_2025,RMSE,ng m-3,a_minus_b,-0.011298226464021496,-0.022969006654287787,7.123520676500139e-05,20,10,1,station,20260921,2000,670d7f6c2b4a419dd7125e6759a5a484d1cc22269df900a9e6b8100ba467cbdc
G_PLUS_P|log1p|uniform|permissive|500m,G|log1p|uniform|permissive|500m,block30,sampled_date_station_year_mean,all_sampled_dates,nonindustrial_lower,primary_2024_2025,MAE,ng m-3,a_minus_b,-0.012928979634390506,-0.02609485266690102,-0.00046957782442128763,20,10,1,station,20260921,2000,670d7f6c2b4a419dd7125e6759a5a484d1cc22269df900a9e6b8100ba467cbdc
G_PLUS_P|log1p|uniform|permissive|500m,G|log1p|uniform|permissive|500m,block30,sampled_date_station_year_mean,all_sampled_dates,nonindustrial_lower,primary_2024_2025,bias,ng m-3,a_minus_b,-0.0037692407326107387,-0.021365227439098567,0.010229781116763181,20,10,1,station,20260921,2000,670d7f6c2b4a419dd7125e6759a5a484d1cc22269df900a9e6b8100ba467cbdc
G_PLUS_P|log1p|uniform|permissive|500m,G|log1p|uniform|permissive|500m,loso,daily,all_expected_targets,all_network,primary_2024_2025,RMSE,ng m-3,a_minus_b,-0.2199118609621209,-0.7315503036920364,-0.011707722198415338,5089,21,1,station,20260921,2000,49422f1082065a9d47ebdfaf52caf564b1c3e1dad3fba927ae8da3a978f385a0
G_PLUS_P|log1p|uniform|permissive|500m,G|log1p|uniform|permissive|500m,loso,daily,all_expected_targets,all_network,primary_2024_2025,MAE,ng m-3,a_minus_b,-0.2706626524722243,-0.5227021475553267,-0.10188277668625516,5089,21,1,station,20260921,2000,49422f1082065a9d47ebdfaf52caf564b1c3e1dad3fba927ae8da3a978f385a0
G_PLUS_P|log1p|uniform|permissive|500m,G|log1p|uniform|permissive|500m,loso,daily,all_expected_targets,all_network,primary_2024_2025,bias,ng m-3,a_minus_b,-0.18496590473429947,-0.4613338982744877,0.026622663771098336,5089,21,1,station,20260921,2000,49422f1082065a9d47ebdfaf52caf564b1c3e1dad3fba927ae8da3a978f385a0
G_PLUS_P|log1p|uniform|permissive|500m,G|log1p|uniform|permissive|500m,loso,daily,all_expected_targets,nonindustrial,primary_2024_2025,RMSE,ng m-3,a_minus_b,-0.5245490685503125,-0.7874513025496155,-0.2746236212645369,4852,20,1,station,20260921,2000,5d1137882eec8537744050437f9ce1b569790644db3bdcfe69d5597e07b2e781
G_PLUS_P|log1p|uniform|permissive|500m,G|log1p|uniform|permissive|500m,loso,daily,all_expected_targets,nonindustrial,primary_2024_2025,MAE,ng m-3,a_minus_b,-0.2941388539408408,-0.5259528170108513,-0.11632483654300468,4852,20,1,station,20260921,2000,5d1137882eec8537744050437f9ce1b569790644db3bdcfe69d5597e07b2e781
G_PLUS_P|log1p|uniform|permissive|500m,G|log1p|uniform|permissive|500m,loso,daily,all_expected_targets,nonindustrial,primary_2024_2025,bias,ng m-3,a_minus_b,-0.16992061874341302,-0.4459326109879536,0.043366639822917344,4852,20,1,station,20260921,2000,5d1137882eec8537744050437f9ce1b569790644db3bdcfe69d5597e07b2e781
G_PLUS_P|log1p|uniform|permissive|500m,G|log1p|uniform|permissive|500m,loso,daily,all_expected_targets,nonindustrial_higher,primary_2024_2025,RMSE,ng m-3,a_minus_b,-0.4236832224777354,-0.5660701338526335,-0.2803961538885563,2394,10,1,station,20260921,2000,62f59d22b59dd9d7e2e072c7b3fe63144e2f3e8824a30706c4074510f362197d
G_PLUS_P|log1p|uniform|permissive|500m,G|log1p|uniform|permissive|500m,loso,daily,all_expected_targets,nonindustrial_higher,primary_2024_2025,MAE,ng m-3,a_minus_b,-0.21775025566649964,-0.29937175639886277,-0.14054985458236183,2394,10,1,station,20260921,2000,62f59d22b59dd9d7e2e072c7b3fe63144e2f3e8824a30706c4074510f362197d
G_PLUS_P|log1p|uniform|permissive|500m,G|log1p|uniform|permissive|500m,loso,daily,all_expected_targets,nonindustrial_higher,primary_2024_2025,bias,ng m-3,a_minus_b,0.033006916853634105,-0.17527519162559752,0.21044568581379855,2394,10,1,station,20260921,2000,62f59d22b59dd9d7e2e072c7b3fe63144e2f3e8824a30706c4074510f362197d
G_PLUS_P|log1p|uniform|permissive|500m,G|log1p|uniform|permissive|500m,loso,daily,all_expected_targets,nonindustrial_lower,primary_2024_2025,RMSE,ng m-3,a_minus_b,-0.679230127837665,-1.130008798037216,-0.13578639330717432,2458,10,1,station,20260921,2000,b29a851546d291a0d2f7dfae9c12846445d0e09a394514e7c02a871b374d99af
G_PLUS_P|log1p|uniform|permissive|500m,G|log1p|uniform|permissive|500m,loso,daily,all_expected_targets,nonindustrial_lower,primary_2024_2025,MAE,ng m-3,a_minus_b,-0.3685384895261839,-0.8111779606435618,-0.051325171467639895,2458,10,1,station,20260921,2000,b29a851546d291a0d2f7dfae9c12846445d0e09a394514e7c02a871b374d99af
G_PLUS_P|log1p|uniform|permissive|500m,G|log1p|uniform|permissive|500m,loso,daily,all_expected_targets,nonindustrial_lower,primary_2024_2025,bias,ng m-3,a_minus_b,-0.36756444308,-0.837205883701389,-0.01284844820186182,2458,10,1,station,20260921,2000,b29a851546d291a0d2f7dfae9c12846445d0e09a394514e7c02a871b374d99af
G_PLUS_P|log1p|uniform|permissive|500m,G|log1p|uniform|permissive|500m,loso,sampled_date_station_year_mean,all_sampled_dates,all_network,primary_2024_2025,RMSE,ng m-3,a_minus_b,-0.10683415542148134,-0.7218099798946733,0.12383303334351128,42,21,1,station,20260921,2000,a4b83f112a2a39d7bb39c1c70c56f5678dc7ac9449f27af54e02cbafaafd9a52
G_PLUS_P|log1p|uniform|permissive|500m,G|log1p|uniform|permissive|500m,loso,sampled_date_station_year_mean,all_sampled_dates,all_network,primary_2024_2025,MAE,ng m-3,a_minus_b,-0.21944779485558008,-0.4734003831633522,-0.02412960047214338,42,21,1,station,20260921,2000,a4b83f112a2a39d7bb39c1c70c56f5678dc7ac9449f27af54e02cbafaafd9a52
G_PLUS_P|log1p|uniform|permissive|500m,G|log1p|uniform|permissive|500m,loso,sampled_date_station_year_mean,all_sampled_dates,all_network,primary_2024_2025,bias,ng m-3,a_minus_b,-0.20913444013014879,-0.48344227209435753,0.017696800503103963,42,21,1,station,20260921,2000,a4b83f112a2a39d7bb39c1c70c56f5678dc7ac9449f27af54e02cbafaafd9a52
G_PLUS_P|log1p|uniform|permissive|500m,G|log1p|uniform|permissive|500m,loso,sampled_date_station_year_mean,all_sampled_dates,nonindustrial,primary_2024_2025,RMSE,ng m-3,a_minus_b,-0.480868833470079,-0.784947251104741,-0.14317736597494457,40,20,1,station,20260921,2000,75f77a11b57c142012fafa94a0442f20d6ba5eff6db77fdddfbfa204481e78df
G_PLUS_P|log1p|uniform|permissive|500m,G|log1p|uniform|permissive|500m,loso,sampled_date_station_year_mean,all_sampled_dates,nonindustrial,primary_2024_2025,MAE,ng m-3,a_minus_b,-0.25506905521020956,-0.48782170787361095,-0.06506156577952127,40,20,1,station,20260921,2000,75f77a11b57c142012fafa94a0442f20d6ba5eff6db77fdddfbfa204481e78df
G_PLUS_P|log1p|uniform|permissive|500m,G|log1p|uniform|permissive|500m,loso,sampled_date_station_year_mean,all_sampled_dates,nonindustrial,primary_2024_2025,bias,ng m-3,a_minus_b,-0.19494229152480563,-0.47403477318121606,0.03386033239546557,40,20,1,station,20260921,2000,75f77a11b57c142012fafa94a0442f20d6ba5eff6db77fdddfbfa204481e78df
G_PLUS_P|log1p|uniform|permissive|500m,G|log1p|uniform|permissive|500m,loso,sampled_date_station_year_mean,all_sampled_dates,nonindustrial_higher,primary_2024_2025,RMSE,ng m-3,a_minus_b,-0.20892982876299382,-0.31451905625756515,-0.08348082369478252,20,10,1,station,20260921,2000,54d313e95dc309aa2e8ef845fd41708208c653e62ac636636faccd8f7f1e8a69
G_PLUS_P|log1p|uniform|permissive|500m,G|log1p|uniform|permissive|500m,loso,sampled_date_station_year_mean,all_sampled_dates,nonindustrial_higher,primary_2024_2025,MAE,ng m-3,a_minus_b,-0.16330975817555915,-0.2892887630615653,-0.047436818342762414,20,10,1,station,20260921,2000,54d313e95dc309aa2e8ef845fd41708208c653e62ac636636faccd8f7f1e8a69
G_PLUS_P|log1p|uniform|permissive|500m,G|log1p|uniform|permissive|500m,loso,sampled_date_station_year_mean,all_sampled_dates,nonindustrial_higher,primary_2024_2025,bias,ng m-3,a_minus_b,0.011726430029242924,-0.22812994098136385,0.21492255070515984,20,10,1,station,20260921,2000,54d313e95dc309aa2e8ef845fd41708208c653e62ac636636faccd8f7f1e8a69
G_PLUS_P|log1p|uniform|permissive|500m,G|log1p|uniform|permissive|500m,loso,sampled_date_station_year_mean,all_sampled_dates,nonindustrial_lower,primary_2024_2025,RMSE,ng m-3,a_minus_b,-0.6899587240381931,-1.1041467345606983,-0.13110709678025004,20,10,1,station,20260921,2000,670d7f6c2b4a419dd7125e6759a5a484d1cc22269df900a9e6b8100ba467cbdc
G_PLUS_P|log1p|uniform|permissive|500m,G|log1p|uniform|permissive|500m,loso,sampled_date_station_year_mean,all_sampled_dates,nonindustrial_lower,primary_2024_2025,MAE,ng m-3,a_minus_b,-0.34682835224485975,-0.769837091653952,-0.014698866129244436,20,10,1,station,20260921,2000,670d7f6c2b4a419dd7125e6759a5a484d1cc22269df900a9e6b8100ba467cbdc
G_PLUS_P|log1p|uniform|permissive|500m,G|log1p|uniform|permissive|500m,loso,sampled_date_station_year_mean,all_sampled_dates,nonindustrial_lower,primary_2024_2025,bias,ng m-3,a_minus_b,-0.40161101307885405,-0.84524785575915,-0.03548160761843186,20,10,1,station,20260921,2000,670d7f6c2b4a419dd7125e6759a5a484d1cc22269df900a9e6b8100ba467cbdc
G_PLUS_P|log1p|uniform|permissive|500m,G|log1p|uniform|permissive|500m,year_out,daily,all_expected_targets,all_network,primary_2024_2025,RMSE,ng m-3,a_minus_b,-0.240440081366317,-0.4107654341721759,-0.16854020085107577,5089,21,1,station,20260921,2000,49422f1082065a9d47ebdfaf52caf564b1c3e1dad3fba927ae8da3a978f385a0
G_PLUS_P|log1p|uniform|permissive|500m,G|log1p|uniform|permissive|500m,year_out,daily,all_expected_targets,all_network,primary_2024_2025,MAE,ng m-3,a_minus_b,-0.11975747783639024,-0.17037792957964165,-0.07344342645437318,5089,21,1,station,20260921,2000,49422f1082065a9d47ebdfaf52caf564b1c3e1dad3fba927ae8da3a978f385a0
G_PLUS_P|log1p|uniform|permissive|500m,G|log1p|uniform|permissive|500m,year_out,daily,all_expected_targets,all_network,primary_2024_2025,bias,ng m-3,a_minus_b,0.09152485616926508,0.04585653467580909,0.14493162195148868,5089,21,1,station,20260921,2000,49422f1082065a9d47ebdfaf52caf564b1c3e1dad3fba927ae8da3a978f385a0
G_PLUS_P|log1p|uniform|permissive|500m,G|log1p|uniform|permissive|500m,year_out,daily,all_expected_targets,nonindustrial,primary_2024_2025,RMSE,ng m-3,a_minus_b,-0.32069392560672927,-0.43402896894720044,-0.20647974946420705,4852,20,1,station,20260921,2000,5d1137882eec8537744050437f9ce1b569790644db3bdcfe69d5597e07b2e781
G_PLUS_P|log1p|uniform|permissive|500m,G|log1p|uniform|permissive|500m,year_out,daily,all_expected_targets,nonindustrial,primary_2024_2025,MAE,ng m-3,a_minus_b,-0.11487726397349346,-0.16634595955453302,-0.06882925996229174,4852,20,1,station,20260921,2000,5d1137882eec8537744050437f9ce1b569790644db3bdcfe69d5597e07b2e781
G_PLUS_P|log1p|uniform|permissive|500m,G|log1p|uniform|permissive|500m,year_out,daily,all_expected_targets,nonindustrial,primary_2024_2025,bias,ng m-3,a_minus_b,0.07100222372947032,0.03784083683104838,0.10636299865715257,4852,20,1,station,20260921,2000,5d1137882eec8537744050437f9ce1b569790644db3bdcfe69d5597e07b2e781
G_PLUS_P|log1p|uniform|permissive|500m,G|log1p|uniform|permissive|500m,year_out,daily,all_expected_targets,nonindustrial_higher,primary_2024_2025,RMSE,ng m-3,a_minus_b,-0.4696744030379669,-0.5964873963746561,-0.35199570437034544,2394,10,1,station,20260921,2000,62f59d22b59dd9d7e2e072c7b3fe63144e2f3e8824a30706c4074510f362197d
G_PLUS_P|log1p|uniform|permissive|500m,G|log1p|uniform|permissive|500m,year_out,daily,all_expected_targets,nonindustrial_higher,primary_2024_2025,MAE,ng m-3,a_minus_b,-0.21089967560668332,-0.2621693691732823,-0.15986818404504433,2394,10,1,station,20260921,2000,62f59d22b59dd9d7e2e072c7b3fe63144e2f3e8824a30706c4074510f362197d
G_PLUS_P|log1p|uniform|permissive|500m,G|log1p|uniform|permissive|500m,year_out,daily,all_expected_targets,nonindustrial_higher,primary_2024_2025,bias,ng m-3,a_minus_b,0.13557364088989138,0.09972501509492038,0.1684053069411015,2394,10,1,station,20260921,2000,62f59d22b59dd9d7e2e072c7b3fe63144e2f3e8824a30706c4074510f362197d
G_PLUS_P|log1p|uniform|permissive|500m,G|log1p|uniform|permissive|500m,year_out,daily,all_expected_targets,nonindustrial_lower,primary_2024_2025,RMSE,ng m-3,a_minus_b,-0.04158272239107991,-0.08556026148805944,0.009756474340592776,2458,10,1,station,20260921,2000,b29a851546d291a0d2f7dfae9c12846445d0e09a394514e7c02a871b374d99af
G_PLUS_P|log1p|uniform|permissive|500m,G|log1p|uniform|permissive|500m,year_out,daily,all_expected_targets,nonindustrial_lower,primary_2024_2025,MAE,ng m-3,a_minus_b,-0.021355029046781965,-0.04154036956126321,-0.0028900490343844493,2458,10,1,station,20260921,2000,b29a851546d291a0d2f7dfae9c12846445d0e09a394514e7c02a871b374d99af
G_PLUS_P|log1p|uniform|permissive|500m,G|log1p|uniform|permissive|500m,year_out,daily,all_expected_targets,nonindustrial_lower,primary_2024_2025,bias,ng m-3,a_minus_b,0.008112080246131,-0.013060814901927602,0.02674729447095449,2458,10,1,station,20260921,2000,b29a851546d291a0d2f7dfae9c12846445d0e09a394514e7c02a871b374d99af
G_PLUS_P|log1p|uniform|permissive|500m,G|log1p|uniform|permissive|500m,season_year_out,daily,all_expected_targets,all_network,primary_2024_2025,RMSE,ng m-3,a_minus_b,-0.2648911436547188,-0.35148795294415125,-0.18713949729356186,4975,21,1,station,20260921,2000,19a35dd1186b26b49235083be6f112b8c39c7e2e0145c1c965df4079bcf9eade
G_PLUS_P|log1p|uniform|permissive|500m,G|log1p|uniform|permissive|500m,season_year_out,daily,all_expected_targets,all_network,primary_2024_2025,MAE,ng m-3,a_minus_b,-0.09730026675336878,-0.13930237447581248,-0.0562217258153377,4975,21,1,station,20260921,2000,19a35dd1186b26b49235083be6f112b8c39c7e2e0145c1c965df4079bcf9eade
G_PLUS_P|log1p|uniform|permissive|500m,G|log1p|uniform|permissive|500m,season_year_out,daily,all_expected_targets,all_network,primary_2024_2025,bias,ng m-3,a_minus_b,0.06996317136498698,0.03668755760588322,0.10535245745514538,4975,21,1,station,20260921,2000,19a35dd1186b26b49235083be6f112b8c39c7e2e0145c1c965df4079bcf9eade
G_PLUS_P|log1p|uniform|permissive|500m,G|log1p|uniform|permissive|500m,season_year_out,daily,all_expected_targets,nonindustrial,primary_2024_2025,RMSE,ng m-3,a_minus_b,-0.274160959717043,-0.366971750644373,-0.17473483108218513,4748,20,1,station,20260921,2000,611ef75b58f8b3b6afbd585a0257e961a96926f46d6d389a1386ad2770fd3d16
G_PLUS_P|log1p|uniform|permissive|500m,G|log1p|uniform|permissive|500m,season_year_out,daily,all_expected_targets,nonindustrial,primary_2024_2025,MAE,ng m-3,a_minus_b,-0.08951840809562134,-0.13091164218002405,-0.05283678560768758,4748,20,1,station,20260921,2000,611ef75b58f8b3b6afbd585a0257e961a96926f46d6d389a1386ad2770fd3d16
G_PLUS_P|log1p|uniform|permissive|500m,G|log1p|uniform|permissive|500m,season_year_out,daily,all_expected_targets,nonindustrial,primary_2024_2025,bias,ng m-3,a_minus_b,0.057369742957205136,0.032983133110060056,0.08350556664123276,4748,20,1,station,20260921,2000,611ef75b58f8b3b6afbd585a0257e961a96926f46d6d389a1386ad2770fd3d16
G_PLUS_P|log1p|uniform|permissive|500m,G|log1p|uniform|permissive|500m,season_year_out,daily,all_expected_targets,nonindustrial_higher,primary_2024_2025,RMSE,ng m-3,a_minus_b,-0.40309635636459995,-0.4904734894677672,-0.30132758207981514,2369,10,1,station,20260921,2000,15ca08eb0b081b2ef7b2625ca3e84358f127001b8ac16fc303e4501682b29cba
G_PLUS_P|log1p|uniform|permissive|500m,G|log1p|uniform|permissive|500m,season_year_out,daily,all_expected_targets,nonindustrial_higher,primary_2024_2025,MAE,ng m-3,a_minus_b,-0.16525767546998726,-0.20734001163776003,-0.1222339533305951,2369,10,1,station,20260921,2000,15ca08eb0b081b2ef7b2625ca3e84358f127001b8ac16fc303e4501682b29cba
G_PLUS_P|log1p|uniform|permissive|500m,G|log1p|uniform|permissive|500m,season_year_out,daily,all_expected_targets,nonindustrial_higher,primary_2024_2025,bias,ng m-3,a_minus_b,0.09464499649151539,0.05767198889956328,0.13056055330379587,2369,10,1,station,20260921,2000,15ca08eb0b081b2ef7b2625ca3e84358f127001b8ac16fc303e4501682b29cba
G_PLUS_P|log1p|uniform|permissive|500m,G|log1p|uniform|permissive|500m,season_year_out,daily,all_expected_targets,nonindustrial_lower,primary_2024_2025,RMSE,ng m-3,a_minus_b,-0.021833771897687704,-0.06154984554389851,0.026429687634869442,2379,10,1,station,20260921,2000,f1b601960a9973deafaebfad81ae10654638181d9c4f9178b446019ffca52cc0
G_PLUS_P|log1p|uniform|permissive|500m,G|log1p|uniform|permissive|500m,season_year_out,daily,all_expected_targets,nonindustrial_lower,primary_2024_2025,MAE,ng m-3,a_minus_b,-0.01409750670433374,-0.029266062967092915,0.0024276072343062186,2379,10,1,station,20260921,2000,f1b601960a9973deafaebfad81ae10654638181d9c4f9178b446019ffca52cc0
G_PLUS_P|log1p|uniform|permissive|500m,G|log1p|uniform|permissive|500m,season_year_out,daily,all_expected_targets,nonindustrial_lower,primary_2024_2025,bias,ng m-3,a_minus_b,0.020251173969066838,0.0024634249539793444,0.037046126218908015,2379,10,1,station,20260921,2000,f1b601960a9973deafaebfad81ae10654638181d9c4f9178b446019ffca52cc0
G_PLUS_P|log1p|uniform|permissive|500m,G|log1p|uniform|permissive|500m,calendar_season_out,daily,all_expected_targets,all_network,primary_2024_2025,RMSE,ng m-3,a_minus_b,-0.2226038446451859,-0.29018717106138364,-0.1617613636735905,5089,21,1,station,20260921,2000,49422f1082065a9d47ebdfaf52caf564b1c3e1dad3fba927ae8da3a978f385a0
G_PLUS_P|log1p|uniform|permissive|500m,G|log1p|uniform|permissive|500m,calendar_season_out,daily,all_expected_targets,all_network,primary_2024_2025,MAE,ng m-3,a_minus_b,-0.08191329277622528,-0.1204505562081587,-0.046423853665320654,5089,21,1,station,20260921,2000,49422f1082065a9d47ebdfaf52caf564b1c3e1dad3fba927ae8da3a978f385a0
G_PLUS_P|log1p|uniform|permissive|500m,G|log1p|uniform|permissive|500m,calendar_season_out,daily,all_expected_targets,all_network,primary_2024_2025,bias,ng m-3,a_minus_b,0.0749648432380448,0.03214967287121614,0.12280176494129812,5089,21,1,station,20260921,2000,49422f1082065a9d47ebdfaf52caf564b1c3e1dad3fba927ae8da3a978f385a0
G_PLUS_P|log1p|uniform|permissive|500m,G|log1p|uniform|permissive|500m,calendar_season_out,daily,all_expected_targets,nonindustrial,primary_2024_2025,RMSE,ng m-3,a_minus_b,-0.2275683966284966,-0.302637497150344,-0.1467629259275291,4852,20,1,station,20260921,2000,5d1137882eec8537744050437f9ce1b569790644db3bdcfe69d5597e07b2e781
G_PLUS_P|log1p|uniform|permissive|500m,G|log1p|uniform|permissive|500m,calendar_season_out,daily,all_expected_targets,nonindustrial,primary_2024_2025,MAE,ng m-3,a_minus_b,-0.07201661740894688,-0.10809384756800118,-0.04062432788542554,4852,20,1,station,20260921,2000,5d1137882eec8537744050437f9ce1b569790644db3bdcfe69d5597e07b2e781
G_PLUS_P|log1p|uniform|permissive|500m,G|log1p|uniform|permissive|500m,calendar_season_out,daily,all_expected_targets,nonindustrial,primary_2024_2025,bias,ng m-3,a_minus_b,0.05666505377749587,0.027077775572320925,0.0883528471643186,4852,20,1,station,20260921,2000,5d1137882eec8537744050437f9ce1b569790644db3bdcfe69d5597e07b2e781
G_PLUS_P|log1p|uniform|permissive|500m,G|log1p|uniform|permissive|500m,calendar_season_out,daily,all_expected_targets,nonindustrial_higher,primary_2024_2025,RMSE,ng m-3,a_minus_b,-0.3270508935831118,-0.4172120729835029,-0.24472064726981435,2394,10,1,station,20260921,2000,62f59d22b59dd9d7e2e072c7b3fe63144e2f3e8824a30706c4074510f362197d
G_PLUS_P|log1p|uniform|permissive|500m,G|log1p|uniform|permissive|500m,calendar_season_out,daily,all_expected_targets,nonindustrial_higher,primary_2024_2025,MAE,ng m-3,a_minus_b,-0.13403184985012517,-0.17961784654554586,-0.094157597128834,2394,10,1,station,20260921,2000,62f59d22b59dd9d7e2e072c7b3fe63144e2f3e8824a30706c4074510f362197d
G_PLUS_P|log1p|uniform|permissive|500m,G|log1p|uniform|permissive|500m,calendar_season_out,daily,all_expected_targets,nonindustrial_higher,primary_2024_2025,bias,ng m-3,a_minus_b,0.07551929987268167,0.021663316756785057,0.12545856870556923,2394,10,1,station,20260921,2000,62f59d22b59dd9d7e2e072c7b3fe63144e2f3e8824a30706c4074510f362197d
G_PLUS_P|log1p|uniform|permissive|500m,G|log1p|uniform|permissive|500m,calendar_season_out,daily,all_expected_targets,nonindustrial_lower,primary_2024_2025,RMSE,ng m-3,a_minus_b,-0.04475525049712997,-0.09510220990962205,0.0010445286719451168,2458,10,1,station,20260921,2000,b29a851546d291a0d2f7dfae9c12846445d0e09a394514e7c02a871b374d99af
G_PLUS_P|log1p|uniform|permissive|500m,G|log1p|uniform|permissive|500m,calendar_season_out,daily,all_expected_targets,nonindustrial_lower,primary_2024_2025,MAE,ng m-3,a_minus_b,-0.01161610216721315,-0.02467205503193191,-0.000631069583512569,2458,10,1,station,20260921,2000,b29a851546d291a0d2f7dfae9c12846445d0e09a394514e7c02a871b374d99af
G_PLUS_P|log1p|uniform|permissive|500m,G|log1p|uniform|permissive|500m,calendar_season_out,daily,all_expected_targets,nonindustrial_lower,primary_2024_2025,bias,ng m-3,a_minus_b,0.03830172377266476,0.01423382691654196,0.06623139985703044,2458,10,1,station,20260921,2000,b29a851546d291a0d2f7dfae9c12846445d0e09a394514e7c02a871b374d99af
G_PLUS_P|log1p|uniform|strict18|500m,G|log1p|uniform|permissive|500m,block30,daily,all_expected_targets,all_network,primary_2024_2025,RMSE,ng m-3,a_minus_b,-0.2421811918681238,-0.4272035977102904,-0.11606862001390558,5089,21,25,station_x_block,20260921,2000,49422f1082065a9d47ebdfaf52caf564b1c3e1dad3fba927ae8da3a978f385a0
G_PLUS_P|log1p|uniform|strict18|500m,G|log1p|uniform|permissive|500m,block30,daily,all_expected_targets,all_network,primary_2024_2025,MAE,ng m-3,a_minus_b,-0.10425683386383561,-0.1995662223125043,-0.03781692244843116,5089,21,25,station_x_block,20260921,2000,49422f1082065a9d47ebdfaf52caf564b1c3e1dad3fba927ae8da3a978f385a0
G_PLUS_P|log1p|uniform|strict18|500m,G|log1p|uniform|permissive|500m,block30,daily,all_expected_targets,all_network,primary_2024_2025,bias,ng m-3,a_minus_b,0.048663901406103355,-0.022070223674455547,0.15031546499978438,5089,21,25,station_x_block,20260921,2000,49422f1082065a9d47ebdfaf52caf564b1c3e1dad3fba927ae8da3a978f385a0
G_PLUS_P|log1p|uniform|strict18|500m,G|log1p|uniform|permissive|500m,block30,daily,all_expected_targets,nonindustrial,primary_2024_2025,RMSE,ng m-3,a_minus_b,-0.26398326793075155,-0.46584443347000587,-0.08828764056943382,4852,20,25,station_x_block,20260921,2000,5d1137882eec8537744050437f9ce1b569790644db3bdcfe69d5597e07b2e781
G_PLUS_P|log1p|uniform|strict18|500m,G|log1p|uniform|permissive|500m,block30,daily,all_expected_targets,nonindustrial,primary_2024_2025,MAE,ng m-3,a_minus_b,-0.09787915260161995,-0.19806499019729862,-0.034755598531876604,4852,20,25,station_x_block,20260921,2000,5d1137882eec8537744050437f9ce1b569790644db3bdcfe69d5597e07b2e781
G_PLUS_P|log1p|uniform|strict18|500m,G|log1p|uniform|permissive|500m,block30,daily,all_expected_targets,nonindustrial,primary_2024_2025,bias,ng m-3,a_minus_b,0.030321815021776596,-0.025178157628549448,0.09991527490788303,4852,20,25,station_x_block,20260921,2000,5d1137882eec8537744050437f9ce1b569790644db3bdcfe69d5597e07b2e781
G_PLUS_P|log1p|uniform|strict18|500m,G|log1p|uniform|permissive|500m,block30,daily,all_expected_targets,nonindustrial_higher,primary_2024_2025,RMSE,ng m-3,a_minus_b,-0.3813592236064032,-0.6361149693311523,-0.1378352468582212,2394,10,25,station_x_block,20260921,2000,62f59d22b59dd9d7e2e072c7b3fe63144e2f3e8824a30706c4074510f362197d
G_PLUS_P|log1p|uniform|strict18|500m,G|log1p|uniform|permissive|500m,block30,daily,all_expected_targets,nonindustrial_higher,primary_2024_2025,MAE,ng m-3,a_minus_b,-0.17019086045726817,-0.3181664552158086,-0.059159258628324184,2394,10,25,station_x_block,20260921,2000,62f59d22b59dd9d7e2e072c7b3fe63144e2f3e8824a30706c4074510f362197d
G_PLUS_P|log1p|uniform|strict18|500m,G|log1p|uniform|permissive|500m,block30,daily,all_expected_targets,nonindustrial_higher,primary_2024_2025,bias,ng m-3,a_minus_b,0.06510915637957393,-0.02990126467763288,0.18695536371956528,2394,10,25,station_x_block,20260921,2000,62f59d22b59dd9d7e2e072c7b3fe63144e2f3e8824a30706c4074510f362197d
G_PLUS_P|log1p|uniform|strict18|500m,G|log1p|uniform|permissive|500m,block30,daily,all_expected_targets,nonindustrial_lower,primary_2024_2025,RMSE,ng m-3,a_minus_b,-0.04668503306865107,-0.11910586373802215,0.016234945984879828,2458,10,25,station_x_block,20260921,2000,b29a851546d291a0d2f7dfae9c12846445d0e09a394514e7c02a871b374d99af
G_PLUS_P|log1p|uniform|strict18|500m,G|log1p|uniform|permissive|500m,block30,daily,all_expected_targets,nonindustrial_lower,primary_2024_2025,MAE,ng m-3,a_minus_b,-0.02745025569095197,-0.0617333927543874,-0.002647377050094632,2458,10,25,station_x_block,20260921,2000,b29a851546d291a0d2f7dfae9c12846445d0e09a394514e7c02a871b374d99af
G_PLUS_P|log1p|uniform|strict18|500m,G|log1p|uniform|permissive|500m,block30,daily,all_expected_targets,nonindustrial_lower,primary_2024_2025,bias,ng m-3,a_minus_b,-0.003559753412139953,-0.040175574101574824,0.027571686906678328,2458,10,25,station_x_block,20260921,2000,b29a851546d291a0d2f7dfae9c12846445d0e09a394514e7c02a871b374d99af
G_PLUS_P|log1p|uniform|strict18|500m,G|log1p|uniform|permissive|500m,block30,sampled_date_station_year_mean,all_sampled_dates,all_network,primary_2024_2025,RMSE,ng m-3,a_minus_b,-0.09507716368102187,-0.16475369801387266,-0.003909996035424394,42,21,1,station,20260921,2000,a4b83f112a2a39d7bb39c1c70c56f5678dc7ac9449f27af54e02cbafaafd9a52
G_PLUS_P|log1p|uniform|strict18|500m,G|log1p|uniform|permissive|500m,block30,sampled_date_station_year_mean,all_sampled_dates,all_network,primary_2024_2025,MAE,ng m-3,a_minus_b,-0.037821868393352734,-0.08110186258221234,-0.006620817388319617,42,21,1,station,20260921,2000,a4b83f112a2a39d7bb39c1c70c56f5678dc7ac9449f27af54e02cbafaafd9a52
G_PLUS_P|log1p|uniform|strict18|500m,G|log1p|uniform|permissive|500m,block30,sampled_date_station_year_mean,all_sampled_dates,all_network,primary_2024_2025,bias,ng m-3,a_minus_b,0.0500495270677295,0.01284999305416153,0.09693791893776588,42,21,1,station,20260921,2000,a4b83f112a2a39d7bb39c1c70c56f5678dc7ac9449f27af54e02cbafaafd9a52
G_PLUS_P|log1p|uniform|strict18|500m,G|log1p|uniform|permissive|500m,block30,sampled_date_station_year_mean,all_sampled_dates,nonindustrial,primary_2024_2025,RMSE,ng m-3,a_minus_b,-0.015879372498181804,-0.03242297114241347,0.00031707322181078043,40,20,1,station,20260921,2000,75f77a11b57c142012fafa94a0442f20d6ba5eff6db77fdddfbfa204481e78df
G_PLUS_P|log1p|uniform|strict18|500m,G|log1p|uniform|permissive|500m,block30,sampled_date_station_year_mean,all_sampled_dates,nonindustrial,primary_2024_2025,MAE,ng m-3,a_minus_b,-0.018440426209491684,-0.03397711290174438,-0.0023826120071228376,40,20,1,station,20260921,2000,75f77a11b57c142012fafa94a0442f20d6ba5eff6db77fdddfbfa204481e78df
G_PLUS_P|log1p|uniform|strict18|500m,G|log1p|uniform|permissive|500m,block30,sampled_date_station_year_mean,all_sampled_dates,nonindustrial,primary_2024_2025,bias,ng m-3,a_minus_b,0.03127946781758728,0.006968864424547506,0.05797575659872666,40,20,1,station,20260921,2000,75f77a11b57c142012fafa94a0442f20d6ba5eff6db77fdddfbfa204481e78df
G_PLUS_P|log1p|uniform|strict18|500m,G|log1p|uniform|permissive|500m,block30,sampled_date_station_year_mean,all_sampled_dates,nonindustrial_higher,primary_2024_2025,RMSE,ng m-3,a_minus_b,-0.019461177747526093,-0.04463792287186515,0.008155986552647302,20,10,1,station,20260921,2000,54d313e95dc309aa2e8ef845fd41708208c653e62ac636636faccd8f7f1e8a69
G_PLUS_P|log1p|uniform|strict18|500m,G|log1p|uniform|permissive|500m,block30,sampled_date_station_year_mean,all_sampled_dates,nonindustrial_higher,primary_2024_2025,MAE,ng m-3,a_minus_b,-0.022487352431976304,-0.04967919043296763,0.0069088320235704236,20,10,1,station,20260921,2000,54d313e95dc309aa2e8ef845fd41708208c653e62ac636636faccd8f7f1e8a69
G_PLUS_P|log1p|uniform|strict18|500m,G|log1p|uniform|permissive|500m,block30,sampled_date_station_year_mean,all_sampled_dates,nonindustrial_higher,primary_2024_2025,bias,ng m-3,a_minus_b,0.06614733477373719,0.02894392242395527,0.10642738209542113,20,10,1,station,20260921,2000,54d313e95dc309aa2e8ef845fd41708208c653e62ac636636faccd8f7f1e8a69
G_PLUS_P|log1p|uniform|strict18|500m,G|log1p|uniform|permissive|500m,block30,sampled_date_station_year_mean,all_sampled_dates,nonindustrial_lower,primary_2024_2025,RMSE,ng m-3,a_minus_b,-0.011214826002146482,-0.02341972028820576,-0.00019368943029462752,20,10,1,station,20260921,2000,670d7f6c2b4a419dd7125e6759a5a484d1cc22269df900a9e6b8100ba467cbdc
G_PLUS_P|log1p|uniform|strict18|500m,G|log1p|uniform|permissive|500m,block30,sampled_date_station_year_mean,all_sampled_dates,nonindustrial_lower,primary_2024_2025,MAE,ng m-3,a_minus_b,-0.014393499987007084,-0.02525254227364581,-0.0030501108749808425,20,10,1,station,20260921,2000,670d7f6c2b4a419dd7125e6759a5a484d1cc22269df900a9e6b8100ba467cbdc
G_PLUS_P|log1p|uniform|strict18|500m,G|log1p|uniform|permissive|500m,block30,sampled_date_station_year_mean,all_sampled_dates,nonindustrial_lower,primary_2024_2025,bias,ng m-3,a_minus_b,-0.003588399138562612,-0.021272083996903196,0.01149960599975824,20,10,1,station,20260921,2000,670d7f6c2b4a419dd7125e6759a5a484d1cc22269df900a9e6b8100ba467cbdc
G_PLUS_P|log1p|uniform|strict18|500m,G|log1p|uniform|permissive|500m,loso,daily,all_expected_targets,all_network,primary_2024_2025,RMSE,ng m-3,a_minus_b,-0.22371435750876056,-0.7275937538102375,-0.01872203645270336,5089,21,1,station,20260921,2000,49422f1082065a9d47ebdfaf52caf564b1c3e1dad3fba927ae8da3a978f385a0
G_PLUS_P|log1p|uniform|strict18|500m,G|log1p|uniform|permissive|500m,loso,daily,all_expected_targets,all_network,primary_2024_2025,MAE,ng m-3,a_minus_b,-0.27453111622502857,-0.5111265538094497,-0.11011081968759014,5089,21,1,station,20260921,2000,49422f1082065a9d47ebdfaf52caf564b1c3e1dad3fba927ae8da3a978f385a0
G_PLUS_P|log1p|uniform|strict18|500m,G|log1p|uniform|permissive|500m,loso,daily,all_expected_targets,all_network,primary_2024_2025,bias,ng m-3,a_minus_b,-0.1860877957741855,-0.4463921490226367,0.01997824630195233,5089,21,1,station,20260921,2000,49422f1082065a9d47ebdfaf52caf564b1c3e1dad3fba927ae8da3a978f385a0
G_PLUS_P|log1p|uniform|strict18|500m,G|log1p|uniform|permissive|500m,loso,daily,all_expected_targets,nonindustrial,primary_2024_2025,RMSE,ng m-3,a_minus_b,-0.5269875882983043,-0.7810696279133778,-0.2801492255787697,4852,20,1,station,20260921,2000,5d1137882eec8537744050437f9ce1b569790644db3bdcfe69d5597e07b2e781
G_PLUS_P|log1p|uniform|strict18|500m,G|log1p|uniform|permissive|500m,loso,daily,all_expected_targets,nonindustrial,primary_2024_2025,MAE,ng m-3,a_minus_b,-0.2982312104026484,-0.5175006874869696,-0.12888820526644754,4852,20,1,station,20260921,2000,5d1137882eec8537744050437f9ce1b569790644db3bdcfe69d5597e07b2e781
G_PLUS_P|log1p|uniform|strict18|500m,G|log1p|uniform|permissive|500m,loso,daily,all_expected_targets,nonindustrial,primary_2024_2025,bias,ng m-3,a_minus_b,-0.17201137403346042,-0.43438946914927934,0.0367126450454729,4852,20,1,station,20260921,2000,5d1137882eec8537744050437f9ce1b569790644db3bdcfe69d5597e07b2e781
G_PLUS_P|log1p|uniform|strict18|500m,G|log1p|uniform|permissive|500m,loso,daily,all_expected_targets,nonindustrial_higher,primary_2024_2025,RMSE,ng m-3,a_minus_b,-0.43297995062545325,-0.5851138238647611,-0.28027690227617896,2394,10,1,station,20260921,2000,62f59d22b59dd9d7e2e072c7b3fe63144e2f3e8824a30706c4074510f362197d
G_PLUS_P|log1p|uniform|strict18|500m,G|log1p|uniform|permissive|500m,loso,daily,all_expected_targets,nonindustrial_higher,primary_2024_2025,MAE,ng m-3,a_minus_b,-0.22346878046175855,-0.3073542641309678,-0.14354822686121307,2394,10,1,station,20260921,2000,62f59d22b59dd9d7e2e072c7b3fe63144e2f3e8824a30706c4074510f362197d
G_PLUS_P|log1p|uniform|strict18|500m,G|log1p|uniform|permissive|500m,loso,daily,all_expected_targets,nonindustrial_higher,primary_2024_2025,bias,ng m-3,a_minus_b,0.02582085635315373,-0.18526858696705686,0.23015244072035654,2394,10,1,station,20260921,2000,62f59d22b59dd9d7e2e072c7b3fe63144e2f3e8824a30706c4074510f362197d
G_PLUS_P|log1p|uniform|strict18|500m,G|log1p|uniform|permissive|500m,loso,daily,all_expected_targets,nonindustrial_lower,primary_2024_2025,RMSE,ng m-3,a_minus_b,-0.6700278790890799,-1.108376775289908,-0.15366850051973854,2458,10,1,station,20260921,2000,b29a851546d291a0d2f7dfae9c12846445d0e09a394514e7c02a871b374d99af
G_PLUS_P|log1p|uniform|strict18|500m,G|log1p|uniform|permissive|500m,loso,daily,all_expected_targets,nonindustrial_lower,primary_2024_2025,MAE,ng m-3,a_minus_b,-0.37104701889674535,-0.7815093065359091,-0.0659532460316164,2458,10,1,station,20260921,2000,b29a851546d291a0d2f7dfae9c12846445d0e09a394514e7c02a871b374d99af
G_PLUS_P|log1p|uniform|strict18|500m,G|log1p|uniform|permissive|500m,loso,daily,all_expected_targets,nonindustrial_lower,primary_2024_2025,bias,ng m-3,a_minus_b,-0.3646925618062653,-0.8016618757172731,-0.02966165407499089,2458,10,1,station,20260921,2000,b29a851546d291a0d2f7dfae9c12846445d0e09a394514e7c02a871b374d99af
G_PLUS_P|log1p|uniform|strict18|500m,G|log1p|uniform|permissive|500m,loso,sampled_date_station_year_mean,all_sampled_dates,all_network,primary_2024_2025,RMSE,ng m-3,a_minus_b,-0.11253098131166017,-0.7127573256849561,0.11470579658060646,42,21,1,station,20260921,2000,a4b83f112a2a39d7bb39c1c70c56f5678dc7ac9449f27af54e02cbafaafd9a52
G_PLUS_P|log1p|uniform|strict18|500m,G|log1p|uniform|permissive|500m,loso,sampled_date_station_year_mean,all_sampled_dates,all_network,primary_2024_2025,MAE,ng m-3,a_minus_b,-0.2398951929146606,-0.474612523468074,-0.04804659129681367,42,21,1,station,20260921,2000,a4b83f112a2a39d7bb39c1c70c56f5678dc7ac9449f27af54e02cbafaafd9a52
G_PLUS_P|log1p|uniform|strict18|500m,G|log1p|uniform|permissive|500m,loso,sampled_date_station_year_mean,all_sampled_dates,all_network,primary_2024_2025,bias,ng m-3,a_minus_b,-0.20548590128531394,-0.47200539109884626,0.013611131655619484,42,21,1,station,20260921,2000,a4b83f112a2a39d7bb39c1c70c56f5678dc7ac9449f27af54e02cbafaafd9a52
G_PLUS_P|log1p|uniform|strict18|500m,G|log1p|uniform|permissive|500m,loso,sampled_date_station_year_mean,all_sampled_dates,nonindustrial,primary_2024_2025,RMSE,ng m-3,a_minus_b,-0.4880585676672698,-0.7705498089071269,-0.1710140669163499,40,20,1,station,20260921,2000,75f77a11b57c142012fafa94a0442f20d6ba5eff6db77fdddfbfa204481e78df
G_PLUS_P|log1p|uniform|strict18|500m,G|log1p|uniform|permissive|500m,loso,sampled_date_station_year_mean,all_sampled_dates,nonindustrial,primary_2024_2025,MAE,ng m-3,a_minus_b,-0.2756030345564664,-0.4957657863669899,-0.09344896059915682,40,20,1,station,20260921,2000,75f77a11b57c142012fafa94a0442f20d6ba5eff6db77fdddfbfa204481e78df
G_PLUS_P|log1p|uniform|strict18|500m,G|log1p|uniform|permissive|500m,loso,sampled_date_station_year_mean,all_sampled_dates,nonindustrial,primary_2024_2025,bias,ng m-3,a_minus_b,-0.19204711435350688,-0.4546172666329351,0.031167506889057405,40,20,1,station,20260921,2000,75f77a11b57c142012fafa94a0442f20d6ba5eff6db77fdddfbfa204481e78df
G_PLUS_P|log1p|uniform|strict18|500m,G|log1p|uniform|permissive|500m,loso,sampled_date_station_year_mean,all_sampled_dates,nonindustrial_higher,primary_2024_2025,RMSE,ng m-3,a_minus_b,-0.24532387689251078,-0.3600059507507837,-0.10483390342362955,20,10,1,station,20260921,2000,54d313e95dc309aa2e8ef845fd41708208c653e62ac636636faccd8f7f1e8a69
G_PLUS_P|log1p|uniform|strict18|500m,G|log1p|uniform|permissive|500m,loso,sampled_date_station_year_mean,all_sampled_dates,nonindustrial_higher,primary_2024_2025,MAE,ng m-3,a_minus_b,-0.1953574476190893,-0.3290947103129266,-0.07007992959607372,20,10,1,station,20260921,2000,54d313e95dc309aa2e8ef845fd41708208c653e62ac636636faccd8f7f1e8a69
G_PLUS_P|log1p|uniform|strict18|500m,G|log1p|uniform|permissive|500m,loso,sampled_date_station_year_mean,all_sampled_dates,nonindustrial_higher,primary_2024_2025,bias,ng m-3,a_minus_b,0.009695659963307762,-0.22637408528422429,0.2333179139491615,20,10,1,station,20260921,2000,54d313e95dc309aa2e8ef845fd41708208c653e62ac636636faccd8f7f1e8a69
G_PLUS_P|log1p|uniform|strict18|500m,G|log1p|uniform|permissive|500m,loso,sampled_date_station_year_mean,all_sampled_dates,nonindustrial_lower,primary_2024_2025,RMSE,ng m-3,a_minus_b,-0.667151801505106,-1.0606984189942321,-0.16673586859370967,20,10,1,station,20260921,2000,670d7f6c2b4a419dd7125e6759a5a484d1cc22269df900a9e6b8100ba467cbdc
G_PLUS_P|log1p|uniform|strict18|500m,G|log1p|uniform|permissive|500m,loso,sampled_date_station_year_mean,all_sampled_dates,nonindustrial_lower,primary_2024_2025,MAE,ng m-3,a_minus_b,-0.35584862149384333,-0.7444739307459733,-0.03979718697407524,20,10,1,station,20260921,2000,670d7f6c2b4a419dd7125e6759a5a484d1cc22269df900a9e6b8100ba467cbdc
G_PLUS_P|log1p|uniform|strict18|500m,G|log1p|uniform|permissive|500m,loso,sampled_date_station_year_mean,all_sampled_dates,nonindustrial_lower,primary_2024_2025,bias,ng m-3,a_minus_b,-0.3937898886703214,-0.8100563176371035,-0.05076595676035824,20,10,1,station,20260921,2000,670d7f6c2b4a419dd7125e6759a5a484d1cc22269df900a9e6b8100ba467cbdc
G_PLUS_P|log1p|uniform|strict18|500m,G_PLUS_P|log1p|uniform|permissive|500m,block30,daily,all_expected_targets,all_network,primary_2024_2025,RMSE,ng m-3,a_minus_b,0.009262567302470437,-0.03371657538454146,0.08471358032299693,5089,21,25,station_x_block,20260921,2000,49422f1082065a9d47ebdfaf52caf564b1c3e1dad3fba927ae8da3a978f385a0
G_PLUS_P|log1p|uniform|strict18|500m,G_PLUS_P|log1p|uniform|permissive|500m,block30,daily,all_expected_targets,all_network,primary_2024_2025,MAE,ng m-3,a_minus_b,0.004914371314403698,-0.010784119239503575,0.024606504947691288,5089,21,25,station_x_block,20260921,2000,49422f1082065a9d47ebdfaf52caf564b1c3e1dad3fba927ae8da3a978f385a0
G_PLUS_P|log1p|uniform|strict18|500m,G_PLUS_P|log1p|uniform|permissive|500m,block30,daily,all_expected_targets,all_network,primary_2024_2025,bias,ng m-3,a_minus_b,0.007184879346865805,-0.020967775973001024,0.037545207494152216,5089,21,25,station_x_block,20260921,2000,49422f1082065a9d47ebdfaf52caf564b1c3e1dad3fba927ae8da3a978f385a0
G_PLUS_P|log1p|uniform|strict18|500m,G_PLUS_P|log1p|uniform|permissive|500m,block30,daily,all_expected_targets,nonindustrial,primary_2024_2025,RMSE,ng m-3,a_minus_b,0.03524940299566681,-0.017742344146178538,0.1157695439404693,4852,20,25,station_x_block,20260921,2000,5d1137882eec8537744050437f9ce1b569790644db3bdcfe69d5597e07b2e781
G_PLUS_P|log1p|uniform|strict18|500m,G_PLUS_P|log1p|uniform|permissive|500m,block30,daily,all_expected_targets,nonindustrial,primary_2024_2025,MAE,ng m-3,a_minus_b,0.006935445931368467,-0.006388206133230454,0.027614628745866468,4852,20,25,station_x_block,20260921,2000,5d1137882eec8537744050437f9ce1b569790644db3bdcfe69d5597e07b2e781
G_PLUS_P|log1p|uniform|strict18|500m,G_PLUS_P|log1p|uniform|permissive|500m,block30,daily,all_expected_targets,nonindustrial,primary_2024_2025,bias,ng m-3,a_minus_b,0.004036437666158282,-0.021659084949457195,0.035339863413924394,4852,20,25,station_x_block,20260921,2000,5d1137882eec8537744050437f9ce1b569790644db3bdcfe69d5597e07b2e781
G_PLUS_P|log1p|uniform|strict18|500m,G_PLUS_P|log1p|uniform|permissive|500m,block30,daily,all_expected_targets,nonindustrial_higher,primary_2024_2025,RMSE,ng m-3,a_minus_b,0.0538532758725645,-0.025156292478754914,0.16380237037320566,2394,10,25,station_x_block,20260921,2000,62f59d22b59dd9d7e2e072c7b3fe63144e2f3e8824a30706c4074510f362197d
G_PLUS_P|log1p|uniform|strict18|500m,G_PLUS_P|log1p|uniform|permissive|500m,block30,daily,all_expected_targets,nonindustrial_higher,primary_2024_2025,MAE,ng m-3,a_minus_b,0.016708032228905545,-0.007865993276403223,0.049807516288666996,2394,10,25,station_x_block,20260921,2000,62f59d22b59dd9d7e2e072c7b3fe63144e2f3e8824a30706c4074510f362197d
G_PLUS_P|log1p|uniform|strict18|500m,G_PLUS_P|log1p|uniform|permissive|500m,block30,daily,all_expected_targets,nonindustrial_higher,primary_2024_2025,bias,ng m-3,a_minus_b,0.00832571995488722,-0.04307830449200275,0.06749470104364462,2394,10,25,station_x_block,20260921,2000,62f59d22b59dd9d7e2e072c7b3fe63144e2f3e8824a30706c4074510f362197d
G_PLUS_P|log1p|uniform|strict18|500m,G_PLUS_P|log1p|uniform|permissive|500m,block30,daily,all_expected_targets,nonindustrial_lower,primary_2024_2025,RMSE,ng m-3,a_minus_b,0.000266909344681876,-0.015800930664719454,0.016076160741657818,2458,10,25,station_x_block,20260921,2000,b29a851546d291a0d2f7dfae9c12846445d0e09a394514e7c02a871b374d99af
G_PLUS_P|log1p|uniform|strict18|500m,G_PLUS_P|log1p|uniform|permissive|500m,block30,daily,all_expected_targets,nonindustrial_lower,primary_2024_2025,MAE,ng m-3,a_minus_b,-0.0025826873462164446,-0.00950559843474277,0.0029399471706093605,2458,10,25,station_x_block,20260921,2000,b29a851546d291a0d2f7dfae9c12846445d0e09a394514e7c02a871b374d99af
G_PLUS_P|log1p|uniform|strict18|500m,G_PLUS_P|log1p|uniform|permissive|500m,block30,daily,all_expected_targets,nonindustrial_lower,primary_2024_2025,bias,ng m-3,a_minus_b,-0.00014116274035801298,-0.009290467560495229,0.010467903520033973,2458,10,25,station_x_block,20260921,2000,b29a851546d291a0d2f7dfae9c12846445d0e09a394514e7c02a871b374d99af
G_PLUS_P|log1p|uniform|strict18|500m,G_PLUS_P|log1p|uniform|permissive|500m,block30,sampled_date_station_year_mean,all_sampled_dates,all_network,primary_2024_2025,RMSE,ng m-3,a_minus_b,-0.011015945363189117,-0.024302350204860813,0.02160275908725718,42,21,1,station,20260921,2000,a4b83f112a2a39d7bb39c1c70c56f5678dc7ac9449f27af54e02cbafaafd9a52
G_PLUS_P|log1p|uniform|strict18|500m,G_PLUS_P|log1p|uniform|permissive|500m,block30,sampled_date_station_year_mean,all_sampled_dates,all_network,primary_2024_2025,MAE,ng m-3,a_minus_b,0.005551365184875215,-0.004882070056107892,0.01563830693982344,42,21,1,station,20260921,2000,a4b83f112a2a39d7bb39c1c70c56f5678dc7ac9449f27af54e02cbafaafd9a52
G_PLUS_P|log1p|uniform|strict18|500m,G_PLUS_P|log1p|uniform|permissive|500m,block30,sampled_date_station_year_mean,all_sampled_dates,all_network,primary_2024_2025,bias,ng m-3,a_minus_b,0.009501811010960537,-0.0040761979448951866,0.025274037643227394,42,21,1,station,20260921,2000,a4b83f112a2a39d7bb39c1c70c56f5678dc7ac9449f27af54e02cbafaafd9a52
G_PLUS_P|log1p|uniform|strict18|500m,G_PLUS_P|log1p|uniform|permissive|500m,block30,sampled_date_station_year_mean,all_sampled_dates,nonindustrial,primary_2024_2025,RMSE,ng m-3,a_minus_b,0.013066569308408577,0.0029108175481816793,0.025786066976927032,40,20,1,station,20260921,2000,75f77a11b57c142012fafa94a0442f20d6ba5eff6db77fdddfbfa204481e78df
G_PLUS_P|log1p|uniform|strict18|500m,G_PLUS_P|log1p|uniform|permissive|500m,block30,sampled_date_station_year_mean,all_sampled_dates,nonindustrial,primary_2024_2025,MAE,ng m-3,a_minus_b,0.009429109405912156,0.002766520390200798,0.018577602595722255,40,20,1,station,20260921,2000,75f77a11b57c142012fafa94a0442f20d6ba5eff6db77fdddfbfa204481e78df
G_PLUS_P|log1p|uniform|strict18|500m,G_PLUS_P|log1p|uniform|permissive|500m,block30,sampled_date_station_year_mean,all_sampled_dates,nonindustrial,primary_2024_2025,bias,ng m-3,a_minus_b,0.006376725599715381,-0.006184512639413062,0.02239576903240297,40,20,1,station,20260921,2000,75f77a11b57c142012fafa94a0442f20d6ba5eff6db77fdddfbfa204481e78df
G_PLUS_P|log1p|uniform|strict18|500m,G_PLUS_P|log1p|uniform|permissive|500m,block30,sampled_date_station_year_mean,all_sampled_dates,nonindustrial_higher,primary_2024_2025,RMSE,ng m-3,a_minus_b,0.02162025618020043,0.006545194396227565,0.040802501512794485,20,10,1,station,20260921,2000,54d313e95dc309aa2e8ef845fd41708208c653e62ac636636faccd8f7f1e8a69
G_PLUS_P|log1p|uniform|strict18|500m,G_PLUS_P|log1p|uniform|permissive|500m,block30,sampled_date_station_year_mean,all_sampled_dates,nonindustrial_higher,primary_2024_2025,MAE,ng m-3,a_minus_b,0.02032273916444091,0.010158972846134895,0.033849363028406756,20,10,1,station,20260921,2000,54d313e95dc309aa2e8ef845fd41708208c653e62ac636636faccd8f7f1e8a69
G_PLUS_P|log1p|uniform|strict18|500m,G_PLUS_P|log1p|uniform|permissive|500m,block30,sampled_date_station_year_mean,all_sampled_dates,nonindustrial_higher,primary_2024_2025,bias,ng m-3,a_minus_b,0.012572609605382635,-0.012032569971748069,0.0435748167645897,20,10,1,station,20260921,2000,54d313e95dc309aa2e8ef845fd41708208c653e62ac636636faccd8f7f1e8a69
G_PLUS_P|log1p|uniform|strict18|500m,G_PLUS_P|log1p|uniform|permissive|500m,block30,sampled_date_station_year_mean,all_sampled_dates,nonindustrial_lower,primary_2024_2025,RMSE,ng m-3,a_minus_b,8.340046187501476e-05,-0.003796760101901351,0.003330267338437006,20,10,1,station,20260921,2000,670d7f6c2b4a419dd7125e6759a5a484d1cc22269df900a9e6b8100ba467cbdc
G_PLUS_P|log1p|uniform|strict18|500m,G_PLUS_P|log1p|uniform|permissive|500m,block30,sampled_date_station_year_mean,all_sampled_dates,nonindustrial_lower,primary_2024_2025,MAE,ng m-3,a_minus_b,-0.0014645203526165787,-0.004978632797998259,0.00244723180563977,20,10,1,station,20260921,2000,670d7f6c2b4a419dd7125e6759a5a484d1cc22269df900a9e6b8100ba467cbdc
G_PLUS_P|log1p|uniform|strict18|500m,G_PLUS_P|log1p|uniform|permissive|500m,block30,sampled_date_station_year_mean,all_sampled_dates,nonindustrial_lower,primary_2024_2025,bias,ng m-3,a_minus_b,0.00018084159404812682,-0.0058609168774123805,0.005225238944406798,20,10,1,station,20260921,2000,670d7f6c2b4a419dd7125e6759a5a484d1cc22269df900a9e6b8100ba467cbdc
G_PLUS_P|log1p|uniform|strict18|500m,G_PLUS_P|log1p|uniform|permissive|500m,loso,daily,all_expected_targets,all_network,primary_2024_2025,RMSE,ng m-3,a_minus_b,-0.0038024965466396665,-0.03100911746280508,0.02393215606922048,5089,21,1,station,20260921,2000,49422f1082065a9d47ebdfaf52caf564b1c3e1dad3fba927ae8da3a978f385a0
G_PLUS_P|log1p|uniform|strict18|500m,G_PLUS_P|log1p|uniform|permissive|500m,loso,daily,all_expected_targets,all_network,primary_2024_2025,MAE,ng m-3,a_minus_b,-0.003868463752804252,-0.022011625867079054,0.013888601120790944,5089,21,1,station,20260921,2000,49422f1082065a9d47ebdfaf52caf564b1c3e1dad3fba927ae8da3a978f385a0
G_PLUS_P|log1p|uniform|strict18|500m,G_PLUS_P|log1p|uniform|permissive|500m,loso,daily,all_expected_targets,all_network,primary_2024_2025,bias,ng m-3,a_minus_b,-0.001121891039886025,-0.02838206587268626,0.02451372041971111,5089,21,1,station,20260921,2000,49422f1082065a9d47ebdfaf52caf564b1c3e1dad3fba927ae8da3a978f385a0
G_PLUS_P|log1p|uniform|strict18|500m,G_PLUS_P|log1p|uniform|permissive|500m,loso,daily,all_expected_targets,nonindustrial,primary_2024_2025,RMSE,ng m-3,a_minus_b,-0.0024385197479918075,-0.04118721082265757,0.03361386644808754,4852,20,1,station,20260921,2000,5d1137882eec8537744050437f9ce1b569790644db3bdcfe69d5597e07b2e781
G_PLUS_P|log1p|uniform|strict18|500m,G_PLUS_P|log1p|uniform|permissive|500m,loso,daily,all_expected_targets,nonindustrial,primary_2024_2025,MAE,ng m-3,a_minus_b,-0.004092356461807556,-0.02332301746297226,0.014941443874333176,4852,20,1,station,20260921,2000,5d1137882eec8537744050437f9ce1b569790644db3bdcfe69d5597e07b2e781
G_PLUS_P|log1p|uniform|strict18|500m,G_PLUS_P|log1p|uniform|permissive|500m,loso,daily,all_expected_targets,nonindustrial,primary_2024_2025,bias,ng m-3,a_minus_b,-0.002090755290047405,-0.03104796973171045,0.025244080524246457,4852,20,1,station,20260921,2000,5d1137882eec8537744050437f9ce1b569790644db3bdcfe69d5597e07b2e781
G_PLUS_P|log1p|uniform|strict18|500m,G_PLUS_P|log1p|uniform|permissive|500m,loso,daily,all_expected_targets,nonindustrial_higher,primary_2024_2025,RMSE,ng m-3,a_minus_b,-0.00929672814771787,-0.06852155671703448,0.04531003906944279,2394,10,1,station,20260921,2000,62f59d22b59dd9d7e2e072c7b3fe63144e2f3e8824a30706c4074510f362197d
G_PLUS_P|log1p|uniform|strict18|500m,G_PLUS_P|log1p|uniform|permissive|500m,loso,daily,all_expected_targets,nonindustrial_higher,primary_2024_2025,MAE,ng m-3,a_minus_b,-0.005718524795258917,-0.03031734269805766,0.01708405465291798,2394,10,1,station,20260921,2000,62f59d22b59dd9d7e2e072c7b3fe63144e2f3e8824a30706c4074510f362197d
G_PLUS_P|log1p|uniform|strict18|500m,G_PLUS_P|log1p|uniform|permissive|500m,loso,daily,all_expected_targets,nonindustrial_higher,primary_2024_2025,bias,ng m-3,a_minus_b,-0.0071860605004803735,-0.04729143048574277,0.03039000175781276,2394,10,1,station,20260921,2000,62f59d22b59dd9d7e2e072c7b3fe63144e2f3e8824a30706c4074510f362197d
G_PLUS_P|log1p|uniform|strict18|500m,G_PLUS_P|log1p|uniform|permissive|500m,loso,daily,all_expected_targets,nonindustrial_lower,primary_2024_2025,RMSE,ng m-3,a_minus_b,0.009202248748585107,-0.0313918245096397,0.04472529608792712,2458,10,1,station,20260921,2000,b29a851546d291a0d2f7dfae9c12846445d0e09a394514e7c02a871b374d99af
G_PLUS_P|log1p|uniform|strict18|500m,G_PLUS_P|log1p|uniform|permissive|500m,loso,daily,all_expected_targets,nonindustrial_lower,primary_2024_2025,MAE,ng m-3,a_minus_b,-0.002508529370561452,-0.02997970526532841,0.02661842757759729,2458,10,1,station,20260921,2000,b29a851546d291a0d2f7dfae9c12846445d0e09a394514e7c02a871b374d99af
G_PLUS_P|log1p|uniform|strict18|500m,G_PLUS_P|log1p|uniform|permissive|500m,loso,daily,all_expected_targets,nonindustrial_lower,primary_2024_2025,bias,ng m-3,a_minus_b,0.0028718812737346944,-0.03587743512485843,0.039748971942431044,2458,10,1,station,20260921,2000,b29a851546d291a0d2f7dfae9c12846445d0e09a394514e7c02a871b374d99af
G_PLUS_P|log1p|uniform|strict18|500m,G_PLUS_P|log1p|uniform|permissive|500m,loso,sampled_date_station_year_mean,all_sampled_dates,all_network,primary_2024_2025,RMSE,ng m-3,a_minus_b,-0.005696825890178836,-0.03473753318220837,0.016354312899268246,42,21,1,station,20260921,2000,a4b83f112a2a39d7bb39c1c70c56f5678dc7ac9449f27af54e02cbafaafd9a52
G_PLUS_P|log1p|uniform|strict18|500m,G_PLUS_P|log1p|uniform|permissive|500m,loso,sampled_date_station_year_mean,all_sampled_dates,all_network,primary_2024_2025,MAE,ng m-3,a_minus_b,-0.020447398059080524,-0.04262252781461518,0.0011627153829711298,42,21,1,station,20260921,2000,a4b83f112a2a39d7bb39c1c70c56f5678dc7ac9449f27af54e02cbafaafd9a52
G_PLUS_P|log1p|uniform|strict18|500m,G_PLUS_P|log1p|uniform|permissive|500m,loso,sampled_date_station_year_mean,all_sampled_dates,all_network,primary_2024_2025,bias,ng m-3,a_minus_b,0.0036485388448348477,-0.02130251249906925,0.026555319296045623,42,21,1,station,20260921,2000,a4b83f112a2a39d7bb39c1c70c56f5678dc7ac9449f27af54e02cbafaafd9a52
G_PLUS_P|log1p|uniform|strict18|500m,G_PLUS_P|log1p|uniform|permissive|500m,loso,sampled_date_station_year_mean,all_sampled_dates,nonindustrial,primary_2024_2025,RMSE,ng m-3,a_minus_b,-0.007189734197190767,-0.041174101544124056,0.022956274804469847,40,20,1,station,20260921,2000,75f77a11b57c142012fafa94a0442f20d6ba5eff6db77fdddfbfa204481e78df
G_PLUS_P|log1p|uniform|strict18|500m,G_PLUS_P|log1p|uniform|permissive|500m,loso,sampled_date_station_year_mean,all_sampled_dates,nonindustrial,primary_2024_2025,MAE,ng m-3,a_minus_b,-0.020533979346256864,-0.04399556679977928,0.00141849875558647,40,20,1,station,20260921,2000,75f77a11b57c142012fafa94a0442f20d6ba5eff6db77fdddfbfa204481e78df
G_PLUS_P|log1p|uniform|strict18|500m,G_PLUS_P|log1p|uniform|permissive|500m,loso,sampled_date_station_year_mean,all_sampled_dates,nonindustrial,primary_2024_2025,bias,ng m-3,a_minus_b,0.0028951771712987587,-0.023237401898766153,0.02668388926861965,40,20,1,station,20260921,2000,75f77a11b57c142012fafa94a0442f20d6ba5eff6db77fdddfbfa204481e78df
G_PLUS_P|log1p|uniform|strict18|500m,G_PLUS_P|log1p|uniform|permissive|500m,loso,sampled_date_station_year_mean,all_sampled_dates,nonindustrial_higher,primary_2024_2025,RMSE,ng m-3,a_minus_b,-0.036394048129516965,-0.062361616263527646,-0.006228875058592186,20,10,1,station,20260921,2000,54d313e95dc309aa2e8ef845fd41708208c653e62ac636636faccd8f7f1e8a69
G_PLUS_P|log1p|uniform|strict18|500m,G_PLUS_P|log1p|uniform|permissive|500m,loso,sampled_date_station_year_mean,all_sampled_dates,nonindustrial_higher,primary_2024_2025,MAE,ng m-3,a_minus_b,-0.03204768944353015,-0.0643207485892128,-0.003300487597659433,20,10,1,station,20260921,2000,54d313e95dc309aa2e8ef845fd41708208c653e62ac636636faccd8f7f1e8a69
G_PLUS_P|log1p|uniform|strict18|500m,G_PLUS_P|log1p|uniform|permissive|500m,loso,sampled_date_station_year_mean,all_sampled_dates,nonindustrial_higher,primary_2024_2025,bias,ng m-3,a_minus_b,-0.0020307700659351613,-0.03961662692151337,0.03270849954916485,20,10,1,station,20260921,2000,54d313e95dc309aa2e8ef845fd41708208c653e62ac636636faccd8f7f1e8a69
G_PLUS_P|log1p|uniform|strict18|500m,G_PLUS_P|log1p|uniform|permissive|500m,loso,sampled_date_station_year_mean,all_sampled_dates,nonindustrial_lower,primary_2024_2025,RMSE,ng m-3,a_minus_b,0.022806922533087137,-0.03984614528520561,0.0542118351047759,20,10,1,station,20260921,2000,670d7f6c2b4a419dd7125e6759a5a484d1cc22269df900a9e6b8100ba467cbdc
G_PLUS_P|log1p|uniform|strict18|500m,G_PLUS_P|log1p|uniform|permissive|500m,loso,sampled_date_station_year_mean,all_sampled_dates,nonindustrial_lower,primary_2024_2025,MAE,ng m-3,a_minus_b,-0.009020269248983581,-0.03906155411601318,0.02322718452069726,20,10,1,station,20260921,2000,670d7f6c2b4a419dd7125e6759a5a484d1cc22269df900a9e6b8100ba467cbdc
G_PLUS_P|log1p|uniform|strict18|500m,G_PLUS_P|log1p|uniform|permissive|500m,loso,sampled_date_station_year_mean,all_sampled_dates,nonindustrial_lower,primary_2024_2025,bias,ng m-3,a_minus_b,0.007821124408532665,-0.026830676960554075,0.040279816679384454,20,10,1,station,20260921,2000,670d7f6c2b4a419dd7125e6759a5a484d1cc22269df900a9e6b8100ba467cbdc
M_AUX|log1p|uniform|permissive|2km_exact,M_AUX|log1p|inverse_1_over_bap_plus_0_5|permissive|2km_exact,block30,daily,all_expected_targets,all_network,primary_2024_2025,RMSE,ng m-3,a_minus_b,-0.1048400839632131,-0.21242814919546504,0.013529872810516942,5089,21,25,station_x_block,20260921,2000,49422f1082065a9d47ebdfaf52caf564b1c3e1dad3fba927ae8da3a978f385a0
M_AUX|log1p|uniform|permissive|2km_exact,M_AUX|log1p|inverse_1_over_bap_plus_0_5|permissive|2km_exact,block30,daily,all_expected_targets,all_network,primary_2024_2025,MAE,ng m-3,a_minus_b,-0.0070770793603065485,-0.03471800525557904,0.013138939942038701,5089,21,25,station_x_block,20260921,2000,49422f1082065a9d47ebdfaf52caf564b1c3e1dad3fba927ae8da3a978f385a0
M_AUX|log1p|uniform|permissive|2km_exact,M_AUX|log1p|inverse_1_over_bap_plus_0_5|permissive|2km_exact,block30,daily,all_expected_targets,all_network,primary_2024_2025,bias,ng m-3,a_minus_b,0.0893148974986441,0.022920278128384382,0.192592092040501,5089,21,25,station_x_block,20260921,2000,49422f1082065a9d47ebdfaf52caf564b1c3e1dad3fba927ae8da3a978f385a0
M_AUX|log1p|uniform|permissive|2km_exact,M_AUX|log1p|inverse_1_over_bap_plus_0_5|permissive|2km_exact,block30,daily,all_expected_targets,nonindustrial,primary_2024_2025,RMSE,ng m-3,a_minus_b,-0.016350726939217908,-0.05838875668847315,0.023605662080596584,4852,20,25,station_x_block,20260921,2000,5d1137882eec8537744050437f9ce1b569790644db3bdcfe69d5597e07b2e781
M_AUX|log1p|uniform|permissive|2km_exact,M_AUX|log1p|inverse_1_over_bap_plus_0_5|permissive|2km_exact,block30,daily,all_expected_targets,nonindustrial,primary_2024_2025,MAE,ng m-3,a_minus_b,0.0029199175753090723,-0.012880034969387335,0.01576666657886786,4852,20,25,station_x_block,20260921,2000,5d1137882eec8537744050437f9ce1b569790644db3bdcfe69d5597e07b2e781
M_AUX|log1p|uniform|permissive|2km_exact,M_AUX|log1p|inverse_1_over_bap_plus_0_5|permissive|2km_exact,block30,daily,all_expected_targets,nonindustrial,primary_2024_2025,bias,ng m-3,a_minus_b,0.04645403900465787,0.015445801979827705,0.0845979587395774,4852,20,25,station_x_block,20260921,2000,5d1137882eec8537744050437f9ce1b569790644db3bdcfe69d5597e07b2e781
M_AUX|log1p|uniform|permissive|2km_exact,M_AUX|log1p|inverse_1_over_bap_plus_0_5|permissive|2km_exact,block30,daily,all_expected_targets,nonindustrial_higher,primary_2024_2025,RMSE,ng m-3,a_minus_b,-0.026200351079483264,-0.09893349918056091,0.03415430025820196,2394,10,25,station_x_block,20260921,2000,62f59d22b59dd9d7e2e072c7b3fe63144e2f3e8824a30706c4074510f362197d
M_AUX|log1p|uniform|permissive|2km_exact,M_AUX|log1p|inverse_1_over_bap_plus_0_5|permissive|2km_exact,block30,daily,all_expected_targets,nonindustrial_higher,primary_2024_2025,MAE,ng m-3,a_minus_b,0.002982398774686701,-0.03097537282222454,0.02907738655491803,2394,10,25,station_x_block,20260921,2000,62f59d22b59dd9d7e2e072c7b3fe63144e2f3e8824a30706c4074510f362197d
M_AUX|log1p|uniform|permissive|2km_exact,M_AUX|log1p|inverse_1_over_bap_plus_0_5|permissive|2km_exact,block30,daily,all_expected_targets,nonindustrial_higher,primary_2024_2025,bias,ng m-3,a_minus_b,0.06657942357869673,0.011163993914072223,0.12890554623136374,2394,10,25,station_x_block,20260921,2000,62f59d22b59dd9d7e2e072c7b3fe63144e2f3e8824a30706c4074510f362197d
M_AUX|log1p|uniform|permissive|2km_exact,M_AUX|log1p|inverse_1_over_bap_plus_0_5|permissive|2km_exact,block30,daily,all_expected_targets,nonindustrial_lower,primary_2024_2025,RMSE,ng m-3,a_minus_b,0.002793532537854193,-0.01282321573131925,0.021963136824098378,2458,10,25,station_x_block,20260921,2000,b29a851546d291a0d2f7dfae9c12846445d0e09a394514e7c02a871b374d99af
M_AUX|log1p|uniform|permissive|2km_exact,M_AUX|log1p|inverse_1_over_bap_plus_0_5|permissive|2km_exact,block30,daily,all_expected_targets,nonindustrial_lower,primary_2024_2025,MAE,ng m-3,a_minus_b,0.002859063225711972,-0.005574289390237293,0.01359864053958531,2458,10,25,station_x_block,20260921,2000,b29a851546d291a0d2f7dfae9c12846445d0e09a394514e7c02a871b374d99af
M_AUX|log1p|uniform|permissive|2km_exact,M_AUX|log1p|inverse_1_over_bap_plus_0_5|permissive|2km_exact,block30,daily,all_expected_targets,nonindustrial_lower,primary_2024_2025,bias,ng m-3,a_minus_b,0.026852667698616762,0.007437249252349489,0.05635841703086758,2458,10,25,station_x_block,20260921,2000,b29a851546d291a0d2f7dfae9c12846445d0e09a394514e7c02a871b374d99af
M_AUX|log1p|uniform|permissive|2km_exact,M_AUX|log1p|inverse_1_over_bap_plus_0_5|permissive|2km_exact,block30,sampled_date_station_year_mean,all_sampled_dates,all_network,primary_2024_2025,RMSE,ng m-3,a_minus_b,-0.2118755119452092,-0.36655008018102386,-0.009192947363019116,42,21,1,station,20260921,2000,a4b83f112a2a39d7bb39c1c70c56f5678dc7ac9449f27af54e02cbafaafd9a52
M_AUX|log1p|uniform|permissive|2km_exact,M_AUX|log1p|inverse_1_over_bap_plus_0_5|permissive|2km_exact,block30,sampled_date_station_year_mean,all_sampled_dates,all_network,primary_2024_2025,MAE,ng m-3,a_minus_b,-0.0641853995712694,-0.1590749733534617,-0.006817402805089163,42,21,1,station,20260921,2000,a4b83f112a2a39d7bb39c1c70c56f5678dc7ac9449f27af54e02cbafaafd9a52
M_AUX|log1p|uniform|permissive|2km_exact,M_AUX|log1p|inverse_1_over_bap_plus_0_5|permissive|2km_exact,block30,sampled_date_station_year_mean,all_sampled_dates,all_network,primary_2024_2025,bias,ng m-3,a_minus_b,0.09167680720482214,0.0369404227587719,0.1848172181599304,42,21,1,station,20260921,2000,a4b83f112a2a39d7bb39c1c70c56f5678dc7ac9449f27af54e02cbafaafd9a52
M_AUX|log1p|uniform|permissive|2km_exact,M_AUX|log1p|inverse_1_over_bap_plus_0_5|permissive|2km_exact,block30,sampled_date_station_year_mean,all_sampled_dates,nonindustrial,primary_2024_2025,RMSE,ng m-3,a_minus_b,-0.028165967210090084,-0.05035422129664616,-0.004668103106023726,40,20,1,station,20260921,2000,75f77a11b57c142012fafa94a0442f20d6ba5eff6db77fdddfbfa204481e78df
M_AUX|log1p|uniform|permissive|2km_exact,M_AUX|log1p|inverse_1_over_bap_plus_0_5|permissive|2km_exact,block30,sampled_date_station_year_mean,all_sampled_dates,nonindustrial,primary_2024_2025,MAE,ng m-3,a_minus_b,-0.019021335384115767,-0.03678332513581961,-0.003477279023080711,40,20,1,station,20260921,2000,75f77a11b57c142012fafa94a0442f20d6ba5eff6db77fdddfbfa204481e78df
M_AUX|log1p|uniform|permissive|2km_exact,M_AUX|log1p|inverse_1_over_bap_plus_0_5|permissive|2km_exact,block30,sampled_date_station_year_mean,all_sampled_dates,nonindustrial,primary_2024_2025,bias,ng m-3,a_minus_b,0.04788731339934611,0.03326690262140942,0.06375751388329469,40,20,1,station,20260921,2000,75f77a11b57c142012fafa94a0442f20d6ba5eff6db77fdddfbfa204481e78df
M_AUX|log1p|uniform|permissive|2km_exact,M_AUX|log1p|inverse_1_over_bap_plus_0_5|permissive|2km_exact,block30,sampled_date_station_year_mean,all_sampled_dates,nonindustrial_higher,primary_2024_2025,RMSE,ng m-3,a_minus_b,-0.043963225038818485,-0.07344135644578748,-0.009818794979328084,20,10,1,station,20260921,2000,54d313e95dc309aa2e8ef845fd41708208c653e62ac636636faccd8f7f1e8a69
M_AUX|log1p|uniform|permissive|2km_exact,M_AUX|log1p|inverse_1_over_bap_plus_0_5|permissive|2km_exact,block30,sampled_date_station_year_mean,all_sampled_dates,nonindustrial_higher,primary_2024_2025,MAE,ng m-3,a_minus_b,-0.04079860618036674,-0.06793424246275746,-0.014479987882547514,20,10,1,station,20260921,2000,54d313e95dc309aa2e8ef845fd41708208c653e62ac636636faccd8f7f1e8a69
M_AUX|log1p|uniform|permissive|2km_exact,M_AUX|log1p|inverse_1_over_bap_plus_0_5|permissive|2km_exact,block30,sampled_date_station_year_mean,all_sampled_dates,nonindustrial_higher,primary_2024_2025,bias,ng m-3,a_minus_b,0.06831891901171662,0.04930718983578597,0.08717135079880026,20,10,1,station,20260921,2000,54d313e95dc309aa2e8ef845fd41708208c653e62ac636636faccd8f7f1e8a69
M_AUX|log1p|uniform|permissive|2km_exact,M_AUX|log1p|inverse_1_over_bap_plus_0_5|permissive|2km_exact,block30,sampled_date_station_year_mean,all_sampled_dates,nonindustrial_lower,primary_2024_2025,RMSE,ng m-3,a_minus_b,0.0008710324097043406,-0.006463916618936279,0.010421574345475788,20,10,1,station,20260921,2000,670d7f6c2b4a419dd7125e6759a5a484d1cc22269df900a9e6b8100ba467cbdc
M_AUX|log1p|uniform|permissive|2km_exact,M_AUX|log1p|inverse_1_over_bap_plus_0_5|permissive|2km_exact,block30,sampled_date_station_year_mean,all_sampled_dates,nonindustrial_lower,primary_2024_2025,MAE,ng m-3,a_minus_b,0.002755935412135195,-0.004853358906930857,0.00993769376035086,20,10,1,station,20260921,2000,670d7f6c2b4a419dd7125e6759a5a484d1cc22269df900a9e6b8100ba467cbdc
M_AUX|log1p|uniform|permissive|2km_exact,M_AUX|log1p|inverse_1_over_bap_plus_0_5|permissive|2km_exact,block30,sampled_date_station_year_mean,all_sampled_dates,nonindustrial_lower,primary_2024_2025,bias,ng m-3,a_minus_b,0.027455707786975585,0.013686622171878906,0.04405840275399567,20,10,1,station,20260921,2000,670d7f6c2b4a419dd7125e6759a5a484d1cc22269df900a9e6b8100ba467cbdc
M_AUX|log1p|uniform|permissive|2km_exact,M_AUX|log1p|inverse_1_over_bap_plus_0_5|permissive|2km_exact,dispersed_mod9,daily,all_expected_targets,all_network,primary_2024_2025,RMSE,ng m-3,a_minus_b,-0.11123990358887648,-0.20441636119979573,0.0016702444180334993,5089,21,1,station,20260921,2000,49422f1082065a9d47ebdfaf52caf564b1c3e1dad3fba927ae8da3a978f385a0
M_AUX|log1p|uniform|permissive|2km_exact,M_AUX|log1p|inverse_1_over_bap_plus_0_5|permissive|2km_exact,dispersed_mod9,daily,all_expected_targets,all_network,primary_2024_2025,MAE,ng m-3,a_minus_b,-0.011237946915773178,-0.038965014902159485,0.008649064307456506,5089,21,1,station,20260921,2000,49422f1082065a9d47ebdfaf52caf564b1c3e1dad3fba927ae8da3a978f385a0
M_AUX|log1p|uniform|permissive|2km_exact,M_AUX|log1p|inverse_1_over_bap_plus_0_5|permissive|2km_exact,dispersed_mod9,daily,all_expected_targets,all_network,primary_2024_2025,bias,ng m-3,a_minus_b,0.10197293667635488,0.04123243711102794,0.20742326684686824,5089,21,1,station,20260921,2000,49422f1082065a9d47ebdfaf52caf564b1c3e1dad3fba927ae8da3a978f385a0
M_AUX|log1p|uniform|permissive|2km_exact,M_AUX|log1p|inverse_1_over_bap_plus_0_5|permissive|2km_exact,dispersed_mod9,daily,all_expected_targets,nonindustrial,primary_2024_2025,RMSE,ng m-3,a_minus_b,-0.01573505167135647,-0.043010692145071694,0.009986470796141076,4852,20,1,station,20260921,2000,5d1137882eec8537744050437f9ce1b569790644db3bdcfe69d5597e07b2e781
M_AUX|log1p|uniform|permissive|2km_exact,M_AUX|log1p|inverse_1_over_bap_plus_0_5|permissive|2km_exact,dispersed_mod9,daily,all_expected_targets,nonindustrial,primary_2024_2025,MAE,ng m-3,a_minus_b,0.0011942549187201612,-0.011395138771271473,0.011582779895849092,4852,20,1,station,20260921,2000,5d1137882eec8537744050437f9ce1b569790644db3bdcfe69d5597e07b2e781
M_AUX|log1p|uniform|permissive|2km_exact,M_AUX|log1p|inverse_1_over_bap_plus_0_5|permissive|2km_exact,dispersed_mod9,daily,all_expected_targets,nonindustrial,primary_2024_2025,bias,ng m-3,a_minus_b,0.054608920384577486,0.036416823277094015,0.07642701364564167,4852,20,1,station,20260921,2000,5d1137882eec8537744050437f9ce1b569790644db3bdcfe69d5597e07b2e781
M_AUX|log1p|uniform|permissive|2km_exact,M_AUX|log1p|inverse_1_over_bap_plus_0_5|permissive|2km_exact,dispersed_mod9,daily,all_expected_targets,nonindustrial_higher,primary_2024_2025,RMSE,ng m-3,a_minus_b,-0.027867152280709573,-0.06614964412858444,0.01070527174483494,2394,10,1,station,20260921,2000,62f59d22b59dd9d7e2e072c7b3fe63144e2f3e8824a30706c4074510f362197d
M_AUX|log1p|uniform|permissive|2km_exact,M_AUX|log1p|inverse_1_over_bap_plus_0_5|permissive|2km_exact,dispersed_mod9,daily,all_expected_targets,nonindustrial_higher,primary_2024_2025,MAE,ng m-3,a_minus_b,-0.0048651645118213405,-0.026953097450507914,0.015675195717234615,2394,10,1,station,20260921,2000,62f59d22b59dd9d7e2e072c7b3fe63144e2f3e8824a30706c4074510f362197d
M_AUX|log1p|uniform|permissive|2km_exact,M_AUX|log1p|inverse_1_over_bap_plus_0_5|permissive|2km_exact,dispersed_mod9,daily,all_expected_targets,nonindustrial_higher,primary_2024_2025,bias,ng m-3,a_minus_b,0.08335430451599832,0.057591583759374815,0.11242365505567947,2394,10,1,station,20260921,2000,62f59d22b59dd9d7e2e072c7b3fe63144e2f3e8824a30706c4074510f362197d
M_AUX|log1p|uniform|permissive|2km_exact,M_AUX|log1p|inverse_1_over_bap_plus_0_5|permissive|2km_exact,dispersed_mod9,daily,all_expected_targets,nonindustrial_lower,primary_2024_2025,RMSE,ng m-3,a_minus_b,0.009042358151054697,-0.014080934286123838,0.02948645652883132,2458,10,1,station,20260921,2000,b29a851546d291a0d2f7dfae9c12846445d0e09a394514e7c02a871b374d99af
M_AUX|log1p|uniform|permissive|2km_exact,M_AUX|log1p|inverse_1_over_bap_plus_0_5|permissive|2km_exact,dispersed_mod9,daily,all_expected_targets,nonindustrial_lower,primary_2024_2025,MAE,ng m-3,a_minus_b,0.007095902647245689,-0.0010236177780098416,0.016657884746845677,2458,10,1,station,20260921,2000,b29a851546d291a0d2f7dfae9c12846445d0e09a394514e7c02a871b374d99af
M_AUX|log1p|uniform|permissive|2km_exact,M_AUX|log1p|inverse_1_over_bap_plus_0_5|permissive|2km_exact,dispersed_mod9,daily,all_expected_targets,nonindustrial_lower,primary_2024_2025,bias,ng m-3,a_minus_b,0.026611992145919444,0.011581693800485232,0.044361795715833534,2458,10,1,station,20260921,2000,b29a851546d291a0d2f7dfae9c12846445d0e09a394514e7c02a871b374d99af
G_PLUS_P|identity|uniform|permissive|500m,G_PLUS_P|log1p|uniform|permissive|500m,block30,daily,all_expected_targets,all_network,primary_2024_2025,RMSE,ng m-3,a_minus_b,0.05769645320610861,-0.005426535540708294,0.14844078454422216,5089,21,25,station_x_block,20260921,2000,49422f1082065a9d47ebdfaf52caf564b1c3e1dad3fba927ae8da3a978f385a0
G_PLUS_P|identity|uniform|permissive|500m,G_PLUS_P|log1p|uniform|permissive|500m,block30,daily,all_expected_targets,all_network,primary_2024_2025,MAE,ng m-3,a_minus_b,0.07331674191560034,0.042703095445560384,0.11035356030974211,5089,21,25,station_x_block,20260921,2000,49422f1082065a9d47ebdfaf52caf564b1c3e1dad3fba927ae8da3a978f385a0
G_PLUS_P|identity|uniform|permissive|500m,G_PLUS_P|log1p|uniform|permissive|500m,block30,daily,all_expected_targets,all_network,primary_2024_2025,bias,ng m-3,a_minus_b,0.16907411734111025,0.08028438278094509,0.288614079835194,5089,21,25,station_x_block,20260921,2000,49422f1082065a9d47ebdfaf52caf564b1c3e1dad3fba927ae8da3a978f385a0
G_PLUS_P|identity|uniform|permissive|500m,G_PLUS_P|log1p|uniform|permissive|500m,block30,daily,all_expected_targets,nonindustrial,primary_2024_2025,RMSE,ng m-3,a_minus_b,0.09242481853942175,0.023328059080746276,0.16693323393461926,4852,20,25,station_x_block,20260921,2000,5d1137882eec8537744050437f9ce1b569790644db3bdcfe69d5597e07b2e781
G_PLUS_P|identity|uniform|permissive|500m,G_PLUS_P|log1p|uniform|permissive|500m,block30,daily,all_expected_targets,nonindustrial,primary_2024_2025,MAE,ng m-3,a_minus_b,0.06480609620331612,0.038616952496065705,0.0955098028881726,4852,20,25,station_x_block,20260921,2000,5d1137882eec8537744050437f9ce1b569790644db3bdcfe69d5597e07b2e781
G_PLUS_P|identity|uniform|permissive|500m,G_PLUS_P|log1p|uniform|permissive|500m,block30,daily,all_expected_targets,nonindustrial,primary_2024_2025,bias,ng m-3,a_minus_b,0.12300997296350163,0.07076322136690993,0.18957303731336167,4852,20,25,station_x_block,20260921,2000,5d1137882eec8537744050437f9ce1b569790644db3bdcfe69d5597e07b2e781
G_PLUS_P|identity|uniform|permissive|500m,G_PLUS_P|log1p|uniform|permissive|500m,block30,daily,all_expected_targets,nonindustrial_higher,primary_2024_2025,RMSE,ng m-3,a_minus_b,0.10567892167415849,0.013051488524957725,0.2010988538009792,2394,10,25,station_x_block,20260921,2000,62f59d22b59dd9d7e2e072c7b3fe63144e2f3e8824a30706c4074510f362197d
G_PLUS_P|identity|uniform|permissive|500m,G_PLUS_P|log1p|uniform|permissive|500m,block30,daily,all_expected_targets,nonindustrial_higher,primary_2024_2025,MAE,ng m-3,a_minus_b,0.07429234867802831,0.03588971667629581,0.11939580477706675,2394,10,25,station_x_block,20260921,2000,62f59d22b59dd9d7e2e072c7b3fe63144e2f3e8824a30706c4074510f362197d
G_PLUS_P|identity|uniform|permissive|500m,G_PLUS_P|log1p|uniform|permissive|500m,block30,daily,all_expected_targets,nonindustrial_higher,primary_2024_2025,bias,ng m-3,a_minus_b,0.16152055183241437,0.0882052152580258,0.24686356043562144,2394,10,25,station_x_block,20260921,2000,62f59d22b59dd9d7e2e072c7b3fe63144e2f3e8824a30706c4074510f362197d
G_PLUS_P|identity|uniform|permissive|500m,G_PLUS_P|log1p|uniform|permissive|500m,block30,daily,all_expected_targets,nonindustrial_lower,primary_2024_2025,RMSE,ng m-3,a_minus_b,0.08642078538221015,0.02468197483726135,0.16874432596658212,2458,10,25,station_x_block,20260921,2000,b29a851546d291a0d2f7dfae9c12846445d0e09a394514e7c02a871b374d99af
G_PLUS_P|identity|uniform|permissive|500m,G_PLUS_P|log1p|uniform|permissive|500m,block30,daily,all_expected_targets,nonindustrial_lower,primary_2024_2025,MAE,ng m-3,a_minus_b,0.055566841352030105,0.034472035009943926,0.08151949068999381,2458,10,25,station_x_block,20260921,2000,b29a851546d291a0d2f7dfae9c12846445d0e09a394514e7c02a871b374d99af
G_PLUS_P|identity|uniform|permissive|500m,G_PLUS_P|log1p|uniform|permissive|500m,block30,daily,all_expected_targets,nonindustrial_lower,primary_2024_2025,bias,ng m-3,a_minus_b,0.08550211055008543,0.044148402796198014,0.14187119927989547,2458,10,25,station_x_block,20260921,2000,b29a851546d291a0d2f7dfae9c12846445d0e09a394514e7c02a871b374d99af
G_PLUS_P|identity|uniform|permissive|500m,G_PLUS_P|log1p|uniform|permissive|500m,block30,sampled_date_station_year_mean,all_sampled_dates,all_network,primary_2024_2025,RMSE,ng m-3,a_minus_b,-0.13795049572573898,-0.3390780566952056,0.10778769133377585,42,21,1,station,20260921,2000,a4b83f112a2a39d7bb39c1c70c56f5678dc7ac9449f27af54e02cbafaafd9a52
G_PLUS_P|identity|uniform|permissive|500m,G_PLUS_P|log1p|uniform|permissive|500m,block30,sampled_date_station_year_mean,all_sampled_dates,all_network,primary_2024_2025,MAE,ng m-3,a_minus_b,0.013064141597896511,-0.11044934505619457,0.09234993901129966,42,21,1,station,20260921,2000,a4b83f112a2a39d7bb39c1c70c56f5678dc7ac9449f27af54e02cbafaafd9a52
G_PLUS_P|identity|uniform|permissive|500m,G_PLUS_P|log1p|uniform|permissive|500m,block30,sampled_date_station_year_mean,all_sampled_dates,all_network,primary_2024_2025,bias,ng m-3,a_minus_b,0.17311883000428308,0.1053126272833651,0.2774602969218359,42,21,1,station,20260921,2000,a4b83f112a2a39d7bb39c1c70c56f5678dc7ac9449f27af54e02cbafaafd9a52
G_PLUS_P|identity|uniform|permissive|500m,G_PLUS_P|log1p|uniform|permissive|500m,block30,sampled_date_station_year_mean,all_sampled_dates,nonindustrial,primary_2024_2025,RMSE,ng m-3,a_minus_b,0.08066217910109587,0.041765458639498196,0.11820498736872695,40,20,1,station,20260921,2000,75f77a11b57c142012fafa94a0442f20d6ba5eff6db77fdddfbfa204481e78df
G_PLUS_P|identity|uniform|permissive|500m,G_PLUS_P|log1p|uniform|permissive|500m,block30,sampled_date_station_year_mean,all_sampled_dates,nonindustrial,primary_2024_2025,MAE,ng m-3,a_minus_b,0.06936742477907673,0.03976422925064078,0.09946855460584454,40,20,1,station,20260921,2000,75f77a11b57c142012fafa94a0442f20d6ba5eff6db77fdddfbfa204481e78df
G_PLUS_P|identity|uniform|permissive|500m,G_PLUS_P|log1p|uniform|permissive|500m,block30,sampled_date_station_year_mean,all_sampled_dates,nonindustrial,primary_2024_2025,bias,ng m-3,a_minus_b,0.1261246954032118,0.09831356954635337,0.156124152638447,40,20,1,station,20260921,2000,75f77a11b57c142012fafa94a0442f20d6ba5eff6db77fdddfbfa204481e78df
G_PLUS_P|identity|uniform|permissive|500m,G_PLUS_P|log1p|uniform|permissive|500m,block30,sampled_date_station_year_mean,all_sampled_dates,nonindustrial_higher,primary_2024_2025,RMSE,ng m-3,a_minus_b,0.1008366444539836,0.03330372882881163,0.157781616329371,20,10,1,station,20260921,2000,54d313e95dc309aa2e8ef845fd41708208c653e62ac636636faccd8f7f1e8a69
G_PLUS_P|identity|uniform|permissive|500m,G_PLUS_P|log1p|uniform|permissive|500m,block30,sampled_date_station_year_mean,all_sampled_dates,nonindustrial_higher,primary_2024_2025,MAE,ng m-3,a_minus_b,0.08246648744917831,0.025183163134800124,0.13552527960731114,20,10,1,station,20260921,2000,54d313e95dc309aa2e8ef845fd41708208c653e62ac636636faccd8f7f1e8a69
G_PLUS_P|identity|uniform|permissive|500m,G_PLUS_P|log1p|uniform|permissive|500m,block30,sampled_date_station_year_mean,all_sampled_dates,nonindustrial_higher,primary_2024_2025,bias,ng m-3,a_minus_b,0.16333754172405204,0.12620717341897242,0.20635060397097937,20,10,1,station,20260921,2000,54d313e95dc309aa2e8ef845fd41708208c653e62ac636636faccd8f7f1e8a69
G_PLUS_P|identity|uniform|permissive|500m,G_PLUS_P|log1p|uniform|permissive|500m,block30,sampled_date_station_year_mean,all_sampled_dates,nonindustrial_lower,primary_2024_2025,RMSE,ng m-3,a_minus_b,0.05403704348954472,0.03544313347486442,0.07258966390223445,20,10,1,station,20260921,2000,670d7f6c2b4a419dd7125e6759a5a484d1cc22269df900a9e6b8100ba467cbdc
G_PLUS_P|identity|uniform|permissive|500m,G_PLUS_P|log1p|uniform|permissive|500m,block30,sampled_date_station_year_mean,all_sampled_dates,nonindustrial_lower,primary_2024_2025,MAE,ng m-3,a_minus_b,0.056268362108975206,0.03581730468644933,0.07589732206689254,20,10,1,station,20260921,2000,670d7f6c2b4a419dd7125e6759a5a484d1cc22269df900a9e6b8100ba467cbdc
G_PLUS_P|identity|uniform|permissive|500m,G_PLUS_P|log1p|uniform|permissive|500m,block30,sampled_date_station_year_mean,all_sampled_dates,nonindustrial_lower,primary_2024_2025,bias,ng m-3,a_minus_b,0.08891184908237154,0.06532981967872228,0.11135282860580513,20,10,1,station,20260921,2000,670d7f6c2b4a419dd7125e6759a5a484d1cc22269df900a9e6b8100ba467cbdc
G_PLUS_P|identity|uniform|permissive|500m,G_PLUS_P|log1p|uniform|permissive|500m,loso,daily,all_expected_targets,all_network,primary_2024_2025,RMSE,ng m-3,a_minus_b,-0.009042609141939772,-0.1047373001939597,0.2301896051646746,5089,21,1,station,20260921,2000,49422f1082065a9d47ebdfaf52caf564b1c3e1dad3fba927ae8da3a978f385a0
G_PLUS_P|identity|uniform|permissive|500m,G_PLUS_P|log1p|uniform|permissive|500m,loso,daily,all_expected_targets,all_network,primary_2024_2025,MAE,ng m-3,a_minus_b,0.06926470189854206,-0.004024301357118917,0.1690497127122718,5089,21,1,station,20260921,2000,49422f1082065a9d47ebdfaf52caf564b1c3e1dad3fba927ae8da3a978f385a0
G_PLUS_P|identity|uniform|permissive|500m,G_PLUS_P|log1p|uniform|permissive|500m,loso,daily,all_expected_targets,all_network,primary_2024_2025,bias,ng m-3,a_minus_b,0.17534248712248388,0.0867484037688578,0.27130158940337484,5089,21,1,station,20260921,2000,49422f1082065a9d47ebdfaf52caf564b1c3e1dad3fba927ae8da3a978f385a0
G_PLUS_P|identity|uniform|permissive|500m,G_PLUS_P|log1p|uniform|permissive|500m,loso,daily,all_expected_targets,nonindustrial,primary_2024_2025,RMSE,ng m-3,a_minus_b,0.11749868631574611,-0.002759514043412991,0.26015617383359085,4852,20,1,station,20260921,2000,5d1137882eec8537744050437f9ce1b569790644db3bdcfe69d5597e07b2e781
G_PLUS_P|identity|uniform|permissive|500m,G_PLUS_P|log1p|uniform|permissive|500m,loso,daily,all_expected_targets,nonindustrial,primary_2024_2025,MAE,ng m-3,a_minus_b,0.08651516456708364,0.020821078823784117,0.17626516238640805,4852,20,1,station,20260921,2000,5d1137882eec8537744050437f9ce1b569790644db3bdcfe69d5597e07b2e781
G_PLUS_P|identity|uniform|permissive|500m,G_PLUS_P|log1p|uniform|permissive|500m,loso,daily,all_expected_targets,nonindustrial,primary_2024_2025,bias,ng m-3,a_minus_b,0.16581324991519167,0.07335169684575522,0.26512085223853277,4852,20,1,station,20260921,2000,5d1137882eec8537744050437f9ce1b569790644db3bdcfe69d5597e07b2e781
G_PLUS_P|identity|uniform|permissive|500m,G_PLUS_P|log1p|uniform|permissive|500m,loso,daily,all_expected_targets,nonindustrial_higher,primary_2024_2025,RMSE,ng m-3,a_minus_b,0.01393890409055154,-0.07911397778220268,0.08669522710444187,2394,10,1,station,20260921,2000,62f59d22b59dd9d7e2e072c7b3fe63144e2f3e8824a30706c4074510f362197d
G_PLUS_P|identity|uniform|permissive|500m,G_PLUS_P|log1p|uniform|permissive|500m,loso,daily,all_expected_targets,nonindustrial_higher,primary_2024_2025,MAE,ng m-3,a_minus_b,0.03848603906448622,-0.010646949302645906,0.07612443631975928,2394,10,1,station,20260921,2000,62f59d22b59dd9d7e2e072c7b3fe63144e2f3e8824a30706c4074510f362197d
G_PLUS_P|identity|uniform|permissive|500m,G_PLUS_P|log1p|uniform|permissive|500m,loso,daily,all_expected_targets,nonindustrial_higher,primary_2024_2025,bias,ng m-3,a_minus_b,0.1904706977684294,0.12811105002884196,0.2660618419147954,2394,10,1,station,20260921,2000,62f59d22b59dd9d7e2e072c7b3fe63144e2f3e8824a30706c4074510f362197d
G_PLUS_P|identity|uniform|permissive|500m,G_PLUS_P|log1p|uniform|permissive|500m,loso,daily,all_expected_targets,nonindustrial_lower,primary_2024_2025,RMSE,ng m-3,a_minus_b,0.27175520847864754,0.05217720074021706,0.5000391454763768,2458,10,1,station,20260921,2000,b29a851546d291a0d2f7dfae9c12846445d0e09a394514e7c02a871b374d99af
G_PLUS_P|identity|uniform|permissive|500m,G_PLUS_P|log1p|uniform|permissive|500m,loso,daily,all_expected_targets,nonindustrial_lower,primary_2024_2025,MAE,ng m-3,a_minus_b,0.13329373513389342,0.01969734743098296,0.30443052524263686,2458,10,1,station,20260921,2000,b29a851546d291a0d2f7dfae9c12846445d0e09a394514e7c02a871b374d99af
G_PLUS_P|identity|uniform|permissive|500m,G_PLUS_P|log1p|uniform|permissive|500m,loso,daily,all_expected_targets,nonindustrial_lower,primary_2024_2025,bias,ng m-3,a_minus_b,0.1417978186049186,-0.00064072291970785,0.327932545340321,2458,10,1,station,20260921,2000,b29a851546d291a0d2f7dfae9c12846445d0e09a394514e7c02a871b374d99af
G_PLUS_P|identity|uniform|permissive|500m,G_PLUS_P|log1p|uniform|permissive|500m,loso,sampled_date_station_year_mean,all_sampled_dates,all_network,primary_2024_2025,RMSE,ng m-3,a_minus_b,-0.038994317859795125,-0.13579550564361817,0.2495490697936981,42,21,1,station,20260921,2000,a4b83f112a2a39d7bb39c1c70c56f5678dc7ac9449f27af54e02cbafaafd9a52
G_PLUS_P|identity|uniform|permissive|500m,G_PLUS_P|log1p|uniform|permissive|500m,loso,sampled_date_station_year_mean,all_sampled_dates,all_network,primary_2024_2025,MAE,ng m-3,a_minus_b,0.0007806138966621745,-0.09589906406232349,0.10920736220957261,42,21,1,station,20260921,2000,a4b83f112a2a39d7bb39c1c70c56f5678dc7ac9449f27af54e02cbafaafd9a52
G_PLUS_P|identity|uniform|permissive|500m,G_PLUS_P|log1p|uniform|permissive|500m,loso,sampled_date_station_year_mean,all_sampled_dates,all_network,primary_2024_2025,bias,ng m-3,a_minus_b,0.18602985625752336,0.10503622769424027,0.2758197299600385,42,21,1,station,20260921,2000,a4b83f112a2a39d7bb39c1c70c56f5678dc7ac9449f27af54e02cbafaafd9a52
G_PLUS_P|identity|uniform|permissive|500m,G_PLUS_P|log1p|uniform|permissive|500m,loso,sampled_date_station_year_mean,all_sampled_dates,nonindustrial,primary_2024_2025,RMSE,ng m-3,a_minus_b,0.12595192378368386,-0.06015269137487499,0.27904960320451744,40,20,1,station,20260921,2000,75f77a11b57c142012fafa94a0442f20d6ba5eff6db77fdddfbfa204481e78df
G_PLUS_P|identity|uniform|permissive|500m,G_PLUS_P|log1p|uniform|permissive|500m,loso,sampled_date_station_year_mean,all_sampled_dates,nonindustrial,primary_2024_2025,MAE,ng m-3,a_minus_b,0.019343214250876428,-0.07122698806565073,0.12599095243546524,40,20,1,station,20260921,2000,75f77a11b57c142012fafa94a0442f20d6ba5eff6db77fdddfbfa204481e78df
G_PLUS_P|identity|uniform|permissive|500m,G_PLUS_P|log1p|uniform|permissive|500m,loso,sampled_date_station_year_mean,all_sampled_dates,nonindustrial,primary_2024_2025,bias,ng m-3,a_minus_b,0.17680777941101827,0.09221737698802245,0.2661586392136416,40,20,1,station,20260921,2000,75f77a11b57c142012fafa94a0442f20d6ba5eff6db77fdddfbfa204481e78df
G_PLUS_P|identity|uniform|permissive|500m,G_PLUS_P|log1p|uniform|permissive|500m,loso,sampled_date_station_year_mean,all_sampled_dates,nonindustrial_higher,primary_2024_2025,RMSE,ng m-3,a_minus_b,-0.05725057833571462,-0.15853451210582312,0.0477786669207079,20,10,1,station,20260921,2000,54d313e95dc309aa2e8ef845fd41708208c653e62ac636636faccd8f7f1e8a69
G_PLUS_P|identity|uniform|permissive|500m,G_PLUS_P|log1p|uniform|permissive|500m,loso,sampled_date_station_year_mean,all_sampled_dates,nonindustrial_higher,primary_2024_2025,MAE,ng m-3,a_minus_b,-0.05884860877897885,-0.15438463723032486,0.03695474789498547,20,10,1,station,20260921,2000,54d313e95dc309aa2e8ef845fd41708208c653e62ac636636faccd8f7f1e8a69
G_PLUS_P|identity|uniform|permissive|500m,G_PLUS_P|log1p|uniform|permissive|500m,loso,sampled_date_station_year_mean,all_sampled_dates,nonindustrial_higher,primary_2024_2025,bias,ng m-3,a_minus_b,0.2014698071138535,0.1319087370437367,0.27953076206017047,20,10,1,station,20260921,2000,54d313e95dc309aa2e8ef845fd41708208c653e62ac636636faccd8f7f1e8a69
G_PLUS_P|identity|uniform|permissive|500m,G_PLUS_P|log1p|uniform|permissive|500m,loso,sampled_date_station_year_mean,all_sampled_dates,nonindustrial_lower,primary_2024_2025,RMSE,ng m-3,a_minus_b,0.26256188668262526,-0.003029726991697431,0.4467600692911014,20,10,1,station,20260921,2000,670d7f6c2b4a419dd7125e6759a5a484d1cc22269df900a9e6b8100ba467cbdc
G_PLUS_P|identity|uniform|permissive|500m,G_PLUS_P|log1p|uniform|permissive|500m,loso,sampled_date_station_year_mean,all_sampled_dates,nonindustrial_lower,primary_2024_2025,MAE,ng m-3,a_minus_b,0.09753503728073162,-0.03498439380156987,0.2756703910163286,20,10,1,station,20260921,2000,670d7f6c2b4a419dd7125e6759a5a484d1cc22269df900a9e6b8100ba467cbdc
G_PLUS_P|identity|uniform|permissive|500m,G_PLUS_P|log1p|uniform|permissive|500m,loso,sampled_date_station_year_mean,all_sampled_dates,nonindustrial_lower,primary_2024_2025,bias,ng m-3,a_minus_b,0.15214575170818304,0.021089292915846637,0.32039889830328006,20,10,1,station,20260921,2000,670d7f6c2b4a419dd7125e6759a5a484d1cc22269df900a9e6b8100ba467cbdc
M_AUX|log1p|uniform|permissive|2km_exact,HARMONIC,block30,daily,common_bracketable,all_network,primary_2024_2025,RMSE,ng m-3,a_minus_b,-0.4598993356222436,-0.7676646308749256,-0.25287556666616423,4928,21,24,station_x_block,20260921,2000,00bc7ae1984a0ce5cd9fd33e5d3083b04a748291b39f798dd2b4c7b6ce48c244
M_AUX|log1p|uniform|permissive|2km_exact,HARMONIC,block30,daily,common_bracketable,all_network,primary_2024_2025,MAE,ng m-3,a_minus_b,-0.2979101307518444,-0.49958218483563877,-0.13974966236791592,4928,21,24,station_x_block,20260921,2000,00bc7ae1984a0ce5cd9fd33e5d3083b04a748291b39f798dd2b4c7b6ce48c244
M_AUX|log1p|uniform|permissive|2km_exact,HARMONIC,block30,daily,common_bracketable,all_network,primary_2024_2025,bias,ng m-3,a_minus_b,-0.0685665685202096,-0.2631095261618677,0.08686447824007484,4928,21,24,station_x_block,20260921,2000,00bc7ae1984a0ce5cd9fd33e5d3083b04a748291b39f798dd2b4c7b6ce48c244
M_AUX|log1p|uniform|permissive|2km_exact,HARMONIC,block30,daily,common_bracketable,nonindustrial,primary_2024_2025,RMSE,ng m-3,a_minus_b,-0.5376982697713719,-0.8336307035883651,-0.27202663254180687,4695,20,24,station_x_block,20260921,2000,8f5731751e0aaaccd47e8f85355f1f22d6c44b6617b465c186f9fe855288ecda
M_AUX|log1p|uniform|permissive|2km_exact,HARMONIC,block30,daily,common_bracketable,nonindustrial,primary_2024_2025,MAE,ng m-3,a_minus_b,-0.2530031727215847,-0.4506734854790879,-0.12041399384843116,4695,20,24,station_x_block,20260921,2000,8f5731751e0aaaccd47e8f85355f1f22d6c44b6617b465c186f9fe855288ecda
M_AUX|log1p|uniform|permissive|2km_exact,HARMONIC,block30,daily,common_bracketable,nonindustrial,primary_2024_2025,bias,ng m-3,a_minus_b,-0.017017098842899543,-0.1515821544449478,0.10132836002205574,4695,20,24,station_x_block,20260921,2000,8f5731751e0aaaccd47e8f85355f1f22d6c44b6617b465c186f9fe855288ecda
M_AUX|log1p|uniform|permissive|2km_exact,HARMONIC,block30,daily,common_bracketable,nonindustrial_higher,primary_2024_2025,RMSE,ng m-3,a_minus_b,-0.7537771788122188,-1.0808796323159027,-0.3917495650198302,2334,10,24,station_x_block,20260921,2000,44fd68adb46568c297e40fc03608a790335f27e571c974e2857c24e6de9b3380
M_AUX|log1p|uniform|permissive|2km_exact,HARMONIC,block30,daily,common_bracketable,nonindustrial_higher,primary_2024_2025,MAE,ng m-3,a_minus_b,-0.4274622723079041,-0.6762716590428044,-0.2127073908355776,2334,10,24,station_x_block,20260921,2000,44fd68adb46568c297e40fc03608a790335f27e571c974e2857c24e6de9b3380
M_AUX|log1p|uniform|permissive|2km_exact,HARMONIC,block30,daily,common_bracketable,nonindustrial_higher,primary_2024_2025,bias,ng m-3,a_minus_b,-0.052824085562017606,-0.26874678989478995,0.13895327969550048,2334,10,24,station_x_block,20260921,2000,44fd68adb46568c297e40fc03608a790335f27e571c974e2857c24e6de9b3380
M_AUX|log1p|uniform|permissive|2km_exact,HARMONIC,block30,daily,common_bracketable,nonindustrial_lower,primary_2024_2025,RMSE,ng m-3,a_minus_b,-0.15135101735106393,-0.25925988596819144,-0.04060762045472801,2361,10,24,station_x_block,20260921,2000,3fa9c653d9b1f90a03a3ab0218d295ce74075356d389dffcb62b95171e10d361
M_AUX|log1p|uniform|permissive|2km_exact,HARMONIC,block30,daily,common_bracketable,nonindustrial_lower,primary_2024_2025,MAE,ng m-3,a_minus_b,-0.08053915813688764,-0.15567988836643576,-0.028130764830452182,2361,10,24,station_x_block,20260921,2000,3fa9c653d9b1f90a03a3ab0218d295ce74075356d389dffcb62b95171e10d361
M_AUX|log1p|uniform|permissive|2km_exact,HARMONIC,block30,daily,common_bracketable,nonindustrial_lower,primary_2024_2025,bias,ng m-3,a_minus_b,0.01838040518184487,-0.03573412894864208,0.07372497514988004,2361,10,24,station_x_block,20260921,2000,3fa9c653d9b1f90a03a3ab0218d295ce74075356d389dffcb62b95171e10d361
M_AUX|log1p|uniform|permissive|2km_exact,INTERP_LINEAR,block30,daily,common_bracketable,all_network,primary_2024_2025,RMSE,ng m-3,a_minus_b,-0.7667962952547072,-1.140887189618211,-0.4475976838128148,4928,21,24,station_x_block,20260921,2000,00bc7ae1984a0ce5cd9fd33e5d3083b04a748291b39f798dd2b4c7b6ce48c244
M_AUX|log1p|uniform|permissive|2km_exact,INTERP_LINEAR,block30,daily,common_bracketable,all_network,primary_2024_2025,MAE,ng m-3,a_minus_b,-0.3967255670582324,-0.6654331793838936,-0.18479388156958307,4928,21,24,station_x_block,20260921,2000,00bc7ae1984a0ce5cd9fd33e5d3083b04a748291b39f798dd2b4c7b6ce48c244
M_AUX|log1p|uniform|permissive|2km_exact,INTERP_LINEAR,block30,daily,common_bracketable,all_network,primary_2024_2025,bias,ng m-3,a_minus_b,-0.05747274576941979,-0.31064112487343865,0.15990144688975533,4928,21,24,station_x_block,20260921,2000,00bc7ae1984a0ce5cd9fd33e5d3083b04a748291b39f798dd2b4c7b6ce48c244
M_AUX|log1p|uniform|permissive|2km_exact,INTERP_LINEAR,block30,daily,common_bracketable,nonindustrial,primary_2024_2025,RMSE,ng m-3,a_minus_b,-0.72638068380992,-1.0718717302646514,-0.3831500495752173,4695,20,24,station_x_block,20260921,2000,8f5731751e0aaaccd47e8f85355f1f22d6c44b6617b465c186f9fe855288ecda
M_AUX|log1p|uniform|permissive|2km_exact,INTERP_LINEAR,block30,daily,common_bracketable,nonindustrial,primary_2024_2025,MAE,ng m-3,a_minus_b,-0.3219044404824253,-0.5492220209684913,-0.15596909802667594,4695,20,24,station_x_block,20260921,2000,8f5731751e0aaaccd47e8f85355f1f22d6c44b6617b465c186f9fe855288ecda
M_AUX|log1p|uniform|permissive|2km_exact,INTERP_LINEAR,block30,daily,common_bracketable,nonindustrial,primary_2024_2025,bias,ng m-3,a_minus_b,-0.027995240898135206,-0.21659241530270362,0.15501385440570986,4695,20,24,station_x_block,20260921,2000,8f5731751e0aaaccd47e8f85355f1f22d6c44b6617b465c186f9fe855288ecda
M_AUX|log1p|uniform|permissive|2km_exact,INTERP_LINEAR,block30,daily,common_bracketable,nonindustrial_higher,primary_2024_2025,RMSE,ng m-3,a_minus_b,-1.004090365572318,-1.4058934610641778,-0.5770407990559775,2334,10,24,station_x_block,20260921,2000,44fd68adb46568c297e40fc03608a790335f27e571c974e2857c24e6de9b3380
M_AUX|log1p|uniform|permissive|2km_exact,INTERP_LINEAR,block30,daily,common_bracketable,nonindustrial_higher,primary_2024_2025,MAE,ng m-3,a_minus_b,-0.5346434977183635,-0.8282154608988875,-0.2750827982284985,2334,10,24,station_x_block,20260921,2000,44fd68adb46568c297e40fc03608a790335f27e571c974e2857c24e6de9b3380
M_AUX|log1p|uniform|permissive|2km_exact,INTERP_LINEAR,block30,daily,common_bracketable,nonindustrial_higher,primary_2024_2025,bias,ng m-3,a_minus_b,-0.08765618410966067,-0.40033911068102035,0.2021189281478675,2334,10,24,station_x_block,20260921,2000,44fd68adb46568c297e40fc03608a790335f27e571c974e2857c24e6de9b3380
M_AUX|log1p|uniform|permissive|2km_exact,INTERP_LINEAR,block30,daily,common_bracketable,nonindustrial_lower,primary_2024_2025,RMSE,ng m-3,a_minus_b,-0.24707972514241494,-0.4342869557797022,-0.09026055971472106,2361,10,24,station_x_block,20260921,2000,3fa9c653d9b1f90a03a3ab0218d295ce74075356d389dffcb62b95171e10d361
M_AUX|log1p|uniform|permissive|2km_exact,INTERP_LINEAR,block30,daily,common_bracketable,nonindustrial_lower,primary_2024_2025,MAE,ng m-3,a_minus_b,-0.11159823142326414,-0.21028981658285184,-0.04277888610229665,2361,10,24,station_x_block,20260921,2000,3fa9c653d9b1f90a03a3ab0218d295ce74075356d389dffcb62b95171e10d361
M_AUX|log1p|uniform|permissive|2km_exact,INTERP_LINEAR,block30,daily,common_bracketable,nonindustrial_lower,primary_2024_2025,bias,ng m-3,a_minus_b,0.03098342977348717,-0.045597749205007705,0.1191527999865059,2361,10,24,station_x_block,20260921,2000,3fa9c653d9b1f90a03a3ab0218d295ce74075356d389dffcb62b95171e10d361
M_AUX|log1p|uniform|permissive|2km_exact,INTERP_LOGLINEAR,block30,daily,common_bracketable,all_network,primary_2024_2025,RMSE,ng m-3,a_minus_b,-0.7443106945386937,-1.109804876034839,-0.41688189401276476,4928,21,24,station_x_block,20260921,2000,00bc7ae1984a0ce5cd9fd33e5d3083b04a748291b39f798dd2b4c7b6ce48c244
M_AUX|log1p|uniform|permissive|2km_exact,INTERP_LOGLINEAR,block30,daily,common_bracketable,all_network,primary_2024_2025,MAE,ng m-3,a_minus_b,-0.3683595309061313,-0.6212455599650327,-0.16556327790946773,4928,21,24,station_x_block,20260921,2000,00bc7ae1984a0ce5cd9fd33e5d3083b04a748291b39f798dd2b4c7b6ce48c244
M_AUX|log1p|uniform|permissive|2km_exact,INTERP_LOGLINEAR,block30,daily,common_bracketable,all_network,primary_2024_2025,bias,ng m-3,a_minus_b,0.027954605233698235,-0.19192516333662654,0.22854406253830042,4928,21,24,station_x_block,20260921,2000,00bc7ae1984a0ce5cd9fd33e5d3083b04a748291b39f798dd2b4c7b6ce48c244
M_AUX|log1p|uniform|permissive|2km_exact,INTERP_LOGLINEAR,block30,daily,common_bracketable,nonindustrial,primary_2024_2025,RMSE,ng m-3,a_minus_b,-0.699422108143785,-1.049948045514405,-0.3580267211816066,4695,20,24,station_x_block,20260921,2000,8f5731751e0aaaccd47e8f85355f1f22d6c44b6617b465c186f9fe855288ecda
M_AUX|log1p|uniform|permissive|2km_exact,INTERP_LOGLINEAR,block30,daily,common_bracketable,nonindustrial,primary_2024_2025,MAE,ng m-3,a_minus_b,-0.29476300208918504,-0.5102322521064646,-0.139037628365252,4695,20,24,station_x_block,20260921,2000,8f5731751e0aaaccd47e8f85355f1f22d6c44b6617b465c186f9fe855288ecda
M_AUX|log1p|uniform|permissive|2km_exact,INTERP_LOGLINEAR,block30,daily,common_bracketable,nonindustrial,primary_2024_2025,bias,ng m-3,a_minus_b,0.050683343790098236,-0.11190933768997008,0.2262005054629239,4695,20,24,station_x_block,20260921,2000,8f5731751e0aaaccd47e8f85355f1f22d6c44b6617b465c186f9fe855288ecda
M_AUX|log1p|uniform|permissive|2km_exact,INTERP_LOGLINEAR,block30,daily,common_bracketable,nonindustrial_higher,primary_2024_2025,RMSE,ng m-3,a_minus_b,-0.9708917030436649,-1.3870160415315338,-0.5248693293127801,2334,10,24,station_x_block,20260921,2000,44fd68adb46568c297e40fc03608a790335f27e571c974e2857c24e6de9b3380
M_AUX|log1p|uniform|permissive|2km_exact,INTERP_LOGLINEAR,block30,daily,common_bracketable,nonindustrial_higher,primary_2024_2025,MAE,ng m-3,a_minus_b,-0.4906469904858475,-0.7818333675226635,-0.24356861908303556,2334,10,24,station_x_block,20260921,2000,44fd68adb46568c297e40fc03608a790335f27e571c974e2857c24e6de9b3380
M_AUX|log1p|uniform|permissive|2km_exact,INTERP_LOGLINEAR,block30,daily,common_bracketable,nonindustrial_higher,primary_2024_2025,bias,ng m-3,a_minus_b,0.05042323513639538,-0.22575906662472287,0.3208381930639537,2334,10,24,station_x_block,20260921,2000,44fd68adb46568c297e40fc03608a790335f27e571c974e2857c24e6de9b3380
M_AUX|log1p|uniform|permissive|2km_exact,INTERP_LOGLINEAR,block30,daily,common_bracketable,nonindustrial_lower,primary_2024_2025,RMSE,ng m-3,a_minus_b,-0.2252565906945212,-0.37735961628129466,-0.0831502053687576,2361,10,24,station_x_block,20260921,2000,3fa9c653d9b1f90a03a3ab0218d295ce74075356d389dffcb62b95171e10d361
M_AUX|log1p|uniform|permissive|2km_exact,INTERP_LOGLINEAR,block30,daily,common_bracketable,nonindustrial_lower,primary_2024_2025,MAE,ng m-3,a_minus_b,-0.10111911012907915,-0.18971635612752705,-0.038091752001267465,2361,10,24,station_x_block,20260921,2000,3fa9c653d9b1f90a03a3ab0218d295ce74075356d389dffcb62b95171e10d361
M_AUX|log1p|uniform|permissive|2km_exact,INTERP_LOGLINEAR,block30,daily,common_bracketable,nonindustrial_lower,primary_2024_2025,bias,ng m-3,a_minus_b,0.05094047788486418,-0.017914962358740117,0.1414245502048613,2361,10,24,station_x_block,20260921,2000,3fa9c653d9b1f90a03a3ab0218d295ce74075356d389dffcb62b95171e10d361
M_AUX|log1p|uniform|permissive|2km_exact,M_AUX|log1p|inverse_1_over_bap_plus_0_5|permissive|2km_exact,block30,daily,common_bracketable,all_network,primary_2024_2025,RMSE,ng m-3,a_minus_b,-0.10420751100460057,-0.21863236440491882,0.014860380563642377,4928,21,24,station_x_block,20260921,2000,00bc7ae1984a0ce5cd9fd33e5d3083b04a748291b39f798dd2b4c7b6ce48c244
M_AUX|log1p|uniform|permissive|2km_exact,M_AUX|log1p|inverse_1_over_bap_plus_0_5|permissive|2km_exact,block30,daily,common_bracketable,all_network,primary_2024_2025,MAE,ng m-3,a_minus_b,-0.006520944505803594,-0.03667096660063171,0.013165046225845904,4928,21,24,station_x_block,20260921,2000,00bc7ae1984a0ce5cd9fd33e5d3083b04a748291b39f798dd2b4c7b6ce48c244
M_AUX|log1p|uniform|permissive|2km_exact,M_AUX|log1p|inverse_1_over_bap_plus_0_5|permissive|2km_exact,block30,daily,common_bracketable,all_network,primary_2024_2025,bias,ng m-3,a_minus_b,0.08884756592747566,0.020688635130233456,0.1900492241393935,4928,21,24,station_x_block,20260921,2000,00bc7ae1984a0ce5cd9fd33e5d3083b04a748291b39f798dd2b4c7b6ce48c244
M_AUX|log1p|uniform|permissive|2km_exact,M_AUX|log1p|inverse_1_over_bap_plus_0_5|permissive|2km_exact,block30,daily,common_bracketable,nonindustrial,primary_2024_2025,RMSE,ng m-3,a_minus_b,-0.014992312700924715,-0.06142956824283488,0.02347864956497369,4695,20,24,station_x_block,20260921,2000,8f5731751e0aaaccd47e8f85355f1f22d6c44b6617b465c186f9fe855288ecda
M_AUX|log1p|uniform|permissive|2km_exact,M_AUX|log1p|inverse_1_over_bap_plus_0_5|permissive|2km_exact,block30,daily,common_bracketable,nonindustrial,primary_2024_2025,MAE,ng m-3,a_minus_b,0.0034325722716507245,-0.013304914801481315,0.01623915869078352,4695,20,24,station_x_block,20260921,2000,8f5731751e0aaaccd47e8f85355f1f22d6c44b6617b465c186f9fe855288ecda
M_AUX|log1p|uniform|permissive|2km_exact,M_AUX|log1p|inverse_1_over_bap_plus_0_5|permissive|2km_exact,block30,daily,common_bracketable,nonindustrial,primary_2024_2025,bias,ng m-3,a_minus_b,0.04509859914176783,0.01424141900391383,0.08731837170994762,4695,20,24,station_x_block,20260921,2000,8f5731751e0aaaccd47e8f85355f1f22d6c44b6617b465c186f9fe855288ecda
M_AUX|log1p|uniform|permissive|2km_exact,M_AUX|log1p|inverse_1_over_bap_plus_0_5|permissive|2km_exact,block30,daily,common_bracketable,nonindustrial_higher,primary_2024_2025,RMSE,ng m-3,a_minus_b,-0.023998712906435515,-0.09021171177722773,0.03869720255648347,2334,10,24,station_x_block,20260921,2000,44fd68adb46568c297e40fc03608a790335f27e571c974e2857c24e6de9b3380
M_AUX|log1p|uniform|permissive|2km_exact,M_AUX|log1p|inverse_1_over_bap_plus_0_5|permissive|2km_exact,block30,daily,common_bracketable,nonindustrial_higher,primary_2024_2025,MAE,ng m-3,a_minus_b,0.004921336061096848,-0.027258739849827823,0.031207995366788182,2334,10,24,station_x_block,20260921,2000,44fd68adb46568c297e40fc03608a790335f27e571c974e2857c24e6de9b3380
M_AUX|log1p|uniform|permissive|2km_exact,M_AUX|log1p|inverse_1_over_bap_plus_0_5|permissive|2km_exact,block30,daily,common_bracketable,nonindustrial_higher,primary_2024_2025,bias,ng m-3,a_minus_b,0.06410218578723222,0.007733126615593592,0.12950676597415817,2334,10,24,station_x_block,20260921,2000,44fd68adb46568c297e40fc03608a790335f27e571c974e2857c24e6de9b3380
M_AUX|log1p|uniform|permissive|2km_exact,M_AUX|log1p|inverse_1_over_bap_plus_0_5|permissive|2km_exact,block30,daily,common_bracketable,nonindustrial_lower,primary_2024_2025,RMSE,ng m-3,a_minus_b,0.003230924391983747,-0.014984268319036301,0.025501791724706745,2361,10,24,station_x_block,20260921,2000,3fa9c653d9b1f90a03a3ab0218d295ce74075356d389dffcb62b95171e10d361
M_AUX|log1p|uniform|permissive|2km_exact,M_AUX|log1p|inverse_1_over_bap_plus_0_5|permissive|2km_exact,block30,daily,common_bracketable,nonindustrial_lower,primary_2024_2025,MAE,ng m-3,a_minus_b,0.001960833735196954,-0.0071370690628895575,0.012539661017885386,2361,10,24,station_x_block,20260921,2000,3fa9c653d9b1f90a03a3ab0218d295ce74075356d389dffcb62b95171e10d361
M_AUX|log1p|uniform|permissive|2km_exact,M_AUX|log1p|inverse_1_over_bap_plus_0_5|permissive|2km_exact,block30,daily,common_bracketable,nonindustrial_lower,primary_2024_2025,bias,ng m-3,a_minus_b,0.026312334325794155,0.006195873832161159,0.05539762986622227,2361,10,24,station_x_block,20260921,2000,3fa9c653d9b1f90a03a3ab0218d295ce74075356d389dffcb62b95171e10d361
M_AUX|log1p|uniform|permissive|2km_exact,PM_RIDGE,block30,daily,common_bracketable,all_network,primary_2024_2025,RMSE,ng m-3,a_minus_b,-0.3593735398895923,-0.5515729456544952,-0.1918104777069077,4928,21,24,station_x_block,20260921,2000,00bc7ae1984a0ce5cd9fd33e5d3083b04a748291b39f798dd2b4c7b6ce48c244
M_AUX|log1p|uniform|permissive|2km_exact,PM_RIDGE,block30,daily,common_bracketable,all_network,primary_2024_2025,MAE,ng m-3,a_minus_b,-0.19999186300967692,-0.3245228898397295,-0.11093664131337204,4928,21,24,station_x_block,20260921,2000,00bc7ae1984a0ce5cd9fd33e5d3083b04a748291b39f798dd2b4c7b6ce48c244
M_AUX|log1p|uniform|permissive|2km_exact,PM_RIDGE,block30,daily,common_bracketable,all_network,primary_2024_2025,bias,ng m-3,a_minus_b,0.10190668611354763,-0.014574945508939629,0.25544736624065717,4928,21,24,station_x_block,20260921,2000,00bc7ae1984a0ce5cd9fd33e5d3083b04a748291b39f798dd2b4c7b6ce48c244
M_AUX|log1p|uniform|permissive|2km_exact,PM_RIDGE,block30,daily,common_bracketable,nonindustrial,primary_2024_2025,RMSE,ng m-3,a_minus_b,-0.2980120120192049,-0.44359506341827903,-0.15520551524208978,4695,20,24,station_x_block,20260921,2000,8f5731751e0aaaccd47e8f85355f1f22d6c44b6617b465c186f9fe855288ecda
M_AUX|log1p|uniform|permissive|2km_exact,PM_RIDGE,block30,daily,common_bracketable,nonindustrial,primary_2024_2025,MAE,ng m-3,a_minus_b,-0.16236571378323322,-0.25322356088372205,-0.09502131462418884,4695,20,24,station_x_block,20260921,2000,8f5731751e0aaaccd47e8f85355f1f22d6c44b6617b465c186f9fe855288ecda
M_AUX|log1p|uniform|permissive|2km_exact,PM_RIDGE,block30,daily,common_bracketable,nonindustrial,primary_2024_2025,bias,ng m-3,a_minus_b,0.11362543112503086,0.004254941696978037,0.27932445114235477,4695,20,24,station_x_block,20260921,2000,8f5731751e0aaaccd47e8f85355f1f22d6c44b6617b465c186f9fe855288ecda
M_AUX|log1p|uniform|permissive|2km_exact,PM_RIDGE,block30,daily,common_bracketable,nonindustrial_higher,primary_2024_2025,RMSE,ng m-3,a_minus_b,-0.40969762022547596,-0.5899764525200029,-0.21022753911306497,2334,10,24,station_x_block,20260921,2000,44fd68adb46568c297e40fc03608a790335f27e571c974e2857c24e6de9b3380
M_AUX|log1p|uniform|permissive|2km_exact,PM_RIDGE,block30,daily,common_bracketable,nonindustrial_higher,primary_2024_2025,MAE,ng m-3,a_minus_b,-0.22634907092450884,-0.36311937190681315,-0.12041395133806844,2334,10,24,station_x_block,20260921,2000,44fd68adb46568c297e40fc03608a790335f27e571c974e2857c24e6de9b3380
M_AUX|log1p|uniform|permissive|2km_exact,PM_RIDGE,block30,daily,common_bracketable,nonindustrial_higher,primary_2024_2025,bias,ng m-3,a_minus_b,0.28223562581547473,0.06738651977814411,0.5615345260845199,2334,10,24,station_x_block,20260921,2000,44fd68adb46568c297e40fc03608a790335f27e571c974e2857c24e6de9b3380
M_AUX|log1p|uniform|permissive|2km_exact,PM_RIDGE,block30,daily,common_bracketable,nonindustrial_lower,primary_2024_2025,RMSE,ng m-3,a_minus_b,-0.10997158577622135,-0.1892143945758878,-0.05342072939257965,2361,10,24,station_x_block,20260921,2000,3fa9c653d9b1f90a03a3ab0218d295ce74075356d389dffcb62b95171e10d361
M_AUX|log1p|uniform|permissive|2km_exact,PM_RIDGE,block30,daily,common_bracketable,nonindustrial_lower,primary_2024_2025,MAE,ng m-3,a_minus_b,-0.09911405958258224,-0.14905912853857894,-0.06061934595319426,2361,10,24,station_x_block,20260921,2000,3fa9c653d9b1f90a03a3ab0218d295ce74075356d389dffcb62b95171e10d361
M_AUX|log1p|uniform|permissive|2km_exact,PM_RIDGE,block30,daily,common_bracketable,nonindustrial_lower,primary_2024_2025,bias,ng m-3,a_minus_b,-0.053056565659169025,-0.13432954961394525,0.010508757925923427,2361,10,24,station_x_block,20260921,2000,3fa9c653d9b1f90a03a3ab0218d295ce74075356d389dffcb62b95171e10d361
M_AUX|log1p|uniform|permissive|2km_exact,HARMONIC,dispersed_mod9,daily,common_bracketable,all_network,primary_2024_2025,RMSE,ng m-3,a_minus_b,-0.46317861589923703,-0.672455448300579,-0.36236634455170225,5066,21,1,station,20260921,2000,1f7396fddbe1f06a63cffab833b0854bdf33f84b295f0c3534f07e9651d5a267
M_AUX|log1p|uniform|permissive|2km_exact,HARMONIC,dispersed_mod9,daily,common_bracketable,all_network,primary_2024_2025,MAE,ng m-3,a_minus_b,-0.3087362679009885,-0.4380308723594983,-0.19202943394310354,5066,21,1,station,20260921,2000,1f7396fddbe1f06a63cffab833b0854bdf33f84b295f0c3534f07e9651d5a267
M_AUX|log1p|uniform|permissive|2km_exact,HARMONIC,dispersed_mod9,daily,common_bracketable,all_network,primary_2024_2025,bias,ng m-3,a_minus_b,-0.08960474259144793,-0.21153940081985448,-0.011024162468757025,5066,21,1,station,20260921,2000,1f7396fddbe1f06a63cffab833b0854bdf33f84b295f0c3534f07e9651d5a267
M_AUX|log1p|uniform|permissive|2km_exact,HARMONIC,dispersed_mod9,daily,common_bracketable,nonindustrial,primary_2024_2025,RMSE,ng m-3,a_minus_b,-0.5597520474210109,-0.7012535952701181,-0.4075835966889766,4830,20,1,station,20260921,2000,65ee804fd05f6dd37764a755c988da2c0e677a3a4efc91304bf32cf63ecb3775
M_AUX|log1p|uniform|permissive|2km_exact,HARMONIC,dispersed_mod9,daily,common_bracketable,nonindustrial,primary_2024_2025,MAE,ng m-3,a_minus_b,-0.26303270616868407,-0.3552882292940397,-0.17811090853894324,4830,20,1,station,20260921,2000,65ee804fd05f6dd37764a755c988da2c0e677a3a4efc91304bf32cf63ecb3775
M_AUX|log1p|uniform|permissive|2km_exact,HARMONIC,dispersed_mod9,daily,common_bracketable,nonindustrial,primary_2024_2025,bias,ng m-3,a_minus_b,-0.03824161776035439,-0.08359184576300459,-0.0036691457617905954,4830,20,1,station,20260921,2000,65ee804fd05f6dd37764a755c988da2c0e677a3a4efc91304bf32cf63ecb3775
M_AUX|log1p|uniform|permissive|2km_exact,HARMONIC,dispersed_mod9,daily,common_bracketable,nonindustrial_higher,primary_2024_2025,RMSE,ng m-3,a_minus_b,-0.7916036208363023,-0.9064298947373903,-0.6664766390234101,2382,10,1,station,20260921,2000,f9d27d8d2e57d861feb8b2cd904d1dd989292808e291cb4c44d0c4f55c2afeb4
M_AUX|log1p|uniform|permissive|2km_exact,HARMONIC,dispersed_mod9,daily,common_bracketable,nonindustrial_higher,primary_2024_2025,MAE,ng m-3,a_minus_b,-0.4491314203555791,-0.5089620072924796,-0.38779436089364067,2382,10,1,station,20260921,2000,f9d27d8d2e57d861feb8b2cd904d1dd989292808e291cb4c44d0c4f55c2afeb4
M_AUX|log1p|uniform|permissive|2km_exact,HARMONIC,dispersed_mod9,daily,common_bracketable,nonindustrial_higher,primary_2024_2025,bias,ng m-3,a_minus_b,-0.0848134946184798,-0.16013806043208678,-0.01911451549982748,2382,10,1,station,20260921,2000,f9d27d8d2e57d861feb8b2cd904d1dd989292808e291cb4c44d0c4f55c2afeb4
M_AUX|log1p|uniform|permissive|2km_exact,HARMONIC,dispersed_mod9,daily,common_bracketable,nonindustrial_lower,primary_2024_2025,RMSE,ng m-3,a_minus_b,-0.1517246500512049,-0.20058570270081935,-0.09657238567197893,2448,10,1,station,20260921,2000,e4ea53c7bd0ea44a4667405875a76a389a0cd49b071a82da66a3670fbabfbcf3
M_AUX|log1p|uniform|permissive|2km_exact,HARMONIC,dispersed_mod9,daily,common_bracketable,nonindustrial_lower,primary_2024_2025,MAE,ng m-3,a_minus_b,-0.08195135927604383,-0.12228431182454284,-0.04753873996726234,2448,10,1,station,20260921,2000,e4ea53c7bd0ea44a4667405875a76a389a0cd49b071a82da66a3670fbabfbcf3
M_AUX|log1p|uniform|permissive|2km_exact,HARMONIC,dispersed_mod9,daily,common_bracketable,nonindustrial_lower,primary_2024_2025,bias,ng m-3,a_minus_b,0.007074644770713708,-0.008157342489557252,0.022621288482426033,2448,10,1,station,20260921,2000,e4ea53c7bd0ea44a4667405875a76a389a0cd49b071a82da66a3670fbabfbcf3
M_AUX|log1p|uniform|permissive|2km_exact,INTERP_LINEAR,dispersed_mod9,daily,common_bracketable,all_network,primary_2024_2025,RMSE,ng m-3,a_minus_b,-0.558245229662049,-0.7193699356130624,-0.44597610265891374,5066,21,1,station,20260921,2000,1f7396fddbe1f06a63cffab833b0854bdf33f84b295f0c3534f07e9651d5a267
M_AUX|log1p|uniform|permissive|2km_exact,INTERP_LINEAR,dispersed_mod9,daily,common_bracketable,all_network,primary_2024_2025,MAE,ng m-3,a_minus_b,-0.3030697786652622,-0.47407863016582963,-0.17577540773037417,5066,21,1,station,20260921,2000,1f7396fddbe1f06a63cffab833b0854bdf33f84b295f0c3534f07e9651d5a267
M_AUX|log1p|uniform|permissive|2km_exact,INTERP_LINEAR,dispersed_mod9,daily,common_bracketable,all_network,primary_2024_2025,bias,ng m-3,a_minus_b,-0.0923957202038203,-0.23547694209506798,-0.010282882910301279,5066,21,1,station,20260921,2000,1f7396fddbe1f06a63cffab833b0854bdf33f84b295f0c3534f07e9651d5a267
M_AUX|log1p|uniform|permissive|2km_exact,INTERP_LINEAR,dispersed_mod9,daily,common_bracketable,nonindustrial,primary_2024_2025,RMSE,ng m-3,a_minus_b,-0.5767903731069293,-0.7300678108823314,-0.4176851906889632,4830,20,1,station,20260921,2000,65ee804fd05f6dd37764a755c988da2c0e677a3a4efc91304bf32cf63ecb3775
M_AUX|log1p|uniform|permissive|2km_exact,INTERP_LINEAR,dispersed_mod9,daily,common_bracketable,nonindustrial,primary_2024_2025,MAE,ng m-3,a_minus_b,-0.23401602221980972,-0.3252835605238709,-0.1554144626355874,4830,20,1,station,20260921,2000,65ee804fd05f6dd37764a755c988da2c0e677a3a4efc91304bf32cf63ecb3775
M_AUX|log1p|uniform|permissive|2km_exact,INTERP_LINEAR,dispersed_mod9,daily,common_bracketable,nonindustrial,primary_2024_2025,bias,ng m-3,a_minus_b,-0.026314417889148706,-0.05129330650098846,-0.005449328495681568,4830,20,1,station,20260921,2000,65ee804fd05f6dd37764a755c988da2c0e677a3a4efc91304bf32cf63ecb3775
M_AUX|log1p|uniform|permissive|2km_exact,INTERP_LINEAR,dispersed_mod9,daily,common_bracketable,nonindustrial_higher,primary_2024_2025,RMSE,ng m-3,a_minus_b,-0.8064974331416349,-0.9548371348003832,-0.6512969322292684,2382,10,1,station,20260921,2000,f9d27d8d2e57d861feb8b2cd904d1dd989292808e291cb4c44d0c4f55c2afeb4
M_AUX|log1p|uniform|permissive|2km_exact,INTERP_LINEAR,dispersed_mod9,daily,common_bracketable,nonindustrial_higher,primary_2024_2025,MAE,ng m-3,a_minus_b,-0.39583308875570883,-0.4846824561546013,-0.3102363316032134,2382,10,1,station,20260921,2000,f9d27d8d2e57d861feb8b2cd904d1dd989292808e291cb4c44d0c4f55c2afeb4
M_AUX|log1p|uniform|permissive|2km_exact,INTERP_LINEAR,dispersed_mod9,daily,common_bracketable,nonindustrial_higher,primary_2024_2025,bias,ng m-3,a_minus_b,-0.05858042460400424,-0.09430865099393337,-0.02409721391633058,2382,10,1,station,20260921,2000,f9d27d8d2e57d861feb8b2cd904d1dd989292808e291cb4c44d0c4f55c2afeb4
M_AUX|log1p|uniform|permissive|2km_exact,INTERP_LINEAR,dispersed_mod9,daily,common_bracketable,nonindustrial_lower,primary_2024_2025,RMSE,ng m-3,a_minus_b,-0.18411861328569373,-0.2513051282511705,-0.12053939943791041,2448,10,1,station,20260921,2000,e4ea53c7bd0ea44a4667405875a76a389a0cd49b071a82da66a3670fbabfbcf3
M_AUX|log1p|uniform|permissive|2km_exact,INTERP_LINEAR,dispersed_mod9,daily,common_bracketable,nonindustrial_lower,primary_2024_2025,MAE,ng m-3,a_minus_b,-0.07656167071306516,-0.11127940089279519,-0.044645484769692434,2448,10,1,station,20260921,2000,e4ea53c7bd0ea44a4667405875a76a389a0cd49b071a82da66a3670fbabfbcf3
M_AUX|log1p|uniform|permissive|2km_exact,INTERP_LINEAR,dispersed_mod9,daily,common_bracketable,nonindustrial_lower,primary_2024_2025,bias,ng m-3,a_minus_b,0.005081671978002387,-0.010978298134383306,0.01953664469943279,2448,10,1,station,20260921,2000,e4ea53c7bd0ea44a4667405875a76a389a0cd49b071a82da66a3670fbabfbcf3
M_AUX|log1p|uniform|permissive|2km_exact,INTERP_LOGLINEAR,dispersed_mod9,daily,common_bracketable,all_network,primary_2024_2025,RMSE,ng m-3,a_minus_b,-0.5271963950628977,-0.683229290521333,-0.42260888223760346,5066,21,1,station,20260921,2000,1f7396fddbe1f06a63cffab833b0854bdf33f84b295f0c3534f07e9651d5a267
M_AUX|log1p|uniform|permissive|2km_exact,INTERP_LOGLINEAR,dispersed_mod9,daily,common_bracketable,all_network,primary_2024_2025,MAE,ng m-3,a_minus_b,-0.27938645388392547,-0.4331504795546089,-0.16370132337992754,5066,21,1,station,20260921,2000,1f7396fddbe1f06a63cffab833b0854bdf33f84b295f0c3534f07e9651d5a267
M_AUX|log1p|uniform|permissive|2km_exact,INTERP_LOGLINEAR,dispersed_mod9,daily,common_bracketable,all_network,primary_2024_2025,bias,ng m-3,a_minus_b,0.022485959032870734,-0.032692234751065044,0.0613339083784469,5066,21,1,station,20260921,2000,1f7396fddbe1f06a63cffab833b0854bdf33f84b295f0c3534f07e9651d5a267
M_AUX|log1p|uniform|permissive|2km_exact,INTERP_LOGLINEAR,dispersed_mod9,daily,common_bracketable,nonindustrial,primary_2024_2025,RMSE,ng m-3,a_minus_b,-0.5579114599730437,-0.7066016784131636,-0.40448399014056863,4830,20,1,station,20260921,2000,65ee804fd05f6dd37764a755c988da2c0e677a3a4efc91304bf32cf63ecb3775
M_AUX|log1p|uniform|permissive|2km_exact,INTERP_LOGLINEAR,dispersed_mod9,daily,common_bracketable,nonindustrial,primary_2024_2025,MAE,ng m-3,a_minus_b,-0.22020150307781233,-0.3093717432782342,-0.14545002152444686,4830,20,1,station,20260921,2000,65ee804fd05f6dd37764a755c988da2c0e677a3a4efc91304bf32cf63ecb3775
M_AUX|log1p|uniform|permissive|2km_exact,INTERP_LOGLINEAR,dispersed_mod9,daily,common_bracketable,nonindustrial,primary_2024_2025,bias,ng m-3,a_minus_b,0.04680162042672246,0.02777368485631772,0.06721632209822773,4830,20,1,station,20260921,2000,65ee804fd05f6dd37764a755c988da2c0e677a3a4efc91304bf32cf63ecb3775
M_AUX|log1p|uniform|permissive|2km_exact,INTERP_LOGLINEAR,dispersed_mod9,daily,common_bracketable,nonindustrial_higher,primary_2024_2025,RMSE,ng m-3,a_minus_b,-0.7851680669665652,-0.930366098579654,-0.640047600613198,2382,10,1,station,20260921,2000,f9d27d8d2e57d861feb8b2cd904d1dd989292808e291cb4c44d0c4f55c2afeb4
M_AUX|log1p|uniform|permissive|2km_exact,INTERP_LOGLINEAR,dispersed_mod9,daily,common_bracketable,nonindustrial_higher,primary_2024_2025,MAE,ng m-3,a_minus_b,-0.37751718761679515,-0.4668204651473902,-0.29565702099935987,2382,10,1,station,20260921,2000,f9d27d8d2e57d861feb8b2cd904d1dd989292808e291cb4c44d0c4f55c2afeb4
M_AUX|log1p|uniform|permissive|2km_exact,INTERP_LOGLINEAR,dispersed_mod9,daily,common_bracketable,nonindustrial_higher,primary_2024_2025,bias,ng m-3,a_minus_b,0.06518219738233955,0.034013516006236214,0.09766435202088264,2382,10,1,station,20260921,2000,f9d27d8d2e57d861feb8b2cd904d1dd989292808e291cb4c44d0c4f55c2afeb4
M_AUX|log1p|uniform|permissive|2km_exact,INTERP_LOGLINEAR,dispersed_mod9,daily,common_bracketable,nonindustrial_lower,primary_2024_2025,RMSE,ng m-3,a_minus_b,-0.16313312013225495,-0.22683871167810737,-0.10520930100278782,2448,10,1,station,20260921,2000,e4ea53c7bd0ea44a4667405875a76a389a0cd49b071a82da66a3670fbabfbcf3
M_AUX|log1p|uniform|permissive|2km_exact,INTERP_LOGLINEAR,dispersed_mod9,daily,common_bracketable,nonindustrial_lower,primary_2024_2025,MAE,ng m-3,a_minus_b,-0.06712717277885116,-0.09833301848127153,-0.037991385466889425,2448,10,1,station,20260921,2000,e4ea53c7bd0ea44a4667405875a76a389a0cd49b071a82da66a3670fbabfbcf3
M_AUX|log1p|uniform|permissive|2km_exact,INTERP_LOGLINEAR,dispersed_mod9,daily,common_bracketable,nonindustrial_lower,primary_2024_2025,bias,ng m-3,a_minus_b,0.02891659824196761,0.011138902321548998,0.050525472107631184,2448,10,1,station,20260921,2000,e4ea53c7bd0ea44a4667405875a76a389a0cd49b071a82da66a3670fbabfbcf3
M_AUX|log1p|uniform|permissive|2km_exact,M_AUX|log1p|inverse_1_over_bap_plus_0_5|permissive|2km_exact,dispersed_mod9,daily,common_bracketable,all_network,primary_2024_2025,RMSE,ng m-3,a_minus_b,-0.11058033316853777,-0.2040851454673395,0.0029483323044308084,5066,21,1,station,20260921,2000,1f7396fddbe1f06a63cffab833b0854bdf33f84b295f0c3534f07e9651d5a267
M_AUX|log1p|uniform|permissive|2km_exact,M_AUX|log1p|inverse_1_over_bap_plus_0_5|permissive|2km_exact,dispersed_mod9,daily,common_bracketable,all_network,primary_2024_2025,MAE,ng m-3,a_minus_b,-0.010492936926444929,-0.03773882464663024,0.009004129174927801,5066,21,1,station,20260921,2000,1f7396fddbe1f06a63cffab833b0854bdf33f84b295f0c3534f07e9651d5a267
M_AUX|log1p|uniform|permissive|2km_exact,M_AUX|log1p|inverse_1_over_bap_plus_0_5|permissive|2km_exact,dispersed_mod9,daily,common_bracketable,all_network,primary_2024_2025,bias,ng m-3,a_minus_b,0.10176070227812277,0.041192487542789195,0.20744399938618943,5066,21,1,station,20260921,2000,1f7396fddbe1f06a63cffab833b0854bdf33f84b295f0c3534f07e9651d5a267
M_AUX|log1p|uniform|permissive|2km_exact,M_AUX|log1p|inverse_1_over_bap_plus_0_5|permissive|2km_exact,dispersed_mod9,daily,common_bracketable,nonindustrial,primary_2024_2025,RMSE,ng m-3,a_minus_b,-0.014148636206371301,-0.04134471992826973,0.010785823468001464,4830,20,1,station,20260921,2000,65ee804fd05f6dd37764a755c988da2c0e677a3a4efc91304bf32cf63ecb3775
M_AUX|log1p|uniform|permissive|2km_exact,M_AUX|log1p|inverse_1_over_bap_plus_0_5|permissive|2km_exact,dispersed_mod9,daily,common_bracketable,nonindustrial,primary_2024_2025,MAE,ng m-3,a_minus_b,0.0016594587682464135,-0.01067502197409893,0.011824620773852788,4830,20,1,station,20260921,2000,65ee804fd05f6dd37764a755c988da2c0e677a3a4efc91304bf32cf63ecb3775
M_AUX|log1p|uniform|permissive|2km_exact,M_AUX|log1p|inverse_1_over_bap_plus_0_5|permissive|2km_exact,dispersed_mod9,daily,common_bracketable,nonindustrial,primary_2024_2025,bias,ng m-3,a_minus_b,0.05452462879937268,0.036136114607951006,0.07650037625915612,4830,20,1,station,20260921,2000,65ee804fd05f6dd37764a755c988da2c0e677a3a4efc91304bf32cf63ecb3775
M_AUX|log1p|uniform|permissive|2km_exact,M_AUX|log1p|inverse_1_over_bap_plus_0_5|permissive|2km_exact,dispersed_mod9,daily,common_bracketable,nonindustrial_higher,primary_2024_2025,RMSE,ng m-3,a_minus_b,-0.02534685811046611,-0.06267790734830654,0.012782470074344816,2382,10,1,station,20260921,2000,f9d27d8d2e57d861feb8b2cd904d1dd989292808e291cb4c44d0c4f55c2afeb4
M_AUX|log1p|uniform|permissive|2km_exact,M_AUX|log1p|inverse_1_over_bap_plus_0_5|permissive|2km_exact,dispersed_mod9,daily,common_bracketable,nonindustrial_higher,primary_2024_2025,MAE,ng m-3,a_minus_b,-0.0038017536277498154,-0.025953789868844123,0.016562750257452227,2382,10,1,station,20260921,2000,f9d27d8d2e57d861feb8b2cd904d1dd989292808e291cb4c44d0c4f55c2afeb4
M_AUX|log1p|uniform|permissive|2km_exact,M_AUX|log1p|inverse_1_over_bap_plus_0_5|permissive|2km_exact,dispersed_mod9,daily,common_bracketable,nonindustrial_higher,primary_2024_2025,bias,ng m-3,a_minus_b,0.08310118913152811,0.05671694119036964,0.11285541197229328,2382,10,1,station,20260921,2000,f9d27d8d2e57d861feb8b2cd904d1dd989292808e291cb4c44d0c4f55c2afeb4
M_AUX|log1p|uniform|permissive|2km_exact,M_AUX|log1p|inverse_1_over_bap_plus_0_5|permissive|2km_exact,dispersed_mod9,daily,common_bracketable,nonindustrial_lower,primary_2024_2025,RMSE,ng m-3,a_minus_b,0.00862956454085495,-0.014141286852997858,0.029219638583819485,2448,10,1,station,20260921,2000,e4ea53c7bd0ea44a4667405875a76a389a0cd49b071a82da66a3670fbabfbcf3
M_AUX|log1p|uniform|permissive|2km_exact,M_AUX|log1p|inverse_1_over_bap_plus_0_5|permissive|2km_exact,dispersed_mod9,daily,common_bracketable,nonindustrial_lower,primary_2024_2025,MAE,ng m-3,a_minus_b,0.006973432594742618,-0.000963973653347452,0.01640101295949092,2448,10,1,station,20260921,2000,e4ea53c7bd0ea44a4667405875a76a389a0cd49b071a82da66a3670fbabfbcf3
M_AUX|log1p|uniform|permissive|2km_exact,M_AUX|log1p|inverse_1_over_bap_plus_0_5|permissive|2km_exact,dispersed_mod9,daily,common_bracketable,nonindustrial_lower,primary_2024_2025,bias,ng m-3,a_minus_b,0.026718514946760624,0.011511311938339971,0.0447710604957985,2448,10,1,station,20260921,2000,e4ea53c7bd0ea44a4667405875a76a389a0cd49b071a82da66a3670fbabfbcf3
M_AUX|log1p|uniform|permissive|2km_exact,PM_RIDGE,dispersed_mod9,daily,common_bracketable,all_network,primary_2024_2025,RMSE,ng m-3,a_minus_b,-0.36279594649912683,-0.4901240845704967,-0.24375700782832466,5066,21,1,station,20260921,2000,1f7396fddbe1f06a63cffab833b0854bdf33f84b295f0c3534f07e9651d5a267
M_AUX|log1p|uniform|permissive|2km_exact,PM_RIDGE,dispersed_mod9,daily,common_bracketable,all_network,primary_2024_2025,MAE,ng m-3,a_minus_b,-0.21200493613902693,-0.3028150578387173,-0.1401780469901617,5066,21,1,station,20260921,2000,1f7396fddbe1f06a63cffab833b0854bdf33f84b295f0c3534f07e9651d5a267
M_AUX|log1p|uniform|permissive|2km_exact,PM_RIDGE,dispersed_mod9,daily,common_bracketable,all_network,primary_2024_2025,bias,ng m-3,a_minus_b,0.08691178710667706,0.0017639849089788068,0.1777587308724391,5066,21,1,station,20260921,2000,1f7396fddbe1f06a63cffab833b0854bdf33f84b295f0c3534f07e9651d5a267
M_AUX|log1p|uniform|permissive|2km_exact,PM_RIDGE,dispersed_mod9,daily,common_bracketable,nonindustrial,primary_2024_2025,RMSE,ng m-3,a_minus_b,-0.3213429081099306,-0.41259995622996976,-0.22023360695802488,4830,20,1,station,20260921,2000,65ee804fd05f6dd37764a755c988da2c0e677a3a4efc91304bf32cf63ecb3775
M_AUX|log1p|uniform|permissive|2km_exact,PM_RIDGE,dispersed_mod9,daily,common_bracketable,nonindustrial,primary_2024_2025,MAE,ng m-3,a_minus_b,-0.17452528055983335,-0.22792141522997855,-0.12877646717890878,4830,20,1,station,20260921,2000,65ee804fd05f6dd37764a755c988da2c0e677a3a4efc91304bf32cf63ecb3775
M_AUX|log1p|uniform|permissive|2km_exact,PM_RIDGE,dispersed_mod9,daily,common_bracketable,nonindustrial,primary_2024_2025,bias,ng m-3,a_minus_b,0.09893206498163401,0.015781377669021403,0.19057132789315998,4830,20,1,station,20260921,2000,65ee804fd05f6dd37764a755c988da2c0e677a3a4efc91304bf32cf63ecb3775
M_AUX|log1p|uniform|permissive|2km_exact,PM_RIDGE,dispersed_mod9,daily,common_bracketable,nonindustrial_higher,primary_2024_2025,RMSE,ng m-3,a_minus_b,-0.4461249422360224,-0.5389116766061789,-0.3329277636818155,2382,10,1,station,20260921,2000,f9d27d8d2e57d861feb8b2cd904d1dd989292808e291cb4c44d0c4f55c2afeb4
M_AUX|log1p|uniform|permissive|2km_exact,PM_RIDGE,dispersed_mod9,daily,common_bracketable,nonindustrial_higher,primary_2024_2025,MAE,ng m-3,a_minus_b,-0.24873271887086318,-0.31847302035610464,-0.17922426362714816,2382,10,1,station,20260921,2000,f9d27d8d2e57d861feb8b2cd904d1dd989292808e291cb4c44d0c4f55c2afeb4
M_AUX|log1p|uniform|permissive|2km_exact,PM_RIDGE,dispersed_mod9,daily,common_bracketable,nonindustrial_higher,primary_2024_2025,bias,ng m-3,a_minus_b,0.266247864573545,0.17957143387980823,0.3590282553955829,2382,10,1,station,20260921,2000,f9d27d8d2e57d861feb8b2cd904d1dd989292808e291cb4c44d0c4f55c2afeb4
M_AUX|log1p|uniform|permissive|2km_exact,PM_RIDGE,dispersed_mod9,daily,common_bracketable,nonindustrial_lower,primary_2024_2025,RMSE,ng m-3,a_minus_b,-0.11393104830594908,-0.174135279026492,-0.06887657992208766,2448,10,1,station,20260921,2000,e4ea53c7bd0ea44a4667405875a76a389a0cd49b071a82da66a3670fbabfbcf3
M_AUX|log1p|uniform|permissive|2km_exact,PM_RIDGE,dispersed_mod9,daily,common_bracketable,nonindustrial_lower,primary_2024_2025,MAE,ng m-3,a_minus_b,-0.1023185329875814,-0.1300695262588828,-0.07755869013448329,2448,10,1,station,20260921,2000,e4ea53c7bd0ea44a4667405875a76a389a0cd49b071a82da66a3670fbabfbcf3
M_AUX|log1p|uniform|permissive|2km_exact,PM_RIDGE,dispersed_mod9,daily,common_bracketable,nonindustrial_lower,primary_2024_2025,bias,ng m-3,a_minus_b,-0.06387276942520093,-0.11012735495709136,-0.013960230930894131,2448,10,1,station,20260921,2000,e4ea53c7bd0ea44a4667405875a76a389a0cd49b071a82da66a3670fbabfbcf3
M_AUX|log1p|uniform|permissive|2km_exact,HARMONIC,dispersed_mod9,foldwise_sampled_mean_recovery,common_bracketable_replacements,all_network,primary_2024_2025,RMSE,ng m-3,a_minus_b,-0.00027294791683273034,-0.02025473480398536,0.010640789626802748,378,21,1,station,20260921,2000,c558913d93016eab3c3970ab4e8280b575332b339b25456a6ef9b1d60763b854
M_AUX|log1p|uniform|permissive|2km_exact,HARMONIC,dispersed_mod9,foldwise_sampled_mean_recovery,common_bracketable_replacements,all_network,primary_2024_2025,MAE,ng m-3,a_minus_b,-0.009381716882652453,-0.014573177007372136,-0.0041428110549519385,378,21,1,station,20260921,2000,c558913d93016eab3c3970ab4e8280b575332b339b25456a6ef9b1d60763b854
M_AUX|log1p|uniform|permissive|2km_exact,HARMONIC,dispersed_mod9,foldwise_sampled_mean_recovery,common_bracketable_replacements,all_network,primary_2024_2025,bias,ng m-3,a_minus_b,-0.010542653265626884,-0.023811991507795123,-0.0015272379195601302,378,21,1,station,20260921,2000,c558913d93016eab3c3970ab4e8280b575332b339b25456a6ef9b1d60763b854
M_AUX|log1p|uniform|permissive|2km_exact,HARMONIC,dispersed_mod9,foldwise_sampled_mean_recovery,common_bracketable_replacements,nonindustrial,primary_2024_2025,RMSE,ng m-3,a_minus_b,-0.016543090729488764,-0.021442435016778127,-0.010617396534408513,360,20,1,station,20260921,2000,3e0ef5473342981884636471b6f5432f930a746d511ac18b3775e8a4f524d2af
M_AUX|log1p|uniform|permissive|2km_exact,HARMONIC,dispersed_mod9,foldwise_sampled_mean_recovery,common_bracketable_replacements,nonindustrial,primary_2024_2025,MAE,ng m-3,a_minus_b,-0.010704669405347582,-0.015436141102763352,-0.0063431536250971145,360,20,1,station,20260921,2000,3e0ef5473342981884636471b6f5432f930a746d511ac18b3775e8a4f524d2af
M_AUX|log1p|uniform|permissive|2km_exact,HARMONIC,dispersed_mod9,foldwise_sampled_mean_recovery,common_bracketable_replacements,nonindustrial,primary_2024_2025,bias,ng m-3,a_minus_b,-0.004765425289887721,-0.00991959258068314,-0.0005846394086659604,360,20,1,station,20260921,2000,3e0ef5473342981884636471b6f5432f930a746d511ac18b3775e8a4f524d2af
M_AUX|log1p|uniform|permissive|2km_exact,HARMONIC,dispersed_mod9,foldwise_sampled_mean_recovery,common_bracketable_replacements,nonindustrial_higher,primary_2024_2025,RMSE,ng m-3,a_minus_b,-0.02355054311647348,-0.028577018803976662,-0.01749353636842438,180,10,1,station,20260921,2000,c164bb2bde69ef8518e826d607529421ee96e09ff1dd7c293101a71a99e140ed
M_AUX|log1p|uniform|permissive|2km_exact,HARMONIC,dispersed_mod9,foldwise_sampled_mean_recovery,common_bracketable_replacements,nonindustrial_higher,primary_2024_2025,MAE,ng m-3,a_minus_b,-0.018977066007950332,-0.024488890810764094,-0.013327156084231852,180,10,1,station,20260921,2000,c164bb2bde69ef8518e826d607529421ee96e09ff1dd7c293101a71a99e140ed
M_AUX|log1p|uniform|permissive|2km_exact,HARMONIC,dispersed_mod9,foldwise_sampled_mean_recovery,common_bracketable_replacements,nonindustrial_higher,primary_2024_2025,bias,ng m-3,a_minus_b,-0.010364146964393422,-0.018223347738325527,-0.003088948919667439,180,10,1,station,20260921,2000,c164bb2bde69ef8518e826d607529421ee96e09ff1dd7c293101a71a99e140ed
M_AUX|log1p|uniform|permissive|2km_exact,HARMONIC,dispersed_mod9,foldwise_sampled_mean_recovery,common_bracketable_replacements,nonindustrial_lower,primary_2024_2025,RMSE,ng m-3,a_minus_b,-0.0034506233793435547,-0.006563318385718098,-0.0006766363242032601,180,10,1,station,20260921,2000,94142f7594801b6401cf4038ee476c24288c1b33cbddb48e4734c11e005d7ac8
M_AUX|log1p|uniform|permissive|2km_exact,HARMONIC,dispersed_mod9,foldwise_sampled_mean_recovery,common_bracketable_replacements,nonindustrial_lower,primary_2024_2025,MAE,ng m-3,a_minus_b,-0.00243227280274483,-0.004466134829915636,-0.0005389943043207885,180,10,1,station,20260921,2000,94142f7594801b6401cf4038ee476c24288c1b33cbddb48e4734c11e005d7ac8
M_AUX|log1p|uniform|permissive|2km_exact,HARMONIC,dispersed_mod9,foldwise_sampled_mean_recovery,common_bracketable_replacements,nonindustrial_lower,primary_2024_2025,bias,ng m-3,a_minus_b,0.000833296384617979,-0.0009238391112892904,0.002614005676321228,180,10,1,station,20260921,2000,94142f7594801b6401cf4038ee476c24288c1b33cbddb48e4734c11e005d7ac8
M_AUX|log1p|uniform|permissive|2km_exact,INTERP_LINEAR,dispersed_mod9,foldwise_sampled_mean_recovery,common_bracketable_replacements,all_network,primary_2024_2025,RMSE,ng m-3,a_minus_b,-0.007764144853900062,-0.019514068241698424,-0.004294234131979371,378,21,1,station,20260921,2000,c558913d93016eab3c3970ab4e8280b575332b339b25456a6ef9b1d60763b854
M_AUX|log1p|uniform|permissive|2km_exact,INTERP_LINEAR,dispersed_mod9,foldwise_sampled_mean_recovery,common_bracketable_replacements,all_network,primary_2024_2025,MAE,ng m-3,a_minus_b,-0.010776131564491965,-0.0150763112680739,-0.006479358158072272,378,21,1,station,20260921,2000,c558913d93016eab3c3970ab4e8280b575332b339b25456a6ef9b1d60763b854
M_AUX|log1p|uniform|permissive|2km_exact,INTERP_LINEAR,dispersed_mod9,foldwise_sampled_mean_recovery,common_bracketable_replacements,all_network,primary_2024_2025,bias,ng m-3,a_minus_b,-0.010744831397980123,-0.02673759341608928,-0.0014652994087641818,378,21,1,station,20260921,2000,c558913d93016eab3c3970ab4e8280b575332b339b25456a6ef9b1d60763b854
M_AUX|log1p|uniform|permissive|2km_exact,INTERP_LINEAR,dispersed_mod9,foldwise_sampled_mean_recovery,common_bracketable_replacements,nonindustrial,primary_2024_2025,RMSE,ng m-3,a_minus_b,-0.015609235933014456,-0.020842965881274014,-0.009608248677465486,360,20,1,station,20260921,2000,3e0ef5473342981884636471b6f5432f930a746d511ac18b3775e8a4f524d2af
M_AUX|log1p|uniform|permissive|2km_exact,INTERP_LINEAR,dispersed_mod9,foldwise_sampled_mean_recovery,common_bracketable_replacements,nonindustrial,primary_2024_2025,MAE,ng m-3,a_minus_b,-0.009969270233928323,-0.014292051404499706,-0.0058650496758241785,360,20,1,station,20260921,2000,3e0ef5473342981884636471b6f5432f930a746d511ac18b3775e8a4f524d2af
M_AUX|log1p|uniform|permissive|2km_exact,INTERP_LINEAR,dispersed_mod9,foldwise_sampled_mean_recovery,common_bracketable_replacements,nonindustrial,primary_2024_2025,bias,ng m-3,a_minus_b,-0.003290835922233326,-0.006033839336677041,-0.0008814924935698987,360,20,1,station,20260921,2000,3e0ef5473342981884636471b6f5432f930a746d511ac18b3775e8a4f524d2af
M_AUX|log1p|uniform|permissive|2km_exact,INTERP_LINEAR,dispersed_mod9,foldwise_sampled_mean_recovery,common_bracketable_replacements,nonindustrial_higher,primary_2024_2025,RMSE,ng m-3,a_minus_b,-0.021941152962785922,-0.027860378066945992,-0.015208829342243112,180,10,1,station,20260921,2000,c164bb2bde69ef8518e826d607529421ee96e09ff1dd7c293101a71a99e140ed
M_AUX|log1p|uniform|permissive|2km_exact,INTERP_LINEAR,dispersed_mod9,foldwise_sampled_mean_recovery,common_bracketable_replacements,nonindustrial_higher,primary_2024_2025,MAE,ng m-3,a_minus_b,-0.01695513898051092,-0.022092197986485,-0.011342586553705536,180,10,1,station,20260921,2000,c164bb2bde69ef8518e826d607529421ee96e09ff1dd7c293101a71a99e140ed
M_AUX|log1p|uniform|permissive|2km_exact,INTERP_LINEAR,dispersed_mod9,foldwise_sampled_mean_recovery,common_bracketable_replacements,nonindustrial_higher,primary_2024_2025,bias,ng m-3,a_minus_b,-0.007006776071511685,-0.010773194922255919,-0.0029417243739025185,180,10,1,station,20260921,2000,c164bb2bde69ef8518e826d607529421ee96e09ff1dd7c293101a71a99e140ed
M_AUX|log1p|uniform|permissive|2km_exact,INTERP_LINEAR,dispersed_mod9,foldwise_sampled_mean_recovery,common_bracketable_replacements,nonindustrial_lower,primary_2024_2025,RMSE,ng m-3,a_minus_b,-0.004197278148074005,-0.008341478071844058,-0.00014516122481849364,180,10,1,station,20260921,2000,94142f7594801b6401cf4038ee476c24288c1b33cbddb48e4734c11e005d7ac8
M_AUX|log1p|uniform|permissive|2km_exact,INTERP_LINEAR,dispersed_mod9,foldwise_sampled_mean_recovery,common_bracketable_replacements,nonindustrial_lower,primary_2024_2025,MAE,ng m-3,a_minus_b,-0.0029834014873457403,-0.0056376997331871095,-0.0005217711683482922,180,10,1,station,20260921,2000,94142f7594801b6401cf4038ee476c24288c1b33cbddb48e4734c11e005d7ac8
M_AUX|log1p|uniform|permissive|2km_exact,INTERP_LINEAR,dispersed_mod9,foldwise_sampled_mean_recovery,common_bracketable_replacements,nonindustrial_lower,primary_2024_2025,bias,ng m-3,a_minus_b,0.000425104227045033,-0.00130959052187719,0.002006672590628759,180,10,1,station,20260921,2000,94142f7594801b6401cf4038ee476c24288c1b33cbddb48e4734c11e005d7ac8
M_AUX|log1p|uniform|permissive|2km_exact,INTERP_LOGLINEAR,dispersed_mod9,foldwise_sampled_mean_recovery,common_bracketable_replacements,all_network,primary_2024_2025,RMSE,ng m-3,a_minus_b,-0.010938015722086053,-0.020123584110902783,-0.00843275358829893,378,21,1,station,20260921,2000,c558913d93016eab3c3970ab4e8280b575332b339b25456a6ef9b1d60763b854
M_AUX|log1p|uniform|permissive|2km_exact,INTERP_LOGLINEAR,dispersed_mod9,foldwise_sampled_mean_recovery,common_bracketable_replacements,all_network,primary_2024_2025,MAE,ng m-3,a_minus_b,-0.010297563787894575,-0.01444131777445995,-0.0063158260447282325,378,21,1,station,20260921,2000,c558913d93016eab3c3970ab4e8280b575332b339b25456a6ef9b1d60763b854
M_AUX|log1p|uniform|permissive|2km_exact,INTERP_LOGLINEAR,dispersed_mod9,foldwise_sampled_mean_recovery,common_bracketable_replacements,all_network,primary_2024_2025,bias,ng m-3,a_minus_b,0.00219411554996817,-0.0038771300868116194,0.00653098070258693,378,21,1,station,20260921,2000,c558913d93016eab3c3970ab4e8280b575332b339b25456a6ef9b1d60763b854
M_AUX|log1p|uniform|permissive|2km_exact,INTERP_LOGLINEAR,dispersed_mod9,foldwise_sampled_mean_recovery,common_bracketable_replacements,nonindustrial,primary_2024_2025,RMSE,ng m-3,a_minus_b,-0.016483462187695426,-0.021408027379788426,-0.010670679776446113,360,20,1,station,20260921,2000,3e0ef5473342981884636471b6f5432f930a746d511ac18b3775e8a4f524d2af
M_AUX|log1p|uniform|permissive|2km_exact,INTERP_LOGLINEAR,dispersed_mod9,foldwise_sampled_mean_recovery,common_bracketable_replacements,nonindustrial,primary_2024_2025,MAE,ng m-3,a_minus_b,-0.009826084433552613,-0.014197375689461854,-0.0058229292990005805,360,20,1,station,20260921,2000,3e0ef5473342981884636471b6f5432f930a746d511ac18b3775e8a4f524d2af
M_AUX|log1p|uniform|permissive|2km_exact,INTERP_LOGLINEAR,dispersed_mod9,foldwise_sampled_mean_recovery,common_bracketable_replacements,nonindustrial,primary_2024_2025,bias,ng m-3,a_minus_b,0.004928776624398546,0.002896253717426929,0.007220695512410529,360,20,1,station,20260921,2000,3e0ef5473342981884636471b6f5432f930a746d511ac18b3775e8a4f524d2af
M_AUX|log1p|uniform|permissive|2km_exact,INTERP_LOGLINEAR,dispersed_mod9,foldwise_sampled_mean_recovery,common_bracketable_replacements,nonindustrial_higher,primary_2024_2025,RMSE,ng m-3,a_minus_b,-0.02340156741863787,-0.028186807384933295,-0.017087332576455415,180,10,1,station,20260921,2000,c164bb2bde69ef8518e826d607529421ee96e09ff1dd7c293101a71a99e140ed
M_AUX|log1p|uniform|permissive|2km_exact,INTERP_LOGLINEAR,dispersed_mod9,foldwise_sampled_mean_recovery,common_bracketable_replacements,nonindustrial_higher,primary_2024_2025,MAE,ng m-3,a_minus_b,-0.01729661589635149,-0.02176628543115094,-0.012151401325664894,180,10,1,station,20260921,2000,c164bb2bde69ef8518e826d607529421ee96e09ff1dd7c293101a71a99e140ed
M_AUX|log1p|uniform|permissive|2km_exact,INTERP_LOGLINEAR,dispersed_mod9,foldwise_sampled_mean_recovery,common_bracketable_replacements,nonindustrial_higher,primary_2024_2025,bias,ng m-3,a_minus_b,0.006755483335275634,0.0032059703384641016,0.01065689519658385,180,10,1,station,20260921,2000,c164bb2bde69ef8518e826d607529421ee96e09ff1dd7c293101a71a99e140ed
M_AUX|log1p|uniform|permissive|2km_exact,INTERP_LOGLINEAR,dispersed_mod9,foldwise_sampled_mean_recovery,common_bracketable_replacements,nonindustrial_lower,primary_2024_2025,RMSE,ng m-3,a_minus_b,-0.0036563925662365226,-0.00724846287624269,-0.00020227553888255655,180,10,1,station,20260921,2000,94142f7594801b6401cf4038ee476c24288c1b33cbddb48e4734c11e005d7ac8
M_AUX|log1p|uniform|permissive|2km_exact,INTERP_LOGLINEAR,dispersed_mod9,foldwise_sampled_mean_recovery,common_bracketable_replacements,nonindustrial_lower,primary_2024_2025,MAE,ng m-3,a_minus_b,-0.0023555529707537364,-0.0046159594073902415,-0.00013720308158111125,180,10,1,station,20260921,2000,94142f7594801b6401cf4038ee476c24288c1b33cbddb48e4734c11e005d7ac8
M_AUX|log1p|uniform|permissive|2km_exact,INTERP_LOGLINEAR,dispersed_mod9,foldwise_sampled_mean_recovery,common_bracketable_replacements,nonindustrial_lower,primary_2024_2025,bias,ng m-3,a_minus_b,0.0031020699135214597,0.0013176570840634065,0.005306002367904803,180,10,1,station,20260921,2000,94142f7594801b6401cf4038ee476c24288c1b33cbddb48e4734c11e005d7ac8
M_AUX|log1p|uniform|permissive|2km_exact,M_AUX|log1p|inverse_1_over_bap_plus_0_5|permissive|2km_exact,dispersed_mod9,foldwise_sampled_mean_recovery,common_bracketable_replacements,all_network,primary_2024_2025,RMSE,ng m-3,a_minus_b,-0.017605356352426965,-0.03052823996695614,-0.0015593167984971766,378,21,1,station,20260921,2000,c558913d93016eab3c3970ab4e8280b575332b339b25456a6ef9b1d60763b854
M_AUX|log1p|uniform|permissive|2km_exact,M_AUX|log1p|inverse_1_over_bap_plus_0_5|permissive|2km_exact,dispersed_mod9,foldwise_sampled_mean_recovery,common_bracketable_replacements,all_network,primary_2024_2025,MAE,ng m-3,a_minus_b,-0.0054353179326668034,-0.013535444504344869,-0.0006025255662094278,378,21,1,station,20260921,2000,c558913d93016eab3c3970ab4e8280b575332b339b25456a6ef9b1d60763b854
M_AUX|log1p|uniform|permissive|2km_exact,M_AUX|log1p|inverse_1_over_bap_plus_0_5|permissive|2km_exact,dispersed_mod9,foldwise_sampled_mean_recovery,common_bracketable_replacements,all_network,primary_2024_2025,bias,ng m-3,a_minus_b,0.011601690991311076,0.004662820067926106,0.023341851922922513,378,21,1,station,20260921,2000,c558913d93016eab3c3970ab4e8280b575332b339b25456a6ef9b1d60763b854
M_AUX|log1p|uniform|permissive|2km_exact,M_AUX|log1p|inverse_1_over_bap_plus_0_5|permissive|2km_exact,dispersed_mod9,foldwise_sampled_mean_recovery,common_bracketable_replacements,nonindustrial,primary_2024_2025,RMSE,ng m-3,a_minus_b,-0.00339786141062582,-0.006088755645049062,-0.001095300151454987,360,20,1,station,20260921,2000,3e0ef5473342981884636471b6f5432f930a746d511ac18b3775e8a4f524d2af
M_AUX|log1p|uniform|permissive|2km_exact,M_AUX|log1p|inverse_1_over_bap_plus_0_5|permissive|2km_exact,dispersed_mod9,foldwise_sampled_mean_recovery,common_bracketable_replacements,nonindustrial,primary_2024_2025,MAE,ng m-3,a_minus_b,-0.0016283497713371238,-0.003298841081729969,-0.0004016226257208042,360,20,1,station,20260921,2000,3e0ef5473342981884636471b6f5432f930a746d511ac18b3775e8a4f524d2af
M_AUX|log1p|uniform|permissive|2km_exact,M_AUX|log1p|inverse_1_over_bap_plus_0_5|permissive|2km_exact,dispersed_mod9,foldwise_sampled_mean_recovery,common_bracketable_replacements,nonindustrial,primary_2024_2025,bias,ng m-3,a_minus_b,0.0062669321835379325,0.004080671115506926,0.008750702096275395,360,20,1,station,20260921,2000,3e0ef5473342981884636471b6f5432f930a746d511ac18b3775e8a4f524d2af
M_AUX|log1p|uniform|permissive|2km_exact,M_AUX|log1p|inverse_1_over_bap_plus_0_5|permissive|2km_exact,dispersed_mod9,foldwise_sampled_mean_recovery,common_bracketable_replacements,nonindustrial_higher,primary_2024_2025,RMSE,ng m-3,a_minus_b,-0.005169394565670841,-0.008910706288566774,-0.0019826329317709107,180,10,1,station,20260921,2000,c164bb2bde69ef8518e826d607529421ee96e09ff1dd7c293101a71a99e140ed
M_AUX|log1p|uniform|permissive|2km_exact,M_AUX|log1p|inverse_1_over_bap_plus_0_5|permissive|2km_exact,dispersed_mod9,foldwise_sampled_mean_recovery,common_bracketable_replacements,nonindustrial_higher,primary_2024_2025,MAE,ng m-3,a_minus_b,-0.0034895919294077593,-0.006166554025680186,-0.0016263184511215597,180,10,1,station,20260921,2000,c164bb2bde69ef8518e826d607529421ee96e09ff1dd7c293101a71a99e140ed
M_AUX|log1p|uniform|permissive|2km_exact,M_AUX|log1p|inverse_1_over_bap_plus_0_5|permissive|2km_exact,dispersed_mod9,foldwise_sampled_mean_recovery,common_bracketable_replacements,nonindustrial_higher,primary_2024_2025,bias,ng m-3,a_minus_b,0.009603786381280118,0.006553510484741827,0.012975448853828302,180,10,1,station,20260921,2000,c164bb2bde69ef8518e826d607529421ee96e09ff1dd7c293101a71a99e140ed
M_AUX|log1p|uniform|permissive|2km_exact,M_AUX|log1p|inverse_1_over_bap_plus_0_5|permissive|2km_exact,dispersed_mod9,foldwise_sampled_mean_recovery,common_bracketable_replacements,nonindustrial_lower,primary_2024_2025,RMSE,ng m-3,a_minus_b,9.001983490840304e-05,-0.000510412967574076,0.0008572303427407657,180,10,1,station,20260921,2000,94142f7594801b6401cf4038ee476c24288c1b33cbddb48e4734c11e005d7ac8
M_AUX|log1p|uniform|permissive|2km_exact,M_AUX|log1p|inverse_1_over_bap_plus_0_5|permissive|2km_exact,dispersed_mod9,foldwise_sampled_mean_recovery,common_bracketable_replacements,nonindustrial_lower,primary_2024_2025,MAE,ng m-3,a_minus_b,0.00023289238673350823,-0.0003563533376845125,0.000903426113818635,180,10,1,station,20260921,2000,94142f7594801b6401cf4038ee476c24288c1b33cbddb48e4734c11e005d7ac8
M_AUX|log1p|uniform|permissive|2km_exact,M_AUX|log1p|inverse_1_over_bap_plus_0_5|permissive|2km_exact,dispersed_mod9,foldwise_sampled_mean_recovery,common_bracketable_replacements,nonindustrial_lower,primary_2024_2025,bias,ng m-3,a_minus_b,0.0029300779857957464,0.0013439359817623386,0.004767362626979346,180,10,1,station,20260921,2000,94142f7594801b6401cf4038ee476c24288c1b33cbddb48e4734c11e005d7ac8
M_AUX|log1p|uniform|permissive|2km_exact,PM_RIDGE,dispersed_mod9,foldwise_sampled_mean_recovery,common_bracketable_replacements,all_network,primary_2024_2025,RMSE,ng m-3,a_minus_b,-0.01189675520704854,-0.025314612418142618,-0.007913297766540624,378,21,1,station,20260921,2000,c558913d93016eab3c3970ab4e8280b575332b339b25456a6ef9b1d60763b854
M_AUX|log1p|uniform|permissive|2km_exact,PM_RIDGE,dispersed_mod9,foldwise_sampled_mean_recovery,common_bracketable_replacements,all_network,primary_2024_2025,MAE,ng m-3,a_minus_b,-0.013907093210092602,-0.019619459610357298,-0.009006351509713444,378,21,1,station,20260921,2000,c558913d93016eab3c3970ab4e8280b575332b339b25456a6ef9b1d60763b854
M_AUX|log1p|uniform|permissive|2km_exact,PM_RIDGE,dispersed_mod9,foldwise_sampled_mean_recovery,common_bracketable_replacements,all_network,primary_2024_2025,bias,ng m-3,a_minus_b,0.00989643691392188,0.0003822043986010785,0.020106972077496323,378,21,1,station,20260921,2000,c558913d93016eab3c3970ab4e8280b575332b339b25456a6ef9b1d60763b854
M_AUX|log1p|uniform|permissive|2km_exact,PM_RIDGE,dispersed_mod9,foldwise_sampled_mean_recovery,common_bracketable_replacements,nonindustrial,primary_2024_2025,RMSE,ng m-3,a_minus_b,-0.019939239624324326,-0.02748232042600053,-0.012079173879800412,360,20,1,station,20260921,2000,3e0ef5473342981884636471b6f5432f930a746d511ac18b3775e8a4f524d2af
M_AUX|log1p|uniform|permissive|2km_exact,PM_RIDGE,dispersed_mod9,foldwise_sampled_mean_recovery,common_bracketable_replacements,nonindustrial,primary_2024_2025,MAE,ng m-3,a_minus_b,-0.013598466137591286,-0.019704177510701602,-0.008575069746832031,360,20,1,station,20260921,2000,3e0ef5473342981884636471b6f5432f930a746d511ac18b3775e8a4f524d2af
M_AUX|log1p|uniform|permissive|2km_exact,PM_RIDGE,dispersed_mod9,foldwise_sampled_mean_recovery,common_bracketable_replacements,nonindustrial,primary_2024_2025,bias,ng m-3,a_minus_b,0.011264565027384783,0.0021004310794282776,0.021680625288342737,360,20,1,station,20260921,2000,3e0ef5473342981884636471b6f5432f930a746d511ac18b3775e8a4f524d2af
M_AUX|log1p|uniform|permissive|2km_exact,PM_RIDGE,dispersed_mod9,foldwise_sampled_mean_recovery,common_bracketable_replacements,nonindustrial_higher,primary_2024_2025,RMSE,ng m-3,a_minus_b,-0.02763819259550317,-0.03673902097900858,-0.017609065579915928,180,10,1,station,20260921,2000,c164bb2bde69ef8518e826d607529421ee96e09ff1dd7c293101a71a99e140ed
M_AUX|log1p|uniform|permissive|2km_exact,PM_RIDGE,dispersed_mod9,foldwise_sampled_mean_recovery,common_bracketable_replacements,nonindustrial_higher,primary_2024_2025,MAE,ng m-3,a_minus_b,-0.021327813048872674,-0.030174379483539286,-0.013107848985133338,180,10,1,station,20260921,2000,c164bb2bde69ef8518e826d607529421ee96e09ff1dd7c293101a71a99e140ed
M_AUX|log1p|uniform|permissive|2km_exact,PM_RIDGE,dispersed_mod9,foldwise_sampled_mean_recovery,common_bracketable_replacements,nonindustrial_higher,primary_2024_2025,bias,ng m-3,a_minus_b,0.029847588733990255,0.019843241233259066,0.03995492637083848,180,10,1,station,20260921,2000,c164bb2bde69ef8518e826d607529421ee96e09ff1dd7c293101a71a99e140ed
M_AUX|log1p|uniform|permissive|2km_exact,PM_RIDGE,dispersed_mod9,foldwise_sampled_mean_recovery,common_bracketable_replacements,nonindustrial_lower,primary_2024_2025,RMSE,ng m-3,a_minus_b,-0.006483581013792492,-0.01020365758263268,-0.003045233905317446,180,10,1,station,20260921,2000,94142f7594801b6401cf4038ee476c24288c1b33cbddb48e4734c11e005d7ac8
M_AUX|log1p|uniform|permissive|2km_exact,PM_RIDGE,dispersed_mod9,foldwise_sampled_mean_recovery,common_bracketable_replacements,nonindustrial_lower,primary_2024_2025,MAE,ng m-3,a_minus_b,-0.005869119226309914,-0.008818700175187584,-0.0029639173686427213,180,10,1,station,20260921,2000,94142f7594801b6401cf4038ee476c24288c1b33cbddb48e4734c11e005d7ac8
M_AUX|log1p|uniform|permissive|2km_exact,PM_RIDGE,dispersed_mod9,foldwise_sampled_mean_recovery,common_bracketable_replacements,nonindustrial_lower,primary_2024_2025,bias,ng m-3,a_minus_b,-0.0073184586792206935,-0.012131955192257628,-0.0019883886133688434,180,10,1,station,20260921,2000,94142f7594801b6401cf4038ee476c24288c1b33cbddb48e4734c11e005d7ac8
