label,method_a,method_b,protocol,estimand,support,scope,metric,units,direction,estimate,ci_low,ci_high,n,n_stations,n_blocks,resampling,seed,replicates,support_sha256
+NO2,P|log1p|uniform|permissive|none,PM|log1p|uniform|permissive|none,block30,daily,all_expected_targets,all_network,RMSE,ng m-3,a_minus_b,-0.2761106893676566,-0.4608795383622899,-0.04907155785110415,5089,21,25,station_x_block,20260921,2000,49422f1082065a9d47ebdfaf52caf564b1c3e1dad3fba927ae8da3a978f385a0
+NO2,P|log1p|uniform|permissive|none,PM|log1p|uniform|permissive|none,block30,daily,all_expected_targets,all_network,MAE,ng m-3,a_minus_b,-0.10767782861090591,-0.18568493007969117,-0.044308555354992035,5089,21,25,station_x_block,20260921,2000,49422f1082065a9d47ebdfaf52caf564b1c3e1dad3fba927ae8da3a978f385a0
+NO2,P|log1p|uniform|permissive|none,PM|log1p|uniform|permissive|none,block30,daily,all_expected_targets,all_network,bias,ng m-3,a_minus_b,-0.006468818002574185,-0.15362945968401187,0.21246303558795715,5089,21,25,station_x_block,20260921,2000,49422f1082065a9d47ebdfaf52caf564b1c3e1dad3fba927ae8da3a978f385a0
+NO2,P|log1p|uniform|permissive|none,PM|log1p|uniform|permissive|none,block30,daily,all_expected_targets,nonindustrial,RMSE,ng m-3,a_minus_b,-0.1405737513973344,-0.27868015463914203,-0.026192402635906997,4852,20,25,station_x_block,20260921,2000,5d1137882eec8537744050437f9ce1b569790644db3bdcfe69d5597e07b2e781
+NO2,P|log1p|uniform|permissive|none,PM|log1p|uniform|permissive|none,block30,daily,all_expected_targets,nonindustrial,MAE,ng m-3,a_minus_b,-0.07888675019247737,-0.1374967475655702,-0.03463854694148209,4852,20,25,station_x_block,20260921,2000,5d1137882eec8537744050437f9ce1b569790644db3bdcfe69d5597e07b2e781
+NO2,P|log1p|uniform|permissive|none,PM|log1p|uniform|permissive|none,block30,daily,all_expected_targets,nonindustrial,bias,ng m-3,a_minus_b,-0.10137370990562655,-0.18036988009944832,-0.03521270060190085,4852,20,25,station_x_block,20260921,2000,5d1137882eec8537744050437f9ce1b569790644db3bdcfe69d5597e07b2e781
+NO2,P|log1p|uniform|permissive|none,PM|log1p|uniform|permissive|none,block30,daily,all_expected_targets,nonindustrial_higher,RMSE,ng m-3,a_minus_b,-0.09635945831253023,-0.2411119818527401,0.03166084481633556,2394,10,25,station_x_block,20260921,2000,62f59d22b59dd9d7e2e072c7b3fe63144e2f3e8824a30706c4074510f362197d
+NO2,P|log1p|uniform|permissive|none,PM|log1p|uniform|permissive|none,block30,daily,all_expected_targets,nonindustrial_higher,MAE,ng m-3,a_minus_b,-0.06591310905480374,-0.12464146550686257,-0.012409260143510846,2394,10,25,station_x_block,20260921,2000,62f59d22b59dd9d7e2e072c7b3fe63144e2f3e8824a30706c4074510f362197d
+NO2,P|log1p|uniform|permissive|none,PM|log1p|uniform|permissive|none,block30,daily,all_expected_targets,nonindustrial_higher,bias,ng m-3,a_minus_b,-0.09768661103542191,-0.21270866372297367,0.0024394151267052794,2394,10,25,station_x_block,20260921,2000,62f59d22b59dd9d7e2e072c7b3fe63144e2f3e8824a30706c4074510f362197d
+NO2,P|log1p|uniform|permissive|none,PM|log1p|uniform|permissive|none,block30,daily,all_expected_targets,nonindustrial_lower,RMSE,ng m-3,a_minus_b,-0.21068431068501237,-0.4288340887106675,-0.03101192289419133,2458,10,25,station_x_block,20260921,2000,b29a851546d291a0d2f7dfae9c12846445d0e09a394514e7c02a871b374d99af
+NO2,P|log1p|uniform|permissive|none,PM|log1p|uniform|permissive|none,block30,daily,all_expected_targets,nonindustrial_lower,MAE,ng m-3,a_minus_b,-0.09152259107270144,-0.18175509670066875,-0.027150035924716896,2458,10,25,station_x_block,20260921,2000,b29a851546d291a0d2f7dfae9c12846445d0e09a394514e7c02a871b374d99af
+NO2,P|log1p|uniform|permissive|none,PM|log1p|uniform|permissive|none,block30,daily,all_expected_targets,nonindustrial_lower,bias,ng m-3,a_minus_b,-0.10496480620150528,-0.19941506129875353,-0.03248955629919848,2458,10,25,station_x_block,20260921,2000,b29a851546d291a0d2f7dfae9c12846445d0e09a394514e7c02a871b374d99af
+NO2,P|log1p|uniform|permissive|none,PM|log1p|uniform|permissive|none,block30,station_year_mean,all_sampled_dates,all_network,RMSE,ng m-3,a_minus_b,-0.4019933092284577,-0.7211428184624861,-0.028425707649799126,42,21,1,station,20260921,2000,a4b83f112a2a39d7bb39c1c70c56f5678dc7ac9449f27af54e02cbafaafd9a52
+NO2,P|log1p|uniform|permissive|none,PM|log1p|uniform|permissive|none,block30,station_year_mean,all_sampled_dates,all_network,MAE,ng m-3,a_minus_b,-0.14371766928678054,-0.33559144097300997,-0.01574071976523625,42,21,1,station,20260921,2000,a4b83f112a2a39d7bb39c1c70c56f5678dc7ac9449f27af54e02cbafaafd9a52
+NO2,P|log1p|uniform|permissive|none,PM|log1p|uniform|permissive|none,block30,station_year_mean,all_sampled_dates,all_network,bias,ng m-3,a_minus_b,-0.00037502931391800165,-0.13968177989939132,0.21860142204077856,42,21,1,station,20260921,2000,a4b83f112a2a39d7bb39c1c70c56f5678dc7ac9449f27af54e02cbafaafd9a52
+NO2,P|log1p|uniform|permissive|none,PM|log1p|uniform|permissive|none,block30,station_year_mean,all_sampled_dates,nonindustrial,RMSE,ng m-3,a_minus_b,-0.0747020401790453,-0.14097820351198453,-0.011991193947033577,40,20,1,station,20260921,2000,75f77a11b57c142012fafa94a0442f20d6ba5eff6db77fdddfbfa204481e78df
+NO2,P|log1p|uniform|permissive|none,PM|log1p|uniform|permissive|none,block30,station_year_mean,all_sampled_dates,nonindustrial,MAE,ng m-3,a_minus_b,-0.054093425143323354,-0.10765647001535272,-0.0024421460407925057,40,20,1,station,20260921,2000,75f77a11b57c142012fafa94a0442f20d6ba5eff6db77fdddfbfa204481e78df
+NO2,P|log1p|uniform|permissive|none,PM|log1p|uniform|permissive|none,block30,station_year_mean,all_sampled_dates,nonindustrial,bias,ng m-3,a_minus_b,-0.09720390838741015,-0.15389613529379478,-0.04816610860095538,40,20,1,station,20260921,2000,75f77a11b57c142012fafa94a0442f20d6ba5eff6db77fdddfbfa204481e78df
+NO2,P|log1p|uniform|permissive|none,PM|log1p|uniform|permissive|none,block30,station_year_mean,all_sampled_dates,nonindustrial_higher,RMSE,ng m-3,a_minus_b,-0.014069584069710483,-0.07135036321241477,0.051817856100958376,20,10,1,station,20260921,2000,54d313e95dc309aa2e8ef845fd41708208c653e62ac636636faccd8f7f1e8a69
+NO2,P|log1p|uniform|permissive|none,PM|log1p|uniform|permissive|none,block30,station_year_mean,all_sampled_dates,nonindustrial_higher,MAE,ng m-3,a_minus_b,-0.01021073372896808,-0.06837216955672447,0.05297259024462273,20,10,1,station,20260921,2000,54d313e95dc309aa2e8ef845fd41708208c653e62ac636636faccd8f7f1e8a69
+NO2,P|log1p|uniform|permissive|none,PM|log1p|uniform|permissive|none,block30,station_year_mean,all_sampled_dates,nonindustrial_higher,bias,ng m-3,a_minus_b,-0.0869670156203109,-0.17523571067110325,-0.010335280676262163,20,10,1,station,20260921,2000,54d313e95dc309aa2e8ef845fd41708208c653e62ac636636faccd8f7f1e8a69
+NO2,P|log1p|uniform|permissive|none,PM|log1p|uniform|permissive|none,block30,station_year_mean,all_sampled_dates,nonindustrial_lower,RMSE,ng m-3,a_minus_b,-0.126965412221558,-0.21721859544014877,-0.04955633780356038,20,10,1,station,20260921,2000,670d7f6c2b4a419dd7125e6759a5a484d1cc22269df900a9e6b8100ba467cbdc
+NO2,P|log1p|uniform|permissive|none,PM|log1p|uniform|permissive|none,block30,station_year_mean,all_sampled_dates,nonindustrial_lower,MAE,ng m-3,a_minus_b,-0.09797611655767874,-0.17742504373955184,-0.02632843759807235,20,10,1,station,20260921,2000,670d7f6c2b4a419dd7125e6759a5a484d1cc22269df900a9e6b8100ba467cbdc
+NO2,P|log1p|uniform|permissive|none,PM|log1p|uniform|permissive|none,block30,station_year_mean,all_sampled_dates,nonindustrial_lower,bias,ng m-3,a_minus_b,-0.10744080115450941,-0.1832746263200622,-0.04487218779877373,20,10,1,station,20260921,2000,670d7f6c2b4a419dd7125e6759a5a484d1cc22269df900a9e6b8100ba467cbdc
+NO2,P|log1p|uniform|permissive|none,PM|log1p|uniform|permissive|none,loso,daily,all_expected_targets,all_network,RMSE,ng m-3,a_minus_b,0.04968856468162719,-0.0463341966382375,0.10372148683612133,5089,21,1,station,20260921,2000,49422f1082065a9d47ebdfaf52caf564b1c3e1dad3fba927ae8da3a978f385a0
+NO2,P|log1p|uniform|permissive|none,PM|log1p|uniform|permissive|none,loso,daily,all_expected_targets,all_network,MAE,ng m-3,a_minus_b,0.00352919308445665,-0.028208277423350265,0.04088690637804349,5089,21,1,station,20260921,2000,49422f1082065a9d47ebdfaf52caf564b1c3e1dad3fba927ae8da3a978f385a0
+NO2,P|log1p|uniform|permissive|none,PM|log1p|uniform|permissive|none,loso,daily,all_expected_targets,all_network,bias,ng m-3,a_minus_b,-0.06705485026661426,-0.1259130403796246,-0.016498216068315228,5089,21,1,station,20260921,2000,49422f1082065a9d47ebdfaf52caf564b1c3e1dad3fba927ae8da3a978f385a0
+NO2,P|log1p|uniform|permissive|none,PM|log1p|uniform|permissive|none,loso,daily,all_expected_targets,nonindustrial,RMSE,ng m-3,a_minus_b,-0.004694666538140879,-0.0593468459632447,0.04695172873125728,4852,20,1,station,20260921,2000,5d1137882eec8537744050437f9ce1b569790644db3bdcfe69d5597e07b2e781
+NO2,P|log1p|uniform|permissive|none,PM|log1p|uniform|permissive|none,loso,daily,all_expected_targets,nonindustrial,MAE,ng m-3,a_minus_b,-0.011391646722629711,-0.0338712939801155,0.010387332964741898,4852,20,1,station,20260921,2000,5d1137882eec8537744050437f9ce1b569790644db3bdcfe69d5597e07b2e781
+NO2,P|log1p|uniform|permissive|none,PM|log1p|uniform|permissive|none,loso,daily,all_expected_targets,nonindustrial,bias,ng m-3,a_minus_b,-0.04546161205725474,-0.09139187802061327,-0.009665749552086144,4852,20,1,station,20260921,2000,5d1137882eec8537744050437f9ce1b569790644db3bdcfe69d5597e07b2e781
+NO2,P|log1p|uniform|permissive|none,PM|log1p|uniform|permissive|none,loso,daily,all_expected_targets,nonindustrial_higher,RMSE,ng m-3,a_minus_b,0.008484009008582039,-0.06352077593375755,0.0702614529563446,2394,10,1,station,20260921,2000,62f59d22b59dd9d7e2e072c7b3fe63144e2f3e8824a30706c4074510f362197d
+NO2,P|log1p|uniform|permissive|none,PM|log1p|uniform|permissive|none,loso,daily,all_expected_targets,nonindustrial_higher,MAE,ng m-3,a_minus_b,-0.007957010339682435,-0.039465867769870336,0.025112358547103975,2394,10,1,station,20260921,2000,62f59d22b59dd9d7e2e072c7b3fe63144e2f3e8824a30706c4074510f362197d
+NO2,P|log1p|uniform|permissive|none,PM|log1p|uniform|permissive|none,loso,daily,all_expected_targets,nonindustrial_higher,bias,ng m-3,a_minus_b,-0.0754739173436926,-0.1466188722938261,-0.013131714874133992,2394,10,1,station,20260921,2000,62f59d22b59dd9d7e2e072c7b3fe63144e2f3e8824a30706c4074510f362197d
+NO2,P|log1p|uniform|permissive|none,PM|log1p|uniform|permissive|none,loso,daily,all_expected_targets,nonindustrial_lower,RMSE,ng m-3,a_minus_b,-0.025758070226196472,-0.11803021928766509,0.0673075294431996,2458,10,1,station,20260921,2000,b29a851546d291a0d2f7dfae9c12846445d0e09a394514e7c02a871b374d99af
+NO2,P|log1p|uniform|permissive|none,PM|log1p|uniform|permissive|none,loso,daily,all_expected_targets,nonindustrial_lower,MAE,ng m-3,a_minus_b,-0.014736854005288846,-0.04921989533126581,0.013924176056574604,2458,10,1,station,20260921,2000,b29a851546d291a0d2f7dfae9c12846445d0e09a394514e7c02a871b374d99af
+NO2,P|log1p|uniform|permissive|none,PM|log1p|uniform|permissive|none,loso,daily,all_expected_targets,nonindustrial_lower,bias,ng m-3,a_minus_b,-0.016230750032953628,-0.05634660592704002,0.01932969841740971,2458,10,1,station,20260921,2000,b29a851546d291a0d2f7dfae9c12846445d0e09a394514e7c02a871b374d99af
+NO2,P|log1p|uniform|permissive|none,PM|log1p|uniform|permissive|none,loso,station_year_mean,all_sampled_dates,all_network,RMSE,ng m-3,a_minus_b,0.11035677715045278,-0.009835438096232234,0.19466681734294675,42,21,1,station,20260921,2000,a4b83f112a2a39d7bb39c1c70c56f5678dc7ac9449f27af54e02cbafaafd9a52
+NO2,P|log1p|uniform|permissive|none,PM|log1p|uniform|permissive|none,loso,station_year_mean,all_sampled_dates,all_network,MAE,ng m-3,a_minus_b,0.033032982067806194,-0.014059844057641447,0.09004613248166857,42,21,1,station,20260921,2000,a4b83f112a2a39d7bb39c1c70c56f5678dc7ac9449f27af54e02cbafaafd9a52
+NO2,P|log1p|uniform|permissive|none,PM|log1p|uniform|permissive|none,loso,station_year_mean,all_sampled_dates,all_network,bias,ng m-3,a_minus_b,-0.06490860578223562,-0.1256903294837262,-0.012848744641595666,42,21,1,station,20260921,2000,a4b83f112a2a39d7bb39c1c70c56f5678dc7ac9449f27af54e02cbafaafd9a52
+NO2,P|log1p|uniform|permissive|none,PM|log1p|uniform|permissive|none,loso,station_year_mean,all_sampled_dates,nonindustrial,RMSE,ng m-3,a_minus_b,0.017932211081878813,-0.01816815228073454,0.04805370221880185,40,20,1,station,20260921,2000,75f77a11b57c142012fafa94a0442f20d6ba5eff6db77fdddfbfa204481e78df
+NO2,P|log1p|uniform|permissive|none,PM|log1p|uniform|permissive|none,loso,station_year_mean,all_sampled_dates,nonindustrial,MAE,ng m-3,a_minus_b,0.009221195730347576,-0.01968251546211976,0.03907954755728223,40,20,1,station,20260921,2000,75f77a11b57c142012fafa94a0442f20d6ba5eff6db77fdddfbfa204481e78df
+NO2,P|log1p|uniform|permissive|none,PM|log1p|uniform|permissive|none,loso,station_year_mean,all_sampled_dates,nonindustrial,bias,ng m-3,a_minus_b,-0.04269060063049852,-0.09018484449478616,-0.004606160082561459,40,20,1,station,20260921,2000,75f77a11b57c142012fafa94a0442f20d6ba5eff6db77fdddfbfa204481e78df
+NO2,P|log1p|uniform|permissive|none,PM|log1p|uniform|permissive|none,loso,station_year_mean,all_sampled_dates,nonindustrial_higher,RMSE,ng m-3,a_minus_b,0.049887307121044666,0.012468913048562937,0.08078126473424402,20,10,1,station,20260921,2000,54d313e95dc309aa2e8ef845fd41708208c653e62ac636636faccd8f7f1e8a69
+NO2,P|log1p|uniform|permissive|none,PM|log1p|uniform|permissive|none,loso,station_year_mean,all_sampled_dates,nonindustrial_higher,MAE,ng m-3,a_minus_b,0.04900338662336512,0.01696860170124114,0.08234159367532895,20,10,1,station,20260921,2000,54d313e95dc309aa2e8ef845fd41708208c653e62ac636636faccd8f7f1e8a69
+NO2,P|log1p|uniform|permissive|none,PM|log1p|uniform|permissive|none,loso,station_year_mean,all_sampled_dates,nonindustrial_higher,bias,ng m-3,a_minus_b,-0.06652410800270808,-0.14402418964555638,0.0013465592842382894,20,10,1,station,20260921,2000,54d313e95dc309aa2e8ef845fd41708208c653e62ac636636faccd8f7f1e8a69
+NO2,P|log1p|uniform|permissive|none,PM|log1p|uniform|permissive|none,loso,station_year_mean,all_sampled_dates,nonindustrial_lower,RMSE,ng m-3,a_minus_b,-0.025875087682378672,-0.06618352118736057,0.01174530009010472,20,10,1,station,20260921,2000,670d7f6c2b4a419dd7125e6759a5a484d1cc22269df900a9e6b8100ba467cbdc
+NO2,P|log1p|uniform|permissive|none,PM|log1p|uniform|permissive|none,loso,station_year_mean,all_sampled_dates,nonindustrial_lower,MAE,ng m-3,a_minus_b,-0.030560995162670024,-0.06677432434402586,0.0006906296323738352,20,10,1,station,20260921,2000,670d7f6c2b4a419dd7125e6759a5a484d1cc22269df900a9e6b8100ba467cbdc
+NO2,P|log1p|uniform|permissive|none,PM|log1p|uniform|permissive|none,loso,station_year_mean,all_sampled_dates,nonindustrial_lower,bias,ng m-3,a_minus_b,-0.0188570932582888,-0.05940191671268962,0.019448871473161034,20,10,1,station,20260921,2000,670d7f6c2b4a419dd7125e6759a5a484d1cc22269df900a9e6b8100ba467cbdc
+E,E_P|log1p|uniform|permissive|none,P|log1p|uniform|permissive|none,block30,daily,all_expected_targets,all_network,RMSE,ng m-3,a_minus_b,-0.24992207008231504,-0.4108897087634457,-0.14526017530111282,5089,21,25,station_x_block,20260921,2000,49422f1082065a9d47ebdfaf52caf564b1c3e1dad3fba927ae8da3a978f385a0
+E,E_P|log1p|uniform|permissive|none,P|log1p|uniform|permissive|none,block30,daily,all_expected_targets,all_network,MAE,ng m-3,a_minus_b,-0.1895408109506898,-0.28227436720841653,-0.11068085813377382,5089,21,25,station_x_block,20260921,2000,49422f1082065a9d47ebdfaf52caf564b1c3e1dad3fba927ae8da3a978f385a0
+E,E_P|log1p|uniform|permissive|none,P|log1p|uniform|permissive|none,block30,daily,all_expected_targets,all_network,bias,ng m-3,a_minus_b,-0.01734556230641382,-0.16512740028017944,0.12445405193039769,5089,21,25,station_x_block,20260921,2000,49422f1082065a9d47ebdfaf52caf564b1c3e1dad3fba927ae8da3a978f385a0
+E,E_P|log1p|uniform|permissive|none,P|log1p|uniform|permissive|none,block30,daily,all_expected_targets,nonindustrial,RMSE,ng m-3,a_minus_b,-0.3115791053871043,-0.4420463899072466,-0.20265771838599492,4852,20,25,station_x_block,20260921,2000,5d1137882eec8537744050437f9ce1b569790644db3bdcfe69d5597e07b2e781
+E,E_P|log1p|uniform|permissive|none,P|log1p|uniform|permissive|none,block30,daily,all_expected_targets,nonindustrial,MAE,ng m-3,a_minus_b,-0.18018514026340893,-0.2681080971919231,-0.10990332835222988,4852,20,25,station_x_block,20260921,2000,5d1137882eec8537744050437f9ce1b569790644db3bdcfe69d5597e07b2e781
+E,E_P|log1p|uniform|permissive|none,P|log1p|uniform|permissive|none,block30,daily,all_expected_targets,nonindustrial,bias,ng m-3,a_minus_b,-0.03141315974594806,-0.16833133502974418,0.10671343076000635,4852,20,25,station_x_block,20260921,2000,5d1137882eec8537744050437f9ce1b569790644db3bdcfe69d5597e07b2e781
+E,E_P|log1p|uniform|permissive|none,P|log1p|uniform|permissive|none,block30,daily,all_expected_targets,nonindustrial_higher,RMSE,ng m-3,a_minus_b,-0.2889564031732951,-0.42170182759195524,-0.1616105540223491,2394,10,25,station_x_block,20260921,2000,62f59d22b59dd9d7e2e072c7b3fe63144e2f3e8824a30706c4074510f362197d
+E,E_P|log1p|uniform|permissive|none,P|log1p|uniform|permissive|none,block30,daily,all_expected_targets,nonindustrial_higher,MAE,ng m-3,a_minus_b,-0.16768749109114456,-0.260032415684116,-0.09157679927118094,2394,10,25,station_x_block,20260921,2000,62f59d22b59dd9d7e2e072c7b3fe63144e2f3e8824a30706c4074510f362197d
+E,E_P|log1p|uniform|permissive|none,P|log1p|uniform|permissive|none,block30,daily,all_expected_targets,nonindustrial_higher,bias,ng m-3,a_minus_b,0.13559179481378447,-0.02654786673568746,0.3172409198138143,2394,10,25,station_x_block,20260921,2000,62f59d22b59dd9d7e2e072c7b3fe63144e2f3e8824a30706c4074510f362197d
+E,E_P|log1p|uniform|permissive|none,P|log1p|uniform|permissive|none,block30,daily,all_expected_targets,nonindustrial_lower,RMSE,ng m-3,a_minus_b,-0.40067014739696627,-0.6766202395221844,-0.18774923622711565,2458,10,25,station_x_block,20260921,2000,b29a851546d291a0d2f7dfae9c12846445d0e09a394514e7c02a871b374d99af
+E,E_P|log1p|uniform|permissive|none,P|log1p|uniform|permissive|none,block30,daily,all_expected_targets,nonindustrial_lower,MAE,ng m-3,a_minus_b,-0.19235738278513426,-0.3352008537696605,-0.10124750680739751,2458,10,25,station_x_block,20260921,2000,b29a851546d291a0d2f7dfae9c12846445d0e09a394514e7c02a871b374d99af
+E,E_P|log1p|uniform|permissive|none,P|log1p|uniform|permissive|none,block30,daily,all_expected_targets,nonindustrial_lower,bias,ng m-3,a_minus_b,-0.19406973469143207,-0.3588628931892572,-0.08195945864946215,2458,10,25,station_x_block,20260921,2000,b29a851546d291a0d2f7dfae9c12846445d0e09a394514e7c02a871b374d99af
+E,E_P|log1p|uniform|permissive|none,P|log1p|uniform|permissive|none,block30,station_year_mean,all_sampled_dates,all_network,RMSE,ng m-3,a_minus_b,-0.1447503907626203,-0.25644991528058025,-0.11331836505711786,42,21,1,station,20260921,2000,a4b83f112a2a39d7bb39c1c70c56f5678dc7ac9449f27af54e02cbafaafd9a52
+E,E_P|log1p|uniform|permissive|none,P|log1p|uniform|permissive|none,block30,station_year_mean,all_sampled_dates,all_network,MAE,ng m-3,a_minus_b,-0.17816431281358294,-0.24523574162414535,-0.11624052953964291,42,21,1,station,20260921,2000,a4b83f112a2a39d7bb39c1c70c56f5678dc7ac9449f27af54e02cbafaafd9a52
+E,E_P|log1p|uniform|permissive|none,P|log1p|uniform|permissive|none,block30,station_year_mean,all_sampled_dates,all_network,bias,ng m-3,a_minus_b,-0.014336795089585436,-0.121266604775814,0.09222209848573916,42,21,1,station,20260921,2000,a4b83f112a2a39d7bb39c1c70c56f5678dc7ac9449f27af54e02cbafaafd9a52
+E,E_P|log1p|uniform|permissive|none,P|log1p|uniform|permissive|none,block30,station_year_mean,all_sampled_dates,nonindustrial,RMSE,ng m-3,a_minus_b,-0.20533634836596176,-0.26902248900378484,-0.135933606559178,40,20,1,station,20260921,2000,75f77a11b57c142012fafa94a0442f20d6ba5eff6db77fdddfbfa204481e78df
+E,E_P|log1p|uniform|permissive|none,P|log1p|uniform|permissive|none,block30,station_year_mean,all_sampled_dates,nonindustrial,MAE,ng m-3,a_minus_b,-0.17349032623846306,-0.23894953726930776,-0.10835818105200455,40,20,1,station,20260921,2000,75f77a11b57c142012fafa94a0442f20d6ba5eff6db77fdddfbfa204481e78df
+E,E_P|log1p|uniform|permissive|none,P|log1p|uniform|permissive|none,block30,station_year_mean,all_sampled_dates,nonindustrial,bias,ng m-3,a_minus_b,-0.0286358370598637,-0.12485191626781234,0.07927322916970508,40,20,1,station,20260921,2000,75f77a11b57c142012fafa94a0442f20d6ba5eff6db77fdddfbfa204481e78df
+E,E_P|log1p|uniform|permissive|none,P|log1p|uniform|permissive|none,block30,station_year_mean,all_sampled_dates,nonindustrial_higher,RMSE,ng m-3,a_minus_b,-0.18561586159689397,-0.2527128658120473,-0.10359033137894265,20,10,1,station,20260921,2000,54d313e95dc309aa2e8ef845fd41708208c653e62ac636636faccd8f7f1e8a69
+E,E_P|log1p|uniform|permissive|none,P|log1p|uniform|permissive|none,block30,station_year_mean,all_sampled_dates,nonindustrial_higher,MAE,ng m-3,a_minus_b,-0.16349600844147477,-0.2499941875297939,-0.07813289436208964,20,10,1,station,20260921,2000,54d313e95dc309aa2e8ef845fd41708208c653e62ac636636faccd8f7f1e8a69
+E,E_P|log1p|uniform|permissive|none,P|log1p|uniform|permissive|none,block30,station_year_mean,all_sampled_dates,nonindustrial_higher,bias,ng m-3,a_minus_b,0.13579334801595783,0.022778911220004566,0.23797116517274394,20,10,1,station,20260921,2000,54d313e95dc309aa2e8ef845fd41708208c653e62ac636636faccd8f7f1e8a69
+E,E_P|log1p|uniform|permissive|none,P|log1p|uniform|permissive|none,block30,station_year_mean,all_sampled_dates,nonindustrial_lower,RMSE,ng m-3,a_minus_b,-0.23302123783449225,-0.3451846528385303,-0.1139464861787258,20,10,1,station,20260921,2000,670d7f6c2b4a419dd7125e6759a5a484d1cc22269df900a9e6b8100ba467cbdc
+E,E_P|log1p|uniform|permissive|none,P|log1p|uniform|permissive|none,block30,station_year_mean,all_sampled_dates,nonindustrial_lower,MAE,ng m-3,a_minus_b,-0.18348464403545126,-0.2937803484570662,-0.0893604745412176,20,10,1,station,20260921,2000,670d7f6c2b4a419dd7125e6759a5a484d1cc22269df900a9e6b8100ba467cbdc
+E,E_P|log1p|uniform|permissive|none,P|log1p|uniform|permissive|none,block30,station_year_mean,all_sampled_dates,nonindustrial_lower,bias,ng m-3,a_minus_b,-0.19306502213568524,-0.3054867963491921,-0.0923694504111326,20,10,1,station,20260921,2000,670d7f6c2b4a419dd7125e6759a5a484d1cc22269df900a9e6b8100ba467cbdc
+E,E_P|log1p|uniform|permissive|none,P|log1p|uniform|permissive|none,block30,daily_complete_pollutant_days,pollutant_availability_subset,all_network,RMSE,ng m-3,a_minus_b,-0.3104504708346092,-0.46031146496438186,-0.18793030271216613,4308,19,25,station_x_block,20260921,2000,67faf505efd6f0d6bb0b3f597eb172f8146b2effb0c729e07c637195e3ebcb3e
+E,E_P|log1p|uniform|permissive|none,P|log1p|uniform|permissive|none,block30,daily_complete_pollutant_days,pollutant_availability_subset,all_network,MAE,ng m-3,a_minus_b,-0.1868493223792851,-0.2925193070013488,-0.1110634450876455,4308,19,25,station_x_block,20260921,2000,67faf505efd6f0d6bb0b3f597eb172f8146b2effb0c729e07c637195e3ebcb3e
+E,E_P|log1p|uniform|permissive|none,P|log1p|uniform|permissive|none,block30,daily_complete_pollutant_days,pollutant_availability_subset,all_network,bias,ng m-3,a_minus_b,-0.020810632836453118,-0.18283515090105315,0.13261113630306043,4308,19,25,station_x_block,20260921,2000,67faf505efd6f0d6bb0b3f597eb172f8146b2effb0c729e07c637195e3ebcb3e
+E,E_P|log1p|uniform|permissive|none,P|log1p|uniform|permissive|none,block30,daily_complete_pollutant_days,pollutant_availability_subset,nonindustrial,RMSE,ng m-3,a_minus_b,-0.3104504708346092,-0.46031146496438186,-0.18793030271216613,4308,19,25,station_x_block,20260921,2000,67faf505efd6f0d6bb0b3f597eb172f8146b2effb0c729e07c637195e3ebcb3e
+E,E_P|log1p|uniform|permissive|none,P|log1p|uniform|permissive|none,block30,daily_complete_pollutant_days,pollutant_availability_subset,nonindustrial,MAE,ng m-3,a_minus_b,-0.1868493223792851,-0.2925193070013488,-0.1110634450876455,4308,19,25,station_x_block,20260921,2000,67faf505efd6f0d6bb0b3f597eb172f8146b2effb0c729e07c637195e3ebcb3e
+E,E_P|log1p|uniform|permissive|none,P|log1p|uniform|permissive|none,block30,daily_complete_pollutant_days,pollutant_availability_subset,nonindustrial,bias,ng m-3,a_minus_b,-0.020810632836453118,-0.18283515090105315,0.13261113630306043,4308,19,25,station_x_block,20260921,2000,67faf505efd6f0d6bb0b3f597eb172f8146b2effb0c729e07c637195e3ebcb3e
+E,E_P|log1p|uniform|permissive|none,P|log1p|uniform|permissive|none,block30,daily_complete_pollutant_days,pollutant_availability_subset,nonindustrial_higher,RMSE,ng m-3,a_minus_b,-0.2706999452801121,-0.4035048834853421,-0.14364936836099793,2339,10,25,station_x_block,20260921,2000,534366f7de3dae0bdb8358ad917802203a80c1991867cd2e723a3bcff37b3d6c
+E,E_P|log1p|uniform|permissive|none,P|log1p|uniform|permissive|none,block30,daily_complete_pollutant_days,pollutant_availability_subset,nonindustrial_higher,MAE,ng m-3,a_minus_b,-0.15902836683163746,-0.24982193962424695,-0.08089154666188159,2339,10,25,station_x_block,20260921,2000,534366f7de3dae0bdb8358ad917802203a80c1991867cd2e723a3bcff37b3d6c
+E,E_P|log1p|uniform|permissive|none,P|log1p|uniform|permissive|none,block30,daily_complete_pollutant_days,pollutant_availability_subset,nonindustrial_higher,bias,ng m-3,a_minus_b,0.15267652127370668,-0.007696120278083149,0.33910954230985146,2339,10,25,station_x_block,20260921,2000,534366f7de3dae0bdb8358ad917802203a80c1991867cd2e723a3bcff37b3d6c
+E,E_P|log1p|uniform|permissive|none,P|log1p|uniform|permissive|none,block30,daily_complete_pollutant_days,pollutant_availability_subset,nonindustrial_lower,RMSE,ng m-3,a_minus_b,-0.44808963965542353,-0.7345269946631827,-0.21320169517686466,1969,9,25,station_x_block,20260921,2000,0368b43e687ddcdc6346fedbf5a156f1aba1be1fd1ba4380fd3274ff5dae8093
+E,E_P|log1p|uniform|permissive|none,P|log1p|uniform|permissive|none,block30,daily_complete_pollutant_days,pollutant_availability_subset,nonindustrial_lower,MAE,ng m-3,a_minus_b,-0.21989818729850683,-0.365740044257982,-0.11536639891998574,1969,9,25,station_x_block,20260921,2000,0368b43e687ddcdc6346fedbf5a156f1aba1be1fd1ba4380fd3274ff5dae8093
+E,E_P|log1p|uniform|permissive|none,P|log1p|uniform|permissive|none,block30,daily_complete_pollutant_days,pollutant_availability_subset,nonindustrial_lower,bias,ng m-3,a_minus_b,-0.2268982171247537,-0.40051012589089235,-0.08775846240298679,1969,9,25,station_x_block,20260921,2000,0368b43e687ddcdc6346fedbf5a156f1aba1be1fd1ba4380fd3274ff5dae8093
+E,E_P|log1p|uniform|permissive|none,P|log1p|uniform|permissive|none,block30,daily_incomplete_pollutant_days,pollutant_availability_subset,all_network,RMSE,ng m-3,a_minus_b,-0.2735573532584388,-0.8583238361551591,-0.07150283098009018,781,19,25,station_x_block,20260921,2000,a75d46e1587e47378cd224d3428a99ff7be4ab89de4925dd4d16cf8a0d1c1e7e
+E,E_P|log1p|uniform|permissive|none,P|log1p|uniform|permissive|none,block30,daily_incomplete_pollutant_days,pollutant_availability_subset,all_network,MAE,ng m-3,a_minus_b,-0.2043870756953905,-0.5804189003606692,-0.04881520147461986,781,19,25,station_x_block,20260921,2000,a75d46e1587e47378cd224d3428a99ff7be4ab89de4925dd4d16cf8a0d1c1e7e
+E,E_P|log1p|uniform|permissive|none,P|log1p|uniform|permissive|none,block30,daily_incomplete_pollutant_days,pollutant_availability_subset,all_network,bias,ng m-3,a_minus_b,0.0017677844841229584,-0.5400799638861905,0.20270678824173727,781,19,25,station_x_block,20260921,2000,a75d46e1587e47378cd224d3428a99ff7be4ab89de4925dd4d16cf8a0d1c1e7e
+E,E_P|log1p|uniform|permissive|none,P|log1p|uniform|permissive|none,block30,daily_incomplete_pollutant_days,pollutant_availability_subset,nonindustrial,RMSE,ng m-3,a_minus_b,-0.3321325229834239,-1.0834036169850918,-0.049689001541160314,544,18,25,station_x_block,20260921,2000,b15751201784f3ba52ed7b95fe535bf1bd6a7ec1b2945af9917f7dc1c7560180
+E,E_P|log1p|uniform|permissive|none,P|log1p|uniform|permissive|none,block30,daily_incomplete_pollutant_days,pollutant_availability_subset,nonindustrial,MAE,ng m-3,a_minus_b,-0.12741069806636032,-0.697666926885187,-0.03285076593097238,544,18,25,station_x_block,20260921,2000,b15751201784f3ba52ed7b95fe535bf1bd6a7ec1b2945af9917f7dc1c7560180
+E,E_P|log1p|uniform|permissive|none,P|log1p|uniform|permissive|none,block30,daily_incomplete_pollutant_days,pollutant_availability_subset,nonindustrial,bias,ng m-3,a_minus_b,-0.1153758176983456,-0.7516918140267062,-0.014324836520049634,544,18,25,station_x_block,20260921,2000,b15751201784f3ba52ed7b95fe535bf1bd6a7ec1b2945af9917f7dc1c7560180
+E,E_P|log1p|uniform|permissive|none,P|log1p|uniform|permissive|none,block30,daily_incomplete_pollutant_days,pollutant_availability_subset,nonindustrial_higher,RMSE,ng m-3,a_minus_b,-0.8801484809464857,-1.5990457279150843,0.27914376855403555,55,8,12,station_x_block,20260921,2000,8bc742768f84e0cde5fbf4649429eaae5d0031446127da5adde987434322784b
+E,E_P|log1p|uniform|permissive|none,P|log1p|uniform|permissive|none,block30,daily_incomplete_pollutant_days,pollutant_availability_subset,nonindustrial_higher,MAE,ng m-3,a_minus_b,-0.5359364300545456,-1.1602223960697369,0.09298472982083342,55,8,12,station_x_block,20260921,2000,8bc742768f84e0cde5fbf4649429eaae5d0031446127da5adde987434322784b
+E,E_P|log1p|uniform|permissive|none,P|log1p|uniform|permissive|none,block30,daily_incomplete_pollutant_days,pollutant_availability_subset,nonindustrial_higher,bias,ng m-3,a_minus_b,-0.5909750268181818,-1.1757555413030616,0.11338387393892001,55,8,12,station_x_block,20260921,2000,8bc742768f84e0cde5fbf4649429eaae5d0031446127da5adde987434322784b
+E,E_P|log1p|uniform|permissive|none,P|log1p|uniform|permissive|none,block30,daily_incomplete_pollutant_days,pollutant_availability_subset,nonindustrial_lower,RMSE,ng m-3,a_minus_b,-0.2061441546485404,-1.2860288713430383,-0.03698997662295169,489,10,25,station_x_block,20260921,2000,3bea97d4042a40fb665f8bdd3eec8d09bb4adce450c662958c3439560b610ceb
+E,E_P|log1p|uniform|permissive|none,P|log1p|uniform|permissive|none,block30,daily_incomplete_pollutant_days,pollutant_availability_subset,nonindustrial_lower,MAE,ng m-3,a_minus_b,-0.08146199610449897,-0.7116586073761069,-0.025899858855631414,489,10,25,station_x_block,20260921,2000,3bea97d4042a40fb665f8bdd3eec8d09bb4adce450c662958c3439560b610ceb
+E,E_P|log1p|uniform|permissive|none,P|log1p|uniform|permissive|none,block30,daily_incomplete_pollutant_days,pollutant_availability_subset,nonindustrial_lower,bias,ng m-3,a_minus_b,-0.06188306411635994,-0.7982496273854046,0.001492051104525978,489,10,25,station_x_block,20260921,2000,3bea97d4042a40fb665f8bdd3eec8d09bb4adce450c662958c3439560b610ceb
+E,E_P|log1p|uniform|permissive|none,P|log1p|uniform|permissive|none,loso,daily,all_expected_targets,all_network,RMSE,ng m-3,a_minus_b,0.022891067673818544,-0.2014882724594231,0.15777108366063913,5089,21,1,station,20260921,2000,49422f1082065a9d47ebdfaf52caf564b1c3e1dad3fba927ae8da3a978f385a0
+E,E_P|log1p|uniform|permissive|none,P|log1p|uniform|permissive|none,loso,daily,all_expected_targets,all_network,MAE,ng m-3,a_minus_b,-0.03752629962341081,-0.11055646338099762,0.039878621768578905,5089,21,1,station,20260921,2000,49422f1082065a9d47ebdfaf52caf564b1c3e1dad3fba927ae8da3a978f385a0
+E,E_P|log1p|uniform|permissive|none,P|log1p|uniform|permissive|none,loso,daily,all_expected_targets,all_network,bias,ng m-3,a_minus_b,-0.005782963255858142,-0.12127781719864257,0.11234089420330023,5089,21,1,station,20260921,2000,49422f1082065a9d47ebdfaf52caf564b1c3e1dad3fba927ae8da3a978f385a0
+E,E_P|log1p|uniform|permissive|none,P|log1p|uniform|permissive|none,loso,daily,all_expected_targets,nonindustrial,RMSE,ng m-3,a_minus_b,-0.0369993761469134,-0.2297344766913171,0.19397241180956104,4852,20,1,station,20260921,2000,5d1137882eec8537744050437f9ce1b569790644db3bdcfe69d5597e07b2e781
+E,E_P|log1p|uniform|permissive|none,P|log1p|uniform|permissive|none,loso,daily,all_expected_targets,nonindustrial,MAE,ng m-3,a_minus_b,-0.052667787889641104,-0.11811496099685678,0.02276626527224212,4852,20,1,station,20260921,2000,5d1137882eec8537744050437f9ce1b569790644db3bdcfe69d5597e07b2e781
+E,E_P|log1p|uniform|permissive|none,P|log1p|uniform|permissive|none,loso,daily,all_expected_targets,nonindustrial,bias,ng m-3,a_minus_b,0.011450899131891588,-0.11121225344038788,0.1397897156503405,4852,20,1,station,20260921,2000,5d1137882eec8537744050437f9ce1b569790644db3bdcfe69d5597e07b2e781
+E,E_P|log1p|uniform|permissive|none,P|log1p|uniform|permissive|none,loso,daily,all_expected_targets,nonindustrial_higher,RMSE,ng m-3,a_minus_b,0.05784243283508261,-0.1995546877628629,0.3768158697158894,2394,10,1,station,20260921,2000,62f59d22b59dd9d7e2e072c7b3fe63144e2f3e8824a30706c4074510f362197d
+E,E_P|log1p|uniform|permissive|none,P|log1p|uniform|permissive|none,loso,daily,all_expected_targets,nonindustrial_higher,MAE,ng m-3,a_minus_b,-0.002315273336257473,-0.09326459063162398,0.11215044541035349,2394,10,1,station,20260921,2000,62f59d22b59dd9d7e2e072c7b3fe63144e2f3e8824a30706c4074510f362197d
+E,E_P|log1p|uniform|permissive|none,P|log1p|uniform|permissive|none,loso,daily,all_expected_targets,nonindustrial_higher,bias,ng m-3,a_minus_b,0.09705246160944037,-0.09921589467665633,0.2856410916628474,2394,10,1,station,20260921,2000,62f59d22b59dd9d7e2e072c7b3fe63144e2f3e8824a30706c4074510f362197d
+E,E_P|log1p|uniform|permissive|none,P|log1p|uniform|permissive|none,loso,daily,all_expected_targets,nonindustrial_lower,RMSE,ng m-3,a_minus_b,-0.2276937011855955,-0.40935823346434946,-0.05464169471845586,2458,10,1,station,20260921,2000,b29a851546d291a0d2f7dfae9c12846445d0e09a394514e7c02a871b374d99af
+E,E_P|log1p|uniform|permissive|none,P|log1p|uniform|permissive|none,loso,daily,all_expected_targets,nonindustrial_lower,MAE,ng m-3,a_minus_b,-0.10170925243024331,-0.1919232784379543,-0.016567681576724797,2458,10,1,station,20260921,2000,b29a851546d291a0d2f7dfae9c12846445d0e09a394514e7c02a871b374d99af
+E,E_P|log1p|uniform|permissive|none,P|log1p|uniform|permissive|none,loso,daily,all_expected_targets,nonindustrial_lower,bias,ng m-3,a_minus_b,-0.07192181875714485,-0.1874943241210592,0.042530813942658015,2458,10,1,station,20260921,2000,b29a851546d291a0d2f7dfae9c12846445d0e09a394514e7c02a871b374d99af
+E,E_P|log1p|uniform|permissive|none,P|log1p|uniform|permissive|none,loso,station_year_mean,all_sampled_dates,all_network,RMSE,ng m-3,a_minus_b,0.08279488806282154,-0.08279477153136007,0.1546839716943362,42,21,1,station,20260921,2000,a4b83f112a2a39d7bb39c1c70c56f5678dc7ac9449f27af54e02cbafaafd9a52
+E,E_P|log1p|uniform|permissive|none,P|log1p|uniform|permissive|none,loso,station_year_mean,all_sampled_dates,all_network,MAE,ng m-3,a_minus_b,0.009797104173488114,-0.09988893800931012,0.11580925082906855,42,21,1,station,20260921,2000,a4b83f112a2a39d7bb39c1c70c56f5678dc7ac9449f27af54e02cbafaafd9a52
+E,E_P|log1p|uniform|permissive|none,P|log1p|uniform|permissive|none,loso,station_year_mean,all_sampled_dates,all_network,bias,ng m-3,a_minus_b,-0.010970470082574846,-0.1228180109054615,0.10136393348422461,42,21,1,station,20260921,2000,a4b83f112a2a39d7bb39c1c70c56f5678dc7ac9449f27af54e02cbafaafd9a52
+E,E_P|log1p|uniform|permissive|none,P|log1p|uniform|permissive|none,loso,station_year_mean,all_sampled_dates,nonindustrial,RMSE,ng m-3,a_minus_b,0.026968212945158,-0.11404089199261436,0.15291052352004603,40,20,1,station,20260921,2000,75f77a11b57c142012fafa94a0442f20d6ba5eff6db77fdddfbfa204481e78df
+E,E_P|log1p|uniform|permissive|none,P|log1p|uniform|permissive|none,loso,station_year_mean,all_sampled_dates,nonindustrial,MAE,ng m-3,a_minus_b,-0.007650081764898009,-0.11337444996764076,0.09688410831208952,40,20,1,station,20260921,2000,75f77a11b57c142012fafa94a0442f20d6ba5eff6db77fdddfbfa204481e78df
+E,E_P|log1p|uniform|permissive|none,P|log1p|uniform|permissive|none,loso,station_year_mean,all_sampled_dates,nonindustrial,bias,ng m-3,a_minus_b,0.006418047560357049,-0.11115474302989156,0.1253516743047314,40,20,1,station,20260921,2000,75f77a11b57c142012fafa94a0442f20d6ba5eff6db77fdddfbfa204481e78df
+E,E_P|log1p|uniform|permissive|none,P|log1p|uniform|permissive|none,loso,station_year_mean,all_sampled_dates,nonindustrial_higher,RMSE,ng m-3,a_minus_b,0.09374786401949503,-0.10747242804661303,0.2607793522394426,20,10,1,station,20260921,2000,54d313e95dc309aa2e8ef845fd41708208c653e62ac636636faccd8f7f1e8a69
+E,E_P|log1p|uniform|permissive|none,P|log1p|uniform|permissive|none,loso,station_year_mean,all_sampled_dates,nonindustrial_higher,MAE,ng m-3,a_minus_b,0.03933137544911364,-0.13284294793745494,0.20593806124793973,20,10,1,station,20260921,2000,54d313e95dc309aa2e8ef845fd41708208c653e62ac636636faccd8f7f1e8a69
+E,E_P|log1p|uniform|permissive|none,P|log1p|uniform|permissive|none,loso,station_year_mean,all_sampled_dates,nonindustrial_higher,bias,ng m-3,a_minus_b,0.08017128571455914,-0.11018041530099595,0.2631277116765783,20,10,1,station,20260921,2000,54d313e95dc309aa2e8ef845fd41708208c653e62ac636636faccd8f7f1e8a69
+E,E_P|log1p|uniform|permissive|none,P|log1p|uniform|permissive|none,loso,station_year_mean,all_sampled_dates,nonindustrial_lower,RMSE,ng m-3,a_minus_b,-0.10296126301089698,-0.21625315865445047,0.042930553325268135,20,10,1,station,20260921,2000,670d7f6c2b4a419dd7125e6759a5a484d1cc22269df900a9e6b8100ba467cbdc
+E,E_P|log1p|uniform|permissive|none,P|log1p|uniform|permissive|none,loso,station_year_mean,all_sampled_dates,nonindustrial_lower,MAE,ng m-3,a_minus_b,-0.05463153897890971,-0.17744062950599115,0.07081354918385804,20,10,1,station,20260921,2000,670d7f6c2b4a419dd7125e6759a5a484d1cc22269df900a9e6b8100ba467cbdc
+E,E_P|log1p|uniform|permissive|none,P|log1p|uniform|permissive|none,loso,station_year_mean,all_sampled_dates,nonindustrial_lower,bias,ng m-3,a_minus_b,-0.06733519059384516,-0.18305871022795472,0.046560411499583454,20,10,1,station,20260921,2000,670d7f6c2b4a419dd7125e6759a5a484d1cc22269df900a9e6b8100ba467cbdc
+E,E_P|log1p|uniform|permissive|none,P|log1p|uniform|permissive|none,loso,daily_complete_pollutant_days,pollutant_availability_subset,all_network,RMSE,ng m-3,a_minus_b,-0.030805807389453155,-0.24840728652068417,0.2142541509928417,4308,19,1,station,20260921,2000,67faf505efd6f0d6bb0b3f597eb172f8146b2effb0c729e07c637195e3ebcb3e
+E,E_P|log1p|uniform|permissive|none,P|log1p|uniform|permissive|none,loso,daily_complete_pollutant_days,pollutant_availability_subset,all_network,MAE,ng m-3,a_minus_b,-0.06181153372654835,-0.13359949771046573,0.018337681683044837,4308,19,1,station,20260921,2000,67faf505efd6f0d6bb0b3f597eb172f8146b2effb0c729e07c637195e3ebcb3e
+E,E_P|log1p|uniform|permissive|none,P|log1p|uniform|permissive|none,loso,daily_complete_pollutant_days,pollutant_availability_subset,all_network,bias,ng m-3,a_minus_b,0.012978943596882564,-0.11869790804045627,0.14845863929673253,4308,19,1,station,20260921,2000,67faf505efd6f0d6bb0b3f597eb172f8146b2effb0c729e07c637195e3ebcb3e
+E,E_P|log1p|uniform|permissive|none,P|log1p|uniform|permissive|none,loso,daily_complete_pollutant_days,pollutant_availability_subset,nonindustrial,RMSE,ng m-3,a_minus_b,-0.030805807389453155,-0.24840728652068417,0.2142541509928417,4308,19,1,station,20260921,2000,67faf505efd6f0d6bb0b3f597eb172f8146b2effb0c729e07c637195e3ebcb3e
+E,E_P|log1p|uniform|permissive|none,P|log1p|uniform|permissive|none,loso,daily_complete_pollutant_days,pollutant_availability_subset,nonindustrial,MAE,ng m-3,a_minus_b,-0.06181153372654835,-0.13359949771046573,0.018337681683044837,4308,19,1,station,20260921,2000,67faf505efd6f0d6bb0b3f597eb172f8146b2effb0c729e07c637195e3ebcb3e
+E,E_P|log1p|uniform|permissive|none,P|log1p|uniform|permissive|none,loso,daily_complete_pollutant_days,pollutant_availability_subset,nonindustrial,bias,ng m-3,a_minus_b,0.012978943596882564,-0.11869790804045627,0.14845863929673253,4308,19,1,station,20260921,2000,67faf505efd6f0d6bb0b3f597eb172f8146b2effb0c729e07c637195e3ebcb3e
+E,E_P|log1p|uniform|permissive|none,P|log1p|uniform|permissive|none,loso,daily_complete_pollutant_days,pollutant_availability_subset,nonindustrial_higher,RMSE,ng m-3,a_minus_b,0.07332365840426114,-0.19578367762980167,0.39559169825019236,2339,10,1,station,20260921,2000,534366f7de3dae0bdb8358ad917802203a80c1991867cd2e723a3bcff37b3d6c
+E,E_P|log1p|uniform|permissive|none,P|log1p|uniform|permissive|none,loso,daily_complete_pollutant_days,pollutant_availability_subset,nonindustrial_higher,MAE,ng m-3,a_minus_b,0.004838799494228163,-0.08976904604824922,0.12553985322012684,2339,10,1,station,20260921,2000,534366f7de3dae0bdb8358ad917802203a80c1991867cd2e723a3bcff37b3d6c
+E,E_P|log1p|uniform|permissive|none,P|log1p|uniform|permissive|none,loso,daily_complete_pollutant_days,pollutant_availability_subset,nonindustrial_higher,bias,ng m-3,a_minus_b,0.10850939005087648,-0.09484091538827295,0.2989417031052955,2339,10,1,station,20260921,2000,534366f7de3dae0bdb8358ad917802203a80c1991867cd2e723a3bcff37b3d6c
+E,E_P|log1p|uniform|permissive|none,P|log1p|uniform|permissive|none,loso,daily_complete_pollutant_days,pollutant_availability_subset,nonindustrial_lower,RMSE,ng m-3,a_minus_b,-0.28681167533997987,-0.4630940730219197,-0.10221025580656566,1969,9,1,station,20260921,2000,0368b43e687ddcdc6346fedbf5a156f1aba1be1fd1ba4380fd3274ff5dae8093
+E,E_P|log1p|uniform|permissive|none,P|log1p|uniform|permissive|none,loso,daily_complete_pollutant_days,pollutant_availability_subset,nonindustrial_lower,MAE,ng m-3,a_minus_b,-0.14098630742050283,-0.225105962149402,-0.06438646789320633,1969,9,1,station,20260921,2000,0368b43e687ddcdc6346fedbf5a156f1aba1be1fd1ba4380fd3274ff5dae8093
+E,E_P|log1p|uniform|permissive|none,P|log1p|uniform|permissive|none,loso,daily_complete_pollutant_days,pollutant_availability_subset,nonindustrial_lower,bias,ng m-3,a_minus_b,-0.10050288182510408,-0.22555504550883787,0.04534241693630898,1969,9,1,station,20260921,2000,0368b43e687ddcdc6346fedbf5a156f1aba1be1fd1ba4380fd3274ff5dae8093
+E,E_P|log1p|uniform|permissive|none,P|log1p|uniform|permissive|none,loso,daily_incomplete_pollutant_days,pollutant_availability_subset,all_network,RMSE,ng m-3,a_minus_b,0.1059998159534139,-0.599072536661678,0.17791024031670688,781,19,1,station,20260921,2000,a75d46e1587e47378cd224d3428a99ff7be4ab89de4925dd4d16cf8a0d1c1e7e
+E,E_P|log1p|uniform|permissive|none,P|log1p|uniform|permissive|none,loso,daily_incomplete_pollutant_days,pollutant_availability_subset,all_network,MAE,ng m-3,a_minus_b,0.0964311760696952,-0.3070699107224661,0.20039714553546642,781,19,1,station,20260921,2000,a75d46e1587e47378cd224d3428a99ff7be4ab89de4925dd4d16cf8a0d1c1e7e
+E,E_P|log1p|uniform|permissive|none,P|log1p|uniform|permissive|none,loso,daily_incomplete_pollutant_days,pollutant_availability_subset,all_network,bias,ng m-3,a_minus_b,-0.10927373754728786,-0.42361233816214994,0.06679038916133831,781,19,1,station,20260921,2000,a75d46e1587e47378cd224d3428a99ff7be4ab89de4925dd4d16cf8a0d1c1e7e
+E,E_P|log1p|uniform|permissive|none,P|log1p|uniform|permissive|none,loso,daily_incomplete_pollutant_days,pollutant_availability_subset,nonindustrial,RMSE,ng m-3,a_minus_b,-0.10637216360820578,-0.7843794411753842,0.10576285770441358,544,18,1,station,20260921,2000,b15751201784f3ba52ed7b95fe535bf1bd6a7ec1b2945af9917f7dc1c7560180
+E,E_P|log1p|uniform|permissive|none,P|log1p|uniform|permissive|none,loso,daily_incomplete_pollutant_days,pollutant_availability_subset,nonindustrial,MAE,ng m-3,a_minus_b,0.01974261112763237,-0.43082636778555555,0.12248441637909925,544,18,1,station,20260921,2000,b15751201784f3ba52ed7b95fe535bf1bd6a7ec1b2945af9917f7dc1c7560180
+E,E_P|log1p|uniform|permissive|none,P|log1p|uniform|permissive|none,loso,daily_incomplete_pollutant_days,pollutant_availability_subset,nonindustrial,bias,ng m-3,a_minus_b,-0.0006498647563087934,-0.5118423313814034,0.08877195632106522,544,18,1,station,20260921,2000,b15751201784f3ba52ed7b95fe535bf1bd6a7ec1b2945af9917f7dc1c7560180
+E,E_P|log1p|uniform|permissive|none,P|log1p|uniform|permissive|none,loso,daily_incomplete_pollutant_days,pollutant_availability_subset,nonindustrial_higher,RMSE,ng m-3,a_minus_b,-0.5886294186424939,-0.9652469823262135,0.2206329598186731,55,8,1,station,20260921,2000,8bc742768f84e0cde5fbf4649429eaae5d0031446127da5adde987434322784b
+E,E_P|log1p|uniform|permissive|none,P|log1p|uniform|permissive|none,loso,daily_incomplete_pollutant_days,pollutant_availability_subset,nonindustrial_higher,MAE,ng m-3,a_minus_b,-0.306558479709091,-0.5070394710894803,0.07130094635912694,55,8,1,station,20260921,2000,8bc742768f84e0cde5fbf4649429eaae5d0031446127da5adde987434322784b
+E,E_P|log1p|uniform|permissive|none,P|log1p|uniform|permissive|none,loso,daily_incomplete_pollutant_days,pollutant_availability_subset,nonindustrial_higher,bias,ng m-3,a_minus_b,-0.39017945883636374,-0.770710134457803,0.09720362580024491,55,8,1,station,20260921,2000,8bc742768f84e0cde5fbf4649429eaae5d0031446127da5adde987434322784b
+E,E_P|log1p|uniform|permissive|none,P|log1p|uniform|permissive|none,loso,daily_incomplete_pollutant_days,pollutant_availability_subset,nonindustrial_lower,RMSE,ng m-3,a_minus_b,-0.0050689767208667025,-0.969101350318654,0.16154894918772708,489,10,1,station,20260921,2000,3bea97d4042a40fb665f8bdd3eec8d09bb4adce450c662958c3439560b610ceb
+E,E_P|log1p|uniform|permissive|none,P|log1p|uniform|permissive|none,loso,daily_incomplete_pollutant_days,pollutant_availability_subset,nonindustrial_lower,MAE,ng m-3,a_minus_b,0.05644314281683427,-0.515976795941678,0.15598143313133464,489,10,1,station,20260921,2000,3bea97d4042a40fb665f8bdd3eec8d09bb4adce450c662958c3439560b610ceb
+E,E_P|log1p|uniform|permissive|none,P|log1p|uniform|permissive|none,loso,daily_incomplete_pollutant_days,pollutant_availability_subset,nonindustrial_lower,bias,ng m-3,a_minus_b,0.043162257277235175,-0.554097941863951,0.1138082360676639,489,10,1,station,20260921,2000,3bea97d4042a40fb665f8bdd3eec8d09bb4adce450c662958c3439560b610ceb
+P,E_P|log1p|uniform|permissive|none,E|log1p|uniform|permissive|none,block30,daily,all_expected_targets,all_network,RMSE,ng m-3,a_minus_b,-0.2650034654561664,-0.4855688635038894,-0.12741918671280483,5089,21,25,station_x_block,20260921,2000,49422f1082065a9d47ebdfaf52caf564b1c3e1dad3fba927ae8da3a978f385a0
+P,E_P|log1p|uniform|permissive|none,E|log1p|uniform|permissive|none,block30,daily,all_expected_targets,all_network,MAE,ng m-3,a_minus_b,-0.12171379890808803,-0.22624891015125076,-0.04460335736785922,5089,21,25,station_x_block,20260921,2000,49422f1082065a9d47ebdfaf52caf564b1c3e1dad3fba927ae8da3a978f385a0
+P,E_P|log1p|uniform|permissive|none,E|log1p|uniform|permissive|none,block30,daily,all_expected_targets,all_network,bias,ng m-3,a_minus_b,0.04639069758091176,-0.02388311483909793,0.13496675723907012,5089,21,25,station_x_block,20260921,2000,49422f1082065a9d47ebdfaf52caf564b1c3e1dad3fba927ae8da3a978f385a0
+P,E_P|log1p|uniform|permissive|none,E|log1p|uniform|permissive|none,block30,daily,all_expected_targets,nonindustrial,RMSE,ng m-3,a_minus_b,-0.3066075430215801,-0.5210430985191224,-0.11662476048039308,4852,20,25,station_x_block,20260921,2000,5d1137882eec8537744050437f9ce1b569790644db3bdcfe69d5597e07b2e781
+P,E_P|log1p|uniform|permissive|none,E|log1p|uniform|permissive|none,block30,daily,all_expected_targets,nonindustrial,MAE,ng m-3,a_minus_b,-0.11223794316843783,-0.2249972903127808,-0.039322253895588286,4852,20,25,station_x_block,20260921,2000,5d1137882eec8537744050437f9ce1b569790644db3bdcfe69d5597e07b2e781
+P,E_P|log1p|uniform|permissive|none,E|log1p|uniform|permissive|none,block30,daily,all_expected_targets,nonindustrial,bias,ng m-3,a_minus_b,0.02791275078302968,-0.028958420243016446,0.09308625622061617,4852,20,25,station_x_block,20260921,2000,5d1137882eec8537744050437f9ce1b569790644db3bdcfe69d5597e07b2e781
+P,E_P|log1p|uniform|permissive|none,E|log1p|uniform|permissive|none,block30,daily,all_expected_targets,nonindustrial_higher,RMSE,ng m-3,a_minus_b,-0.4441439559493253,-0.7201848970741389,-0.17775864690229082,2394,10,25,station_x_block,20260921,2000,62f59d22b59dd9d7e2e072c7b3fe63144e2f3e8824a30706c4074510f362197d
+P,E_P|log1p|uniform|permissive|none,E|log1p|uniform|permissive|none,block30,daily,all_expected_targets,nonindustrial_higher,MAE,ng m-3,a_minus_b,-0.1973000577982874,-0.3703577775704439,-0.06751114802149558,2394,10,25,station_x_block,20260921,2000,62f59d22b59dd9d7e2e072c7b3fe63144e2f3e8824a30706c4074510f362197d
+P,E_P|log1p|uniform|permissive|none,E|log1p|uniform|permissive|none,block30,daily,all_expected_targets,nonindustrial_higher,bias,ng m-3,a_minus_b,0.058122166916917295,-0.039995505948250146,0.16263008432302134,2394,10,25,station_x_block,20260921,2000,62f59d22b59dd9d7e2e072c7b3fe63144e2f3e8824a30706c4074510f362197d
+P,E_P|log1p|uniform|permissive|none,E|log1p|uniform|permissive|none,block30,daily,all_expected_targets,nonindustrial_lower,RMSE,ng m-3,a_minus_b,-0.052352801499368995,-0.11880277324928146,0.004197579478343802,2458,10,25,station_x_block,20260921,2000,b29a851546d291a0d2f7dfae9c12846445d0e09a394514e7c02a871b374d99af
+P,E_P|log1p|uniform|permissive|none,E|log1p|uniform|permissive|none,block30,daily,all_expected_targets,nonindustrial_lower,MAE,ng m-3,a_minus_b,-0.02939062729217251,-0.06281819863368043,-0.004544969959716566,2458,10,25,station_x_block,20260921,2000,b29a851546d291a0d2f7dfae9c12846445d0e09a394514e7c02a871b374d99af
+P,E_P|log1p|uniform|permissive|none,E|log1p|uniform|permissive|none,block30,daily,all_expected_targets,nonindustrial_lower,bias,ng m-3,a_minus_b,-0.0015100898290642782,-0.04382464878838694,0.03563673717081437,2458,10,25,station_x_block,20260921,2000,b29a851546d291a0d2f7dfae9c12846445d0e09a394514e7c02a871b374d99af
+P,E_P|log1p|uniform|permissive|none,E|log1p|uniform|permissive|none,block30,station_year_mean,all_sampled_dates,all_network,RMSE,ng m-3,a_minus_b,-0.09797887942996103,-0.16615187094665063,-0.012457801240355674,42,21,1,station,20260921,2000,a4b83f112a2a39d7bb39c1c70c56f5678dc7ac9449f27af54e02cbafaafd9a52
+P,E_P|log1p|uniform|permissive|none,E|log1p|uniform|permissive|none,block30,station_year_mean,all_sampled_dates,all_network,MAE,ng m-3,a_minus_b,-0.040318601571557894,-0.08298384443967377,-0.011195915067034636,42,21,1,station,20260921,2000,a4b83f112a2a39d7bb39c1c70c56f5678dc7ac9449f27af54e02cbafaafd9a52
+P,E_P|log1p|uniform|permissive|none,E|log1p|uniform|permissive|none,block30,station_year_mean,all_sampled_dates,all_network,bias,ng m-3,a_minus_b,0.04570294610941521,0.012544547000660105,0.08784715218095741,42,21,1,station,20260921,2000,a4b83f112a2a39d7bb39c1c70c56f5678dc7ac9449f27af54e02cbafaafd9a52
+P,E_P|log1p|uniform|permissive|none,E|log1p|uniform|permissive|none,block30,station_year_mean,all_sampled_dates,nonindustrial,RMSE,ng m-3,a_minus_b,-0.028408047284550444,-0.04953638986910483,-0.007478829498475278,40,20,1,station,20260921,2000,75f77a11b57c142012fafa94a0442f20d6ba5eff6db77fdddfbfa204481e78df
+P,E_P|log1p|uniform|permissive|none,E|log1p|uniform|permissive|none,block30,station_year_mean,all_sampled_dates,nonindustrial,MAE,ng m-3,a_minus_b,-0.02104774286662918,-0.03648433216347436,-0.008144786686990048,40,20,1,station,20260921,2000,75f77a11b57c142012fafa94a0442f20d6ba5eff6db77fdddfbfa204481e78df
+P,E_P|log1p|uniform|permissive|none,E|log1p|uniform|permissive|none,block30,station_year_mean,all_sampled_dates,nonindustrial,bias,ng m-3,a_minus_b,0.026701304631379385,0.006361111663714831,0.04775682281535569,40,20,1,station,20260921,2000,75f77a11b57c142012fafa94a0442f20d6ba5eff6db77fdddfbfa204481e78df
+P,E_P|log1p|uniform|permissive|none,E|log1p|uniform|permissive|none,block30,station_year_mean,all_sampled_dates,nonindustrial_higher,RMSE,ng m-3,a_minus_b,-0.03488385944419774,-0.06636145452234338,0.0005909514983123959,20,10,1,station,20260921,2000,54d313e95dc309aa2e8ef845fd41708208c653e62ac636636faccd8f7f1e8a69
+P,E_P|log1p|uniform|permissive|none,E|log1p|uniform|permissive|none,block30,station_year_mean,all_sampled_dates,nonindustrial_higher,MAE,ng m-3,a_minus_b,-0.02137687014666803,-0.048965860841134884,0.0010268300927371325,20,10,1,station,20260921,2000,54d313e95dc309aa2e8ef845fd41708208c653e62ac636636faccd8f7f1e8a69
+P,E_P|log1p|uniform|permissive|none,E|log1p|uniform|permissive|none,block30,station_year_mean,all_sampled_dates,nonindustrial_higher,bias,ng m-3,a_minus_b,0.05409478939007976,0.02739315393647719,0.08173948048489987,20,10,1,station,20260921,2000,54d313e95dc309aa2e8ef845fd41708208c653e62ac636636faccd8f7f1e8a69
+P,E_P|log1p|uniform|permissive|none,E|log1p|uniform|permissive|none,block30,station_year_mean,all_sampled_dates,nonindustrial_lower,RMSE,ng m-3,a_minus_b,-0.01999901657600124,-0.0319053181139452,-0.008487755099167995,20,10,1,station,20260921,2000,670d7f6c2b4a419dd7125e6759a5a484d1cc22269df900a9e6b8100ba467cbdc
+P,E_P|log1p|uniform|permissive|none,E|log1p|uniform|permissive|none,block30,station_year_mean,all_sampled_dates,nonindustrial_lower,MAE,ng m-3,a_minus_b,-0.020718615586590293,-0.03288474305358009,-0.008989580916156644,20,10,1,station,20260921,2000,670d7f6c2b4a419dd7125e6759a5a484d1cc22269df900a9e6b8100ba467cbdc
+P,E_P|log1p|uniform|permissive|none,E|log1p|uniform|permissive|none,block30,station_year_mean,all_sampled_dates,nonindustrial_lower,bias,ng m-3,a_minus_b,-0.0006921801273209825,-0.02027040636748631,0.017208502358388677,20,10,1,station,20260921,2000,670d7f6c2b4a419dd7125e6759a5a484d1cc22269df900a9e6b8100ba467cbdc
+P,E_P|log1p|uniform|permissive|none,E|log1p|uniform|permissive|none,block30,daily_complete_pollutant_days,pollutant_availability_subset,all_network,RMSE,ng m-3,a_minus_b,-0.33815672974164435,-0.543697964971725,-0.1359961178206642,4308,19,25,station_x_block,20260921,2000,67faf505efd6f0d6bb0b3f597eb172f8146b2effb0c729e07c637195e3ebcb3e
+P,E_P|log1p|uniform|permissive|none,E|log1p|uniform|permissive|none,block30,daily_complete_pollutant_days,pollutant_availability_subset,all_network,MAE,ng m-3,a_minus_b,-0.12989252885651353,-0.2412495479314851,-0.049434204604367066,4308,19,25,station_x_block,20260921,2000,67faf505efd6f0d6bb0b3f597eb172f8146b2effb0c729e07c637195e3ebcb3e
+P,E_P|log1p|uniform|permissive|none,E|log1p|uniform|permissive|none,block30,daily_complete_pollutant_days,pollutant_availability_subset,all_network,bias,ng m-3,a_minus_b,0.026330293677776218,-0.03823973177132205,0.09956746634366322,4308,19,25,station_x_block,20260921,2000,67faf505efd6f0d6bb0b3f597eb172f8146b2effb0c729e07c637195e3ebcb3e
+P,E_P|log1p|uniform|permissive|none,E|log1p|uniform|permissive|none,block30,daily_complete_pollutant_days,pollutant_availability_subset,nonindustrial,RMSE,ng m-3,a_minus_b,-0.33815672974164435,-0.543697964971725,-0.1359961178206642,4308,19,25,station_x_block,20260921,2000,67faf505efd6f0d6bb0b3f597eb172f8146b2effb0c729e07c637195e3ebcb3e
+P,E_P|log1p|uniform|permissive|none,E|log1p|uniform|permissive|none,block30,daily_complete_pollutant_days,pollutant_availability_subset,nonindustrial,MAE,ng m-3,a_minus_b,-0.12989252885651353,-0.2412495479314851,-0.049434204604367066,4308,19,25,station_x_block,20260921,2000,67faf505efd6f0d6bb0b3f597eb172f8146b2effb0c729e07c637195e3ebcb3e
+P,E_P|log1p|uniform|permissive|none,E|log1p|uniform|permissive|none,block30,daily_complete_pollutant_days,pollutant_availability_subset,nonindustrial,bias,ng m-3,a_minus_b,0.026330293677776218,-0.03823973177132205,0.09956746634366322,4308,19,25,station_x_block,20260921,2000,67faf505efd6f0d6bb0b3f597eb172f8146b2effb0c729e07c637195e3ebcb3e
+P,E_P|log1p|uniform|permissive|none,E|log1p|uniform|permissive|none,block30,daily_complete_pollutant_days,pollutant_availability_subset,nonindustrial_higher,RMSE,ng m-3,a_minus_b,-0.45948217059832264,-0.7359305328699003,-0.19033660392880433,2339,10,25,station_x_block,20260921,2000,534366f7de3dae0bdb8358ad917802203a80c1991867cd2e723a3bcff37b3d6c
+P,E_P|log1p|uniform|permissive|none,E|log1p|uniform|permissive|none,block30,daily_complete_pollutant_days,pollutant_availability_subset,nonindustrial_higher,MAE,ng m-3,a_minus_b,-0.2078056803181274,-0.3787048202334844,-0.07848723187061464,2339,10,25,station_x_block,20260921,2000,534366f7de3dae0bdb8358ad917802203a80c1991867cd2e723a3bcff37b3d6c
+P,E_P|log1p|uniform|permissive|none,E|log1p|uniform|permissive|none,block30,daily_complete_pollutant_days,pollutant_availability_subset,nonindustrial_higher,bias,ng m-3,a_minus_b,0.050291534122317225,-0.04618926743427403,0.15659093268537752,2339,10,25,station_x_block,20260921,2000,534366f7de3dae0bdb8358ad917802203a80c1991867cd2e723a3bcff37b3d6c
+P,E_P|log1p|uniform|permissive|none,E|log1p|uniform|permissive|none,block30,daily_complete_pollutant_days,pollutant_availability_subset,nonindustrial_lower,RMSE,ng m-3,a_minus_b,-0.07401687561850223,-0.14410571697317268,-0.011782175418631179,1969,9,25,station_x_block,20260921,2000,0368b43e687ddcdc6346fedbf5a156f1aba1be1fd1ba4380fd3274ff5dae8093
+P,E_P|log1p|uniform|permissive|none,E|log1p|uniform|permissive|none,block30,daily_complete_pollutant_days,pollutant_availability_subset,nonindustrial_lower,MAE,ng m-3,a_minus_b,-0.03733851094452004,-0.07337905020204236,-0.011064207416980148,1969,9,25,station_x_block,20260921,2000,0368b43e687ddcdc6346fedbf5a156f1aba1be1fd1ba4380fd3274ff5dae8093
+P,E_P|log1p|uniform|permissive|none,E|log1p|uniform|permissive|none,block30,daily_complete_pollutant_days,pollutant_availability_subset,nonindustrial_lower,bias,ng m-3,a_minus_b,-0.002133566860457091,-0.04836405561451565,0.039949473821694684,1969,9,25,station_x_block,20260921,2000,0368b43e687ddcdc6346fedbf5a156f1aba1be1fd1ba4380fd3274ff5dae8093
+P,E_P|log1p|uniform|permissive|none,E|log1p|uniform|permissive|none,block30,daily_incomplete_pollutant_days,pollutant_availability_subset,all_network,RMSE,ng m-3,a_minus_b,-0.27154037131444486,-0.5403619674822969,0.35162751521513624,781,19,25,station_x_block,20260921,2000,a75d46e1587e47378cd224d3428a99ff7be4ab89de4925dd4d16cf8a0d1c1e7e
+P,E_P|log1p|uniform|permissive|none,E|log1p|uniform|permissive|none,block30,daily_incomplete_pollutant_days,pollutant_availability_subset,all_network,MAE,ng m-3,a_minus_b,-0.07659988262407169,-0.2638763593275039,0.1946775375919475,781,19,25,station_x_block,20260921,2000,a75d46e1587e47378cd224d3428a99ff7be4ab89de4925dd4d16cf8a0d1c1e7e
+P,E_P|log1p|uniform|permissive|none,E|log1p|uniform|permissive|none,block30,daily_incomplete_pollutant_days,pollutant_availability_subset,all_network,bias,ng m-3,a_minus_b,0.15704398825275284,-0.02081233004332729,0.4803166598525294,781,19,25,station_x_block,20260921,2000,a75d46e1587e47378cd224d3428a99ff7be4ab89de4925dd4d16cf8a0d1c1e7e
+P,E_P|log1p|uniform|permissive|none,E|log1p|uniform|permissive|none,block30,daily_incomplete_pollutant_days,pollutant_availability_subset,nonindustrial,RMSE,ng m-3,a_minus_b,0.09236175005259745,-0.05679430906397287,0.5061077768191344,544,18,25,station_x_block,20260921,2000,b15751201784f3ba52ed7b95fe535bf1bd6a7ec1b2945af9917f7dc1c7560180
+P,E_P|log1p|uniform|permissive|none,E|log1p|uniform|permissive|none,block30,daily_incomplete_pollutant_days,pollutant_availability_subset,nonindustrial,MAE,ng m-3,a_minus_b,0.0275707979055147,-0.03898183709939946,0.3295280520567829,544,18,25,station_x_block,20260921,2000,b15751201784f3ba52ed7b95fe535bf1bd6a7ec1b2945af9917f7dc1c7560180
+P,E_P|log1p|uniform|permissive|none,E|log1p|uniform|permissive|none,block30,daily_incomplete_pollutant_days,pollutant_availability_subset,nonindustrial,bias,ng m-3,a_minus_b,0.04044441477095588,-0.033776336591540466,0.40380820994371974,544,18,25,station_x_block,20260921,2000,b15751201784f3ba52ed7b95fe535bf1bd6a7ec1b2945af9917f7dc1c7560180
+P,E_P|log1p|uniform|permissive|none,E|log1p|uniform|permissive|none,block30,daily_incomplete_pollutant_days,pollutant_availability_subset,nonindustrial_higher,RMSE,ng m-3,a_minus_b,0.4111666689949258,-0.5486168828469032,0.9858162049723534,55,8,12,station_x_block,20260921,2000,8bc742768f84e0cde5fbf4649429eaae5d0031446127da5adde987434322784b
+P,E_P|log1p|uniform|permissive|none,E|log1p|uniform|permissive|none,block30,daily_incomplete_pollutant_days,pollutant_availability_subset,nonindustrial_higher,MAE,ng m-3,a_minus_b,0.2494754162727273,-0.3626077127671568,0.6395752548732959,55,8,12,station_x_block,20260921,2000,8bc742768f84e0cde5fbf4649429eaae5d0031446127da5adde987434322784b
+P,E_P|log1p|uniform|permissive|none,E|log1p|uniform|permissive|none,block30,daily_incomplete_pollutant_days,pollutant_availability_subset,nonindustrial_higher,bias,ng m-3,a_minus_b,0.3911376233999999,-0.0600865985056391,0.8414169422128205,55,8,12,station_x_block,20260921,2000,8bc742768f84e0cde5fbf4649429eaae5d0031446127da5adde987434322784b
+P,E_P|log1p|uniform|permissive|none,E|log1p|uniform|permissive|none,block30,daily_incomplete_pollutant_days,pollutant_availability_subset,nonindustrial_lower,RMSE,ng m-3,a_minus_b,0.026765949552108426,-0.04313725536330452,0.3526170308266492,489,10,25,station_x_block,20260921,2000,3bea97d4042a40fb665f8bdd3eec8d09bb4adce450c662958c3439560b610ceb
+P,E_P|log1p|uniform|permissive|none,E|log1p|uniform|permissive|none,block30,daily_incomplete_pollutant_days,pollutant_availability_subset,nonindustrial_lower,MAE,ng m-3,a_minus_b,0.002612200747648258,-0.04005112542125718,0.24886238486339282,489,10,25,station_x_block,20260921,2000,3bea97d4042a40fb665f8bdd3eec8d09bb4adce450c662958c3439560b610ceb
+P,E_P|log1p|uniform|permissive|none,E|log1p|uniform|permissive|none,block30,daily_incomplete_pollutant_days,pollutant_availability_subset,nonindustrial_lower,bias,ng m-3,a_minus_b,0.001000393350511249,-0.04785908623232398,0.2678458472993197,489,10,25,station_x_block,20260921,2000,3bea97d4042a40fb665f8bdd3eec8d09bb4adce450c662958c3439560b610ceb
+P,E_P|log1p|uniform|permissive|none,E|log1p|uniform|permissive|none,loso,daily,all_expected_targets,all_network,RMSE,ng m-3,a_minus_b,-0.2474531759564722,-0.6087283365716561,-0.08691481054898839,5089,21,1,station,20260921,2000,49422f1082065a9d47ebdfaf52caf564b1c3e1dad3fba927ae8da3a978f385a0
+P,E_P|log1p|uniform|permissive|none,E|log1p|uniform|permissive|none,loso,daily,all_expected_targets,all_network,MAE,ng m-3,a_minus_b,-0.23009737496554095,-0.3913074153633789,-0.09229352506333433,5089,21,1,station,20260921,2000,49422f1082065a9d47ebdfaf52caf564b1c3e1dad3fba927ae8da3a978f385a0
+P,E_P|log1p|uniform|permissive|none,E|log1p|uniform|permissive|none,loso,daily,all_expected_targets,all_network,bias,ng m-3,a_minus_b,-0.09946440085300884,-0.3184700762827914,0.07750927958949826,5089,21,1,station,20260921,2000,49422f1082065a9d47ebdfaf52caf564b1c3e1dad3fba927ae8da3a978f385a0
+P,E_P|log1p|uniform|permissive|none,E|log1p|uniform|permissive|none,loso,daily,all_expected_targets,nonindustrial,RMSE,ng m-3,a_minus_b,-0.4025152435836381,-0.6651425507887639,-0.11101485283716432,4852,20,1,station,20260921,2000,5d1137882eec8537744050437f9ce1b569790644db3bdcfe69d5597e07b2e781
+P,E_P|log1p|uniform|permissive|none,E|log1p|uniform|permissive|none,loso,daily,all_expected_targets,nonindustrial,MAE,ng m-3,a_minus_b,-0.23071460961802104,-0.4000619907903317,-0.09765661503200612,4852,20,1,station,20260921,2000,5d1137882eec8537744050437f9ce1b569790644db3bdcfe69d5597e07b2e781
+P,E_P|log1p|uniform|permissive|none,E|log1p|uniform|permissive|none,loso,daily,all_expected_targets,nonindustrial,bias,ng m-3,a_minus_b,-0.11570046372093198,-0.3268138307335156,0.06608441818442758,4852,20,1,station,20260921,2000,5d1137882eec8537744050437f9ce1b569790644db3bdcfe69d5597e07b2e781
+P,E_P|log1p|uniform|permissive|none,E|log1p|uniform|permissive|none,loso,daily,all_expected_targets,nonindustrial_higher,RMSE,ng m-3,a_minus_b,-0.3334342893299931,-0.6657192745683866,0.050937358747793114,2394,10,1,station,20260921,2000,62f59d22b59dd9d7e2e072c7b3fe63144e2f3e8824a30706c4074510f362197d
+P,E_P|log1p|uniform|permissive|none,E|log1p|uniform|permissive|none,loso,daily,all_expected_targets,nonindustrial_higher,MAE,ng m-3,a_minus_b,-0.18163169110668342,-0.3124054988643811,-0.03701944645063458,2394,10,1,station,20260921,2000,62f59d22b59dd9d7e2e072c7b3fe63144e2f3e8824a30706c4074510f362197d
+P,E_P|log1p|uniform|permissive|none,E|log1p|uniform|permissive|none,loso,daily,all_expected_targets,nonindustrial_higher,bias,ng m-3,a_minus_b,0.07398855838320806,-0.11630848219989541,0.25650150591226667,2394,10,1,station,20260921,2000,62f59d22b59dd9d7e2e072c7b3fe63144e2f3e8824a30706c4074510f362197d
+P,E_P|log1p|uniform|permissive|none,E|log1p|uniform|permissive|none,loso,daily,all_expected_targets,nonindustrial_lower,RMSE,ng m-3,a_minus_b,-0.5757593023917573,-0.933892457751384,-0.0863565488081801,2458,10,1,station,20260921,2000,b29a851546d291a0d2f7dfae9c12846445d0e09a394514e7c02a871b374d99af
+P,E_P|log1p|uniform|permissive|none,E|log1p|uniform|permissive|none,loso,daily,all_expected_targets,nonindustrial_lower,MAE,ng m-3,a_minus_b,-0.2785195351331318,-0.5770428373628136,-0.051563474183649476,2458,10,1,station,20260921,2000,b29a851546d291a0d2f7dfae9c12846445d0e09a394514e7c02a871b374d99af
+P,E_P|log1p|uniform|permissive|none,E|log1p|uniform|permissive|none,loso,daily,all_expected_targets,nonindustrial_lower,bias,ng m-3,a_minus_b,-0.300450471417153,-0.6489891089429695,-0.02731712863674961,2458,10,1,station,20260921,2000,b29a851546d291a0d2f7dfae9c12846445d0e09a394514e7c02a871b374d99af
+P,E_P|log1p|uniform|permissive|none,E|log1p|uniform|permissive|none,loso,station_year_mean,all_sampled_dates,all_network,RMSE,ng m-3,a_minus_b,-0.1645625991934978,-0.46246308524997753,-0.04696274948737725,42,21,1,station,20260921,2000,a4b83f112a2a39d7bb39c1c70c56f5678dc7ac9449f27af54e02cbafaafd9a52
+P,E_P|log1p|uniform|permissive|none,E|log1p|uniform|permissive|none,loso,station_year_mean,all_sampled_dates,all_network,MAE,ng m-3,a_minus_b,-0.20808680757422793,-0.3903816323665213,-0.04889311705055376,42,21,1,station,20260921,2000,a4b83f112a2a39d7bb39c1c70c56f5678dc7ac9449f27af54e02cbafaafd9a52
+P,E_P|log1p|uniform|permissive|none,E|log1p|uniform|permissive|none,loso,station_year_mean,all_sampled_dates,all_network,bias,ng m-3,a_minus_b,-0.09684865709909607,-0.3257484834580012,0.08507992676854505,42,21,1,station,20260921,2000,a4b83f112a2a39d7bb39c1c70c56f5678dc7ac9449f27af54e02cbafaafd9a52
+P,E_P|log1p|uniform|permissive|none,E|log1p|uniform|permissive|none,loso,station_year_mean,all_sampled_dates,nonindustrial,RMSE,ng m-3,a_minus_b,-0.28510981269428787,-0.5378918125613239,-0.0331464054551094,40,20,1,station,20260921,2000,75f77a11b57c142012fafa94a0442f20d6ba5eff6db77fdddfbfa204481e78df
+P,E_P|log1p|uniform|permissive|none,E|log1p|uniform|permissive|none,loso,station_year_mean,all_sampled_dates,nonindustrial,MAE,ng m-3,a_minus_b,-0.2068470370213109,-0.3913082643568534,-0.0519347392276256,40,20,1,station,20260921,2000,75f77a11b57c142012fafa94a0442f20d6ba5eff6db77fdddfbfa204481e78df
+P,E_P|log1p|uniform|permissive|none,E|log1p|uniform|permissive|none,loso,station_year_mean,all_sampled_dates,nonindustrial,bias,ng m-3,a_minus_b,-0.11333520088567912,-0.33470798387811984,0.0770818120839437,40,20,1,station,20260921,2000,75f77a11b57c142012fafa94a0442f20d6ba5eff6db77fdddfbfa204481e78df
+P,E_P|log1p|uniform|permissive|none,E|log1p|uniform|permissive|none,loso,station_year_mean,all_sampled_dates,nonindustrial_higher,RMSE,ng m-3,a_minus_b,-0.13671778438053506,-0.34573909716622786,0.1382681360978041,20,10,1,station,20260921,2000,54d313e95dc309aa2e8ef845fd41708208c653e62ac636636faccd8f7f1e8a69
+P,E_P|log1p|uniform|permissive|none,E|log1p|uniform|permissive|none,loso,station_year_mean,all_sampled_dates,nonindustrial_higher,MAE,ng m-3,a_minus_b,-0.11812517439332487,-0.29068840902448867,0.06293968611606729,20,10,1,station,20260921,2000,54d313e95dc309aa2e8ef845fd41708208c653e62ac636636faccd8f7f1e8a69
+P,E_P|log1p|uniform|permissive|none,E|log1p|uniform|permissive|none,loso,station_year_mean,all_sampled_dates,nonindustrial_higher,bias,ng m-3,a_minus_b,0.08157615314471103,-0.11050674654753662,0.26030209811312505,20,10,1,station,20260921,2000,54d313e95dc309aa2e8ef845fd41708208c653e62ac636636faccd8f7f1e8a69
+P,E_P|log1p|uniform|permissive|none,E|log1p|uniform|permissive|none,loso,station_year_mean,all_sampled_dates,nonindustrial_lower,RMSE,ng m-3,a_minus_b,-0.5133912751616767,-0.8590730078364297,-0.09294847044302551,20,10,1,station,20260921,2000,670d7f6c2b4a419dd7125e6759a5a484d1cc22269df900a9e6b8100ba467cbdc
+P,E_P|log1p|uniform|permissive|none,E|log1p|uniform|permissive|none,loso,station_year_mean,all_sampled_dates,nonindustrial_lower,MAE,ng m-3,a_minus_b,-0.29556889964929717,-0.6179852279497117,-0.036507220189162054,20,10,1,station,20260921,2000,670d7f6c2b4a419dd7125e6759a5a484d1cc22269df900a9e6b8100ba467cbdc
+P,E_P|log1p|uniform|permissive|none,E|log1p|uniform|permissive|none,loso,station_year_mean,all_sampled_dates,nonindustrial_lower,bias,ng m-3,a_minus_b,-0.30824655491606934,-0.6791067012503477,-0.027047020266273678,20,10,1,station,20260921,2000,670d7f6c2b4a419dd7125e6759a5a484d1cc22269df900a9e6b8100ba467cbdc
+P,E_P|log1p|uniform|permissive|none,E|log1p|uniform|permissive|none,loso,daily_complete_pollutant_days,pollutant_availability_subset,all_network,RMSE,ng m-3,a_minus_b,-0.3317713294702783,-0.582340598619782,-0.036941374649775684,4308,19,1,station,20260921,2000,67faf505efd6f0d6bb0b3f597eb172f8146b2effb0c729e07c637195e3ebcb3e
+P,E_P|log1p|uniform|permissive|none,E|log1p|uniform|permissive|none,loso,daily_complete_pollutant_days,pollutant_availability_subset,all_network,MAE,ng m-3,a_minus_b,-0.17447386285790856,-0.2851773018472645,-0.0675800251735027,4308,19,1,station,20260921,2000,67faf505efd6f0d6bb0b3f597eb172f8146b2effb0c729e07c637195e3ebcb3e
+P,E_P|log1p|uniform|permissive|none,E|log1p|uniform|permissive|none,loso,daily_complete_pollutant_days,pollutant_availability_subset,all_network,bias,ng m-3,a_minus_b,-0.031236393528953122,-0.19516557482687408,0.11462971172719305,4308,19,1,station,20260921,2000,67faf505efd6f0d6bb0b3f597eb172f8146b2effb0c729e07c637195e3ebcb3e
+P,E_P|log1p|uniform|permissive|none,E|log1p|uniform|permissive|none,loso,daily_complete_pollutant_days,pollutant_availability_subset,nonindustrial,RMSE,ng m-3,a_minus_b,-0.3317713294702783,-0.582340598619782,-0.036941374649775684,4308,19,1,station,20260921,2000,67faf505efd6f0d6bb0b3f597eb172f8146b2effb0c729e07c637195e3ebcb3e
+P,E_P|log1p|uniform|permissive|none,E|log1p|uniform|permissive|none,loso,daily_complete_pollutant_days,pollutant_availability_subset,nonindustrial,MAE,ng m-3,a_minus_b,-0.17447386285790856,-0.2851773018472645,-0.0675800251735027,4308,19,1,station,20260921,2000,67faf505efd6f0d6bb0b3f597eb172f8146b2effb0c729e07c637195e3ebcb3e
+P,E_P|log1p|uniform|permissive|none,E|log1p|uniform|permissive|none,loso,daily_complete_pollutant_days,pollutant_availability_subset,nonindustrial,bias,ng m-3,a_minus_b,-0.031236393528953122,-0.19516557482687408,0.11462971172719305,4308,19,1,station,20260921,2000,67faf505efd6f0d6bb0b3f597eb172f8146b2effb0c729e07c637195e3ebcb3e
+P,E_P|log1p|uniform|permissive|none,E|log1p|uniform|permissive|none,loso,daily_complete_pollutant_days,pollutant_availability_subset,nonindustrial_higher,RMSE,ng m-3,a_minus_b,-0.3422395019029858,-0.6797091035978857,0.04922464602150781,2339,10,1,station,20260921,2000,534366f7de3dae0bdb8358ad917802203a80c1991867cd2e723a3bcff37b3d6c
+P,E_P|log1p|uniform|permissive|none,E|log1p|uniform|permissive|none,loso,daily_complete_pollutant_days,pollutant_availability_subset,nonindustrial_higher,MAE,ng m-3,a_minus_b,-0.1915036321168876,-0.3219366462013391,-0.043143154484996823,2339,10,1,station,20260921,2000,534366f7de3dae0bdb8358ad917802203a80c1991867cd2e723a3bcff37b3d6c
+P,E_P|log1p|uniform|permissive|none,E|log1p|uniform|permissive|none,loso,daily_complete_pollutant_days,pollutant_availability_subset,nonindustrial_higher,bias,ng m-3,a_minus_b,0.06576790697537407,-0.12263109205196371,0.2490790872644223,2339,10,1,station,20260921,2000,534366f7de3dae0bdb8358ad917802203a80c1991867cd2e723a3bcff37b3d6c
+P,E_P|log1p|uniform|permissive|none,E|log1p|uniform|permissive|none,loso,daily_complete_pollutant_days,pollutant_availability_subset,nonindustrial_lower,RMSE,ng m-3,a_minus_b,-0.38197957820782114,-0.7115772263635257,0.04142728164293622,1969,9,1,station,20260921,2000,0368b43e687ddcdc6346fedbf5a156f1aba1be1fd1ba4380fd3274ff5dae8093
+P,E_P|log1p|uniform|permissive|none,E|log1p|uniform|permissive|none,loso,daily_complete_pollutant_days,pollutant_availability_subset,nonindustrial_lower,MAE,ng m-3,a_minus_b,-0.15424398459648042,-0.3515317906743938,-0.006227855097933524,1969,9,1,station,20260921,2000,0368b43e687ddcdc6346fedbf5a156f1aba1be1fd1ba4380fd3274ff5dae8093
+P,E_P|log1p|uniform|permissive|none,E|log1p|uniform|permissive|none,loso,daily_complete_pollutant_days,pollutant_availability_subset,nonindustrial_lower,bias,ng m-3,a_minus_b,-0.14646902881570845,-0.38936602977659046,0.036231861527022416,1969,9,1,station,20260921,2000,0368b43e687ddcdc6346fedbf5a156f1aba1be1fd1ba4380fd3274ff5dae8093
+P,E_P|log1p|uniform|permissive|none,E|log1p|uniform|permissive|none,loso,daily_incomplete_pollutant_days,pollutant_availability_subset,all_network,RMSE,ng m-3,a_minus_b,-0.26987631994477734,-1.425186227534089,0.1972975054017383,781,19,1,station,20260921,2000,a75d46e1587e47378cd224d3428a99ff7be4ab89de4925dd4d16cf8a0d1c1e7e
+P,E_P|log1p|uniform|permissive|none,E|log1p|uniform|permissive|none,loso,daily_incomplete_pollutant_days,pollutant_availability_subset,all_network,MAE,ng m-3,a_minus_b,-0.5369169526347863,-1.2099541220312255,0.1777839164944609,781,19,1,station,20260921,2000,a75d46e1587e47378cd224d3428a99ff7be4ab89de4925dd4d16cf8a0d1c1e7e
+P,E_P|log1p|uniform|permissive|none,E|log1p|uniform|permissive|none,loso,daily_incomplete_pollutant_days,pollutant_availability_subset,all_network,bias,ng m-3,a_minus_b,-0.47581043869171835,-1.391022885004138,0.2800116992508705,781,19,1,station,20260921,2000,a75d46e1587e47378cd224d3428a99ff7be4ab89de4925dd4d16cf8a0d1c1e7e
+P,E_P|log1p|uniform|permissive|none,E|log1p|uniform|permissive|none,loso,daily_incomplete_pollutant_days,pollutant_availability_subset,nonindustrial,RMSE,ng m-3,a_minus_b,-0.9738617901858316,-1.5196339862065655,0.2945561899748609,544,18,1,station,20260921,2000,b15751201784f3ba52ed7b95fe535bf1bd6a7ec1b2945af9917f7dc1c7560180
+P,E_P|log1p|uniform|permissive|none,E|log1p|uniform|permissive|none,loso,daily_incomplete_pollutant_days,pollutant_availability_subset,nonindustrial,MAE,ng m-3,a_minus_b,-0.6760916997697942,-1.3454305215799138,0.2442635202899949,544,18,1,station,20260921,2000,b15751201784f3ba52ed7b95fe535bf1bd6a7ec1b2945af9917f7dc1c7560180
+P,E_P|log1p|uniform|permissive|none,E|log1p|uniform|permissive|none,loso,daily_incomplete_pollutant_days,pollutant_availability_subset,nonindustrial,bias,ng m-3,a_minus_b,-0.7845813725206471,-1.5494525221709883,0.3491612183019513,544,18,1,station,20260921,2000,b15751201784f3ba52ed7b95fe535bf1bd6a7ec1b2945af9917f7dc1c7560180
+P,E_P|log1p|uniform|permissive|none,E|log1p|uniform|permissive|none,loso,daily_incomplete_pollutant_days,pollutant_availability_subset,nonindustrial_higher,RMSE,ng m-3,a_minus_b,0.25551393296026126,0.004527175727357456,0.5570683390999527,55,8,1,station,20260921,2000,8bc742768f84e0cde5fbf4649429eaae5d0031446127da5adde987434322784b
+P,E_P|log1p|uniform|permissive|none,E|log1p|uniform|permissive|none,loso,daily_incomplete_pollutant_days,pollutant_availability_subset,nonindustrial_higher,MAE,ng m-3,a_minus_b,0.23819503658181812,0.041628928680535686,0.4070561325263159,55,8,1,station,20260921,2000,8bc742768f84e0cde5fbf4649429eaae5d0031446127da5adde987434322784b
+P,E_P|log1p|uniform|permissive|none,E|log1p|uniform|permissive|none,loso,daily_incomplete_pollutant_days,pollutant_availability_subset,nonindustrial_higher,bias,ng m-3,a_minus_b,0.4235904428,0.16412475839732144,0.7596189322739814,55,8,1,station,20260921,2000,8bc742768f84e0cde5fbf4649429eaae5d0031446127da5adde987434322784b
+P,E_P|log1p|uniform|permissive|none,E|log1p|uniform|permissive|none,loso,daily_incomplete_pollutant_days,pollutant_availability_subset,nonindustrial_lower,RMSE,ng m-3,a_minus_b,-1.0884169353270563,-1.6203995508442486,0.2820083942035764,489,10,1,station,20260921,2000,3bea97d4042a40fb665f8bdd3eec8d09bb4adce450c662958c3439560b610ceb
+P,E_P|log1p|uniform|permissive|none,E|log1p|uniform|permissive|none,loso,daily_incomplete_pollutant_days,pollutant_availability_subset,nonindustrial_lower,MAE,ng m-3,a_minus_b,-0.7789255862715093,-1.47940001024467,0.20170925000524711,489,10,1,station,20260921,2000,3bea97d4042a40fb665f8bdd3eec8d09bb4adce450c662958c3439560b610ceb
+P,E_P|log1p|uniform|permissive|none,E|log1p|uniform|permissive|none,loso,daily_incomplete_pollutant_days,pollutant_availability_subset,nonindustrial_lower,bias,ng m-3,a_minus_b,-0.9204698180066097,-1.7206898042671053,0.17204316982466844,489,10,1,station,20260921,2000,3bea97d4042a40fb665f8bdd3eec8d09bb4adce450c662958c3439560b610ceb
+M,E_P_M|log1p|uniform|permissive|none,E_P|log1p|uniform|permissive|none,block30,daily,all_expected_targets,all_network,RMSE,ng m-3,a_minus_b,-0.012497411111149326,-0.029621225374272232,0.0012077076532186145,5089,21,25,station_x_block,20260921,2000,49422f1082065a9d47ebdfaf52caf564b1c3e1dad3fba927ae8da3a978f385a0
+M,E_P_M|log1p|uniform|permissive|none,E_P|log1p|uniform|permissive|none,block30,daily,all_expected_targets,all_network,MAE,ng m-3,a_minus_b,-0.0029648388101277123,-0.010899219842008073,0.0033151474039174486,5089,21,25,station_x_block,20260921,2000,49422f1082065a9d47ebdfaf52caf564b1c3e1dad3fba927ae8da3a978f385a0
+M,E_P_M|log1p|uniform|permissive|none,E_P|log1p|uniform|permissive|none,block30,daily,all_expected_targets,all_network,bias,ng m-3,a_minus_b,0.0013887247463430924,-0.00633871426083682,0.01228536541268217,5089,21,25,station_x_block,20260921,2000,49422f1082065a9d47ebdfaf52caf564b1c3e1dad3fba927ae8da3a978f385a0
+M,E_P_M|log1p|uniform|permissive|none,E_P|log1p|uniform|permissive|none,block30,daily,all_expected_targets,nonindustrial,RMSE,ng m-3,a_minus_b,-0.012470977220558899,-0.030264542402412532,0.003307126343091092,4852,20,25,station_x_block,20260921,2000,5d1137882eec8537744050437f9ce1b569790644db3bdcfe69d5597e07b2e781
+M,E_P_M|log1p|uniform|permissive|none,E_P|log1p|uniform|permissive|none,block30,daily,all_expected_targets,nonindustrial,MAE,ng m-3,a_minus_b,-0.0024222523731945445,-0.009189177056838447,0.002997092778279347,4852,20,25,station_x_block,20260921,2000,5d1137882eec8537744050437f9ce1b569790644db3bdcfe69d5597e07b2e781
+M,E_P_M|log1p|uniform|permissive|none,E_P|log1p|uniform|permissive|none,block30,daily,all_expected_targets,nonindustrial,bias,ng m-3,a_minus_b,0.0017163874616941462,-0.0064256744114859835,0.012545119610772417,4852,20,25,station_x_block,20260921,2000,5d1137882eec8537744050437f9ce1b569790644db3bdcfe69d5597e07b2e781
+M,E_P_M|log1p|uniform|permissive|none,E_P|log1p|uniform|permissive|none,block30,daily,all_expected_targets,nonindustrial_higher,RMSE,ng m-3,a_minus_b,-0.01842541711016754,-0.04365247769057687,0.004901628756236885,2394,10,25,station_x_block,20260921,2000,62f59d22b59dd9d7e2e072c7b3fe63144e2f3e8824a30706c4074510f362197d
+M,E_P_M|log1p|uniform|permissive|none,E_P|log1p|uniform|permissive|none,block30,daily,all_expected_targets,nonindustrial_higher,MAE,ng m-3,a_minus_b,-0.004599921620259018,-0.016802888076074985,0.005916281432090829,2394,10,25,station_x_block,20260921,2000,62f59d22b59dd9d7e2e072c7b3fe63144e2f3e8824a30706c4074510f362197d
+M,E_P_M|log1p|uniform|permissive|none,E_P|log1p|uniform|permissive|none,block30,daily,all_expected_targets,nonindustrial_higher,bias,ng m-3,a_minus_b,0.0029340974448203785,-0.012362334016854028,0.02171532811468595,2394,10,25,station_x_block,20260921,2000,62f59d22b59dd9d7e2e072c7b3fe63144e2f3e8824a30706c4074510f362197d
+M,E_P_M|log1p|uniform|permissive|none,E_P|log1p|uniform|permissive|none,block30,daily,all_expected_targets,nonindustrial_lower,RMSE,ng m-3,a_minus_b,-0.001762394661948663,-0.015673486283780735,0.006572860427925344,2458,10,25,station_x_block,20260921,2000,b29a851546d291a0d2f7dfae9c12846445d0e09a394514e7c02a871b374d99af
+M,E_P_M|log1p|uniform|permissive|none,E_P|log1p|uniform|permissive|none,block30,daily,all_expected_targets,nonindustrial_lower,MAE,ng m-3,a_minus_b,-0.00030128403410900617,-0.005257278952784892,0.004212947856445549,2458,10,25,station_x_block,20260921,2000,b29a851546d291a0d2f7dfae9c12846445d0e09a394514e7c02a871b374d99af
+M,E_P_M|log1p|uniform|permissive|none,E_P|log1p|uniform|permissive|none,block30,daily,all_expected_targets,nonindustrial_lower,bias,ng m-3,a_minus_b,0.0005303835155573648,-0.0048010839862062645,0.005926124993167443,2458,10,25,station_x_block,20260921,2000,b29a851546d291a0d2f7dfae9c12846445d0e09a394514e7c02a871b374d99af
+M,E_P_M|log1p|uniform|permissive|none,E_P|log1p|uniform|permissive|none,block30,station_year_mean,all_sampled_dates,all_network,RMSE,ng m-3,a_minus_b,0.0004203352843589192,-0.0056113922082946304,0.001827038192061593,42,21,1,station,20260921,2000,a4b83f112a2a39d7bb39c1c70c56f5678dc7ac9449f27af54e02cbafaafd9a52
+M,E_P_M|log1p|uniform|permissive|none,E_P|log1p|uniform|permissive|none,block30,station_year_mean,all_sampled_dates,all_network,MAE,ng m-3,a_minus_b,-0.002520707853751525,-0.005147330523432553,-9.376122628388304e-05,42,21,1,station,20260921,2000,a4b83f112a2a39d7bb39c1c70c56f5678dc7ac9449f27af54e02cbafaafd9a52
+M,E_P_M|log1p|uniform|permissive|none,E_P|log1p|uniform|permissive|none,block30,station_year_mean,all_sampled_dates,all_network,bias,ng m-3,a_minus_b,0.0016817706344042227,-0.0020151994754340867,0.005438238959588396,42,21,1,station,20260921,2000,a4b83f112a2a39d7bb39c1c70c56f5678dc7ac9449f27af54e02cbafaafd9a52
+M,E_P_M|log1p|uniform|permissive|none,E_P|log1p|uniform|permissive|none,block30,station_year_mean,all_sampled_dates,nonindustrial,RMSE,ng m-3,a_minus_b,-0.0026887167138510415,-0.006638312884076509,0.0010857057687727984,40,20,1,station,20260921,2000,75f77a11b57c142012fafa94a0442f20d6ba5eff6db77fdddfbfa204481e78df
+M,E_P_M|log1p|uniform|permissive|none,E_P|log1p|uniform|permissive|none,block30,station_year_mean,all_sampled_dates,nonindustrial,MAE,ng m-3,a_minus_b,-0.002913697785909955,-0.0055204088869988885,-0.0005680581338476893,40,20,1,station,20260921,2000,75f77a11b57c142012fafa94a0442f20d6ba5eff6db77fdddfbfa204481e78df
+M,E_P_M|log1p|uniform|permissive|none,E_P|log1p|uniform|permissive|none,block30,station_year_mean,all_sampled_dates,nonindustrial,bias,ng m-3,a_minus_b,0.0020328137055952746,-0.001916275823010177,0.005808443597747364,40,20,1,station,20260921,2000,75f77a11b57c142012fafa94a0442f20d6ba5eff6db77fdddfbfa204481e78df
+M,E_P_M|log1p|uniform|permissive|none,E_P|log1p|uniform|permissive|none,block30,station_year_mean,all_sampled_dates,nonindustrial_higher,RMSE,ng m-3,a_minus_b,-0.004545885668287786,-0.010540926852294144,0.00136095416150802,20,10,1,station,20260921,2000,54d313e95dc309aa2e8ef845fd41708208c653e62ac636636faccd8f7f1e8a69
+M,E_P_M|log1p|uniform|permissive|none,E_P|log1p|uniform|permissive|none,block30,station_year_mean,all_sampled_dates,nonindustrial_higher,MAE,ng m-3,a_minus_b,-0.005591337502067487,-0.009611819072065785,-0.0015702624396200604,20,10,1,station,20260921,2000,54d313e95dc309aa2e8ef845fd41708208c653e62ac636636faccd8f7f1e8a69
+M,E_P_M|log1p|uniform|permissive|none,E_P|log1p|uniform|permissive|none,block30,station_year_mean,all_sampled_dates,nonindustrial_higher,bias,ng m-3,a_minus_b,0.003767999104325258,-0.004162595735665255,0.01101994985262108,20,10,1,station,20260921,2000,54d313e95dc309aa2e8ef845fd41708208c653e62ac636636faccd8f7f1e8a69
+M,E_P_M|log1p|uniform|permissive|none,E_P|log1p|uniform|permissive|none,block30,station_year_mean,all_sampled_dates,nonindustrial_lower,RMSE,ng m-3,a_minus_b,0.0004800044282869745,-0.0018474160677019584,0.003479147037118559,20,10,1,station,20260921,2000,670d7f6c2b4a419dd7125e6759a5a484d1cc22269df900a9e6b8100ba467cbdc
+M,E_P_M|log1p|uniform|permissive|none,E_P|log1p|uniform|permissive|none,block30,station_year_mean,all_sampled_dates,nonindustrial_lower,MAE,ng m-3,a_minus_b,-0.00023605806975247196,-0.002064327433139319,0.0013794349890309634,20,10,1,station,20260921,2000,670d7f6c2b4a419dd7125e6759a5a484d1cc22269df900a9e6b8100ba467cbdc
+M,E_P_M|log1p|uniform|permissive|none,E_P|log1p|uniform|permissive|none,block30,station_year_mean,all_sampled_dates,nonindustrial_lower,bias,ng m-3,a_minus_b,0.00029762830686529476,-0.002157526201549398,0.0026257447979015996,20,10,1,station,20260921,2000,670d7f6c2b4a419dd7125e6759a5a484d1cc22269df900a9e6b8100ba467cbdc
+M,E_P_M|log1p|uniform|permissive|none,E_P|log1p|uniform|permissive|none,loso,daily,all_expected_targets,all_network,RMSE,ng m-3,a_minus_b,-0.0045317603035686105,-0.011990838778145463,0.005580483853512933,5089,21,1,station,20260921,2000,49422f1082065a9d47ebdfaf52caf564b1c3e1dad3fba927ae8da3a978f385a0
+M,E_P_M|log1p|uniform|permissive|none,E_P|log1p|uniform|permissive|none,loso,daily,all_expected_targets,all_network,MAE,ng m-3,a_minus_b,0.0008190347624256189,-0.00362045958530309,0.0051848466147195234,5089,21,1,station,20260921,2000,49422f1082065a9d47ebdfaf52caf564b1c3e1dad3fba927ae8da3a978f385a0
+M,E_P_M|log1p|uniform|permissive|none,E_P|log1p|uniform|permissive|none,loso,daily,all_expected_targets,all_network,bias,ng m-3,a_minus_b,-0.001980588234502645,-0.009284922510177943,0.00491438979568896,5089,21,1,station,20260921,2000,49422f1082065a9d47ebdfaf52caf564b1c3e1dad3fba927ae8da3a978f385a0
+M,E_P_M|log1p|uniform|permissive|none,E_P|log1p|uniform|permissive|none,loso,daily,all_expected_targets,nonindustrial,RMSE,ng m-3,a_minus_b,-0.002685832833208779,-0.01359203966641091,0.007039451158601248,4852,20,1,station,20260921,2000,5d1137882eec8537744050437f9ce1b569790644db3bdcfe69d5597e07b2e781
+M,E_P_M|log1p|uniform|permissive|none,E_P|log1p|uniform|permissive|none,loso,daily,all_expected_targets,nonindustrial,MAE,ng m-3,a_minus_b,0.001726613302552471,-0.0025641641001949295,0.005813070873092631,4852,20,1,station,20260921,2000,5d1137882eec8537744050437f9ce1b569790644db3bdcfe69d5597e07b2e781
+M,E_P_M|log1p|uniform|permissive|none,E_P|log1p|uniform|permissive|none,loso,daily,all_expected_targets,nonindustrial,bias,ng m-3,a_minus_b,-0.0031981430427419633,-0.010694591215319352,0.0036669636176225743,4852,20,1,station,20260921,2000,5d1137882eec8537744050437f9ce1b569790644db3bdcfe69d5597e07b2e781
+M,E_P_M|log1p|uniform|permissive|none,E_P|log1p|uniform|permissive|none,loso,daily,all_expected_targets,nonindustrial_higher,RMSE,ng m-3,a_minus_b,-0.00616500734023262,-0.021750333185283143,0.007942989157092501,2394,10,1,station,20260921,2000,62f59d22b59dd9d7e2e072c7b3fe63144e2f3e8824a30706c4074510f362197d
+M,E_P_M|log1p|uniform|permissive|none,E_P|log1p|uniform|permissive|none,loso,daily,all_expected_targets,nonindustrial_higher,MAE,ng m-3,a_minus_b,0.004243860646198971,-0.002819706801946814,0.011074379796537687,2394,10,1,station,20260921,2000,62f59d22b59dd9d7e2e072c7b3fe63144e2f3e8824a30706c4074510f362197d
+M,E_P_M|log1p|uniform|permissive|none,E_P|log1p|uniform|permissive|none,loso,daily,all_expected_targets,nonindustrial_higher,bias,ng m-3,a_minus_b,-0.00419557665371767,-0.01702634719734743,0.008263475101468364,2394,10,1,station,20260921,2000,62f59d22b59dd9d7e2e072c7b3fe63144e2f3e8824a30706c4074510f362197d
+M,E_P_M|log1p|uniform|permissive|none,E_P|log1p|uniform|permissive|none,loso,daily,all_expected_targets,nonindustrial_lower,RMSE,ng m-3,a_minus_b,0.0049142854338861675,-0.002346403276167194,0.01226186462680176,2458,10,1,station,20260921,2000,b29a851546d291a0d2f7dfae9c12846445d0e09a394514e7c02a871b374d99af
+M,E_P_M|log1p|uniform|permissive|none,E_P|log1p|uniform|permissive|none,loso,daily,all_expected_targets,nonindustrial_lower,MAE,ng m-3,a_minus_b,-0.000725091392602073,-0.005031745683689309,0.0029962720914758355,2458,10,1,station,20260921,2000,b29a851546d291a0d2f7dfae9c12846445d0e09a394514e7c02a871b374d99af
+M,E_P_M|log1p|uniform|permissive|none,E_P|log1p|uniform|permissive|none,loso,daily,all_expected_targets,nonindustrial_lower,bias,ng m-3,a_minus_b,-0.0022266800383987095,-0.008808654385352749,0.0027990183462841133,2458,10,1,station,20260921,2000,b29a851546d291a0d2f7dfae9c12846445d0e09a394514e7c02a871b374d99af
+M,E_P_M|log1p|uniform|permissive|none,E_P|log1p|uniform|permissive|none,loso,station_year_mean,all_sampled_dates,all_network,RMSE,ng m-3,a_minus_b,-0.004220731037490655,-0.008545561539182612,0.005713034873855198,42,21,1,station,20260921,2000,a4b83f112a2a39d7bb39c1c70c56f5678dc7ac9449f27af54e02cbafaafd9a52
+M,E_P_M|log1p|uniform|permissive|none,E_P|log1p|uniform|permissive|none,loso,station_year_mean,all_sampled_dates,all_network,MAE,ng m-3,a_minus_b,-0.004045350555868188,-0.010256453436216052,0.0023349526372044515,42,21,1,station,20260921,2000,a4b83f112a2a39d7bb39c1c70c56f5678dc7ac9449f27af54e02cbafaafd9a52
+M,E_P_M|log1p|uniform|permissive|none,E_P|log1p|uniform|permissive|none,loso,station_year_mean,all_sampled_dates,all_network,bias,ng m-3,a_minus_b,-0.002038891409225807,-0.00925319846381277,0.005006709671372432,42,21,1,station,20260921,2000,a4b83f112a2a39d7bb39c1c70c56f5678dc7ac9449f27af54e02cbafaafd9a52
+M,E_P_M|log1p|uniform|permissive|none,E_P|log1p|uniform|permissive|none,loso,station_year_mean,all_sampled_dates,nonindustrial,RMSE,ng m-3,a_minus_b,0.0012418445017297608,-0.005513486148846405,0.007222011594102661,40,20,1,station,20260921,2000,75f77a11b57c142012fafa94a0442f20d6ba5eff6db77fdddfbfa204481e78df
+M,E_P_M|log1p|uniform|permissive|none,E_P|log1p|uniform|permissive|none,loso,station_year_mean,all_sampled_dates,nonindustrial,MAE,ng m-3,a_minus_b,-0.003101497696925415,-0.00969238614561632,0.0034442595482185364,40,20,1,station,20260921,2000,75f77a11b57c142012fafa94a0442f20d6ba5eff6db77fdddfbfa204481e78df
+M,E_P_M|log1p|uniform|permissive|none,E_P|log1p|uniform|permissive|none,loso,station_year_mean,all_sampled_dates,nonindustrial,bias,ng m-3,a_minus_b,-0.0032869563664233853,-0.010575251018538744,0.0037416640821228454,40,20,1,station,20260921,2000,75f77a11b57c142012fafa94a0442f20d6ba5eff6db77fdddfbfa204481e78df
+M,E_P_M|log1p|uniform|permissive|none,E_P|log1p|uniform|permissive|none,loso,station_year_mean,all_sampled_dates,nonindustrial_higher,RMSE,ng m-3,a_minus_b,0.0027515912477394933,-0.007063926144234474,0.011064938000983788,20,10,1,station,20260921,2000,54d313e95dc309aa2e8ef845fd41708208c653e62ac636636faccd8f7f1e8a69
+M,E_P_M|log1p|uniform|permissive|none,E_P|log1p|uniform|permissive|none,loso,station_year_mean,all_sampled_dates,nonindustrial_higher,MAE,ng m-3,a_minus_b,-0.0034515901141257688,-0.01506928983068476,0.008179802691195332,20,10,1,station,20260921,2000,54d313e95dc309aa2e8ef845fd41708208c653e62ac636636faccd8f7f1e8a69
+M,E_P_M|log1p|uniform|permissive|none,E_P|log1p|uniform|permissive|none,loso,station_year_mean,all_sampled_dates,nonindustrial_higher,bias,ng m-3,a_minus_b,-0.003613195378364298,-0.016632673835869242,0.00909866068180999,20,10,1,station,20260921,2000,54d313e95dc309aa2e8ef845fd41708208c653e62ac636636faccd8f7f1e8a69
+M,E_P_M|log1p|uniform|permissive|none,E_P|log1p|uniform|permissive|none,loso,station_year_mean,all_sampled_dates,nonindustrial_lower,RMSE,ng m-3,a_minus_b,-0.002468316769551393,-0.009308734792788508,0.004272442120515969,20,10,1,station,20260921,2000,670d7f6c2b4a419dd7125e6759a5a484d1cc22269df900a9e6b8100ba467cbdc
+M,E_P_M|log1p|uniform|permissive|none,E_P|log1p|uniform|permissive|none,loso,station_year_mean,all_sampled_dates,nonindustrial_lower,MAE,ng m-3,a_minus_b,-0.00275140527972495,-0.00903711796143467,0.0024203959072805863,20,10,1,station,20260921,2000,670d7f6c2b4a419dd7125e6759a5a484d1cc22269df900a9e6b8100ba467cbdc
+M,E_P_M|log1p|uniform|permissive|none,E_P|log1p|uniform|permissive|none,loso,station_year_mean,all_sampled_dates,nonindustrial_lower,bias,ng m-3,a_minus_b,-0.0029607173544824728,-0.009466278415227307,0.002650992134785706,20,10,1,station,20260921,2000,670d7f6c2b4a419dd7125e6759a5a484d1cc22269df900a9e6b8100ba467cbdc
+I,E_P_M_I|log1p|uniform|permissive|none,E_P_M|log1p|uniform|permissive|none,block30,daily,all_expected_targets,all_network,RMSE,ng m-3,a_minus_b,0.0005000907458259096,-0.029163366537973988,0.034227209050023556,5089,21,25,station_x_block,20260921,2000,49422f1082065a9d47ebdfaf52caf564b1c3e1dad3fba927ae8da3a978f385a0
+I,E_P_M_I|log1p|uniform|permissive|none,E_P_M|log1p|uniform|permissive|none,block30,daily,all_expected_targets,all_network,MAE,ng m-3,a_minus_b,-0.0033438220222833936,-0.0168766606532137,0.012744814149775454,5089,21,25,station_x_block,20260921,2000,49422f1082065a9d47ebdfaf52caf564b1c3e1dad3fba927ae8da3a978f385a0
+I,E_P_M_I|log1p|uniform|permissive|none,E_P_M|log1p|uniform|permissive|none,block30,daily,all_expected_targets,all_network,bias,ng m-3,a_minus_b,5.529643820001429e-06,-0.01904384538178937,0.025517695853361992,5089,21,25,station_x_block,20260921,2000,49422f1082065a9d47ebdfaf52caf564b1c3e1dad3fba927ae8da3a978f385a0
+I,E_P_M_I|log1p|uniform|permissive|none,E_P_M|log1p|uniform|permissive|none,block30,daily,all_expected_targets,nonindustrial,RMSE,ng m-3,a_minus_b,-0.0037265754956052888,-0.030461122329330525,0.03034576410908991,4852,20,25,station_x_block,20260921,2000,5d1137882eec8537744050437f9ce1b569790644db3bdcfe69d5597e07b2e781
+I,E_P_M_I|log1p|uniform|permissive|none,E_P_M|log1p|uniform|permissive|none,block30,daily,all_expected_targets,nonindustrial,MAE,ng m-3,a_minus_b,-0.00659692845453419,-0.017543629930400068,0.004740616634902794,4852,20,25,station_x_block,20260921,2000,5d1137882eec8537744050437f9ce1b569790644db3bdcfe69d5597e07b2e781
+I,E_P_M_I|log1p|uniform|permissive|none,E_P_M|log1p|uniform|permissive|none,block30,daily,all_expected_targets,nonindustrial,bias,ng m-3,a_minus_b,-0.008409506709109648,-0.022396619848181535,0.003494892648620027,4852,20,25,station_x_block,20260921,2000,5d1137882eec8537744050437f9ce1b569790644db3bdcfe69d5597e07b2e781
+I,E_P_M_I|log1p|uniform|permissive|none,E_P_M|log1p|uniform|permissive|none,block30,daily,all_expected_targets,nonindustrial_higher,RMSE,ng m-3,a_minus_b,-0.0028825759058929146,-0.04391467234391412,0.04276617962580996,2394,10,25,station_x_block,20260921,2000,62f59d22b59dd9d7e2e072c7b3fe63144e2f3e8824a30706c4074510f362197d
+I,E_P_M_I|log1p|uniform|permissive|none,E_P_M|log1p|uniform|permissive|none,block30,daily,all_expected_targets,nonindustrial_higher,MAE,ng m-3,a_minus_b,-0.007491434229323357,-0.02451374249054086,0.013101750865739687,2394,10,25,station_x_block,20260921,2000,62f59d22b59dd9d7e2e072c7b3fe63144e2f3e8824a30706c4074510f362197d
+I,E_P_M_I|log1p|uniform|permissive|none,E_P_M|log1p|uniform|permissive|none,block30,daily,all_expected_targets,nonindustrial_higher,bias,ng m-3,a_minus_b,-0.007044555384711784,-0.031041527221187012,0.013661633719039102,2394,10,25,station_x_block,20260921,2000,62f59d22b59dd9d7e2e072c7b3fe63144e2f3e8824a30706c4074510f362197d
+I,E_P_M_I|log1p|uniform|permissive|none,E_P_M|log1p|uniform|permissive|none,block30,daily,all_expected_targets,nonindustrial_lower,RMSE,ng m-3,a_minus_b,-0.006940920057758204,-0.02464401819455111,0.005802513387944523,2458,10,25,station_x_block,20260921,2000,b29a851546d291a0d2f7dfae9c12846445d0e09a394514e7c02a871b374d99af
+I,E_P_M_I|log1p|uniform|permissive|none,E_P_M|log1p|uniform|permissive|none,block30,daily,all_expected_targets,nonindustrial_lower,MAE,ng m-3,a_minus_b,-0.005725713310170882,-0.013839490975997404,0.0003832175798026213,2458,10,25,station_x_block,20260921,2000,b29a851546d291a0d2f7dfae9c12846445d0e09a394514e7c02a871b374d99af
+I,E_P_M_I|log1p|uniform|permissive|none,E_P_M|log1p|uniform|permissive|none,block30,daily,all_expected_targets,nonindustrial_lower,bias,ng m-3,a_minus_b,-0.009738918210577706,-0.020092715228115485,-0.0024660266408438893,2458,10,25,station_x_block,20260921,2000,b29a851546d291a0d2f7dfae9c12846445d0e09a394514e7c02a871b374d99af
+I,E_P_M_I|log1p|uniform|permissive|none,E_P_M|log1p|uniform|permissive|none,block30,station_year_mean,all_sampled_dates,all_network,RMSE,ng m-3,a_minus_b,-0.03613780634344954,-0.06512251212401582,0.007079691619486991,42,21,1,station,20260921,2000,a4b83f112a2a39d7bb39c1c70c56f5678dc7ac9449f27af54e02cbafaafd9a52
+I,E_P_M_I|log1p|uniform|permissive|none,E_P_M|log1p|uniform|permissive|none,block30,station_year_mean,all_sampled_dates,all_network,MAE,ng m-3,a_minus_b,-0.006892017402826189,-0.024773761685325444,0.005039807097005608,42,21,1,station,20260921,2000,a4b83f112a2a39d7bb39c1c70c56f5678dc7ac9449f27af54e02cbafaafd9a52
+I,E_P_M_I|log1p|uniform|permissive|none,E_P_M|log1p|uniform|permissive|none,block30,station_year_mean,all_sampled_dates,all_network,bias,ng m-3,a_minus_b,0.0002613980429118229,-0.013225095587129001,0.018628490841744397,42,21,1,station,20260921,2000,a4b83f112a2a39d7bb39c1c70c56f5678dc7ac9449f27af54e02cbafaafd9a52
+I,E_P_M_I|log1p|uniform|permissive|none,E_P_M|log1p|uniform|permissive|none,block30,station_year_mean,all_sampled_dates,nonindustrial,RMSE,ng m-3,a_minus_b,0.0020651955993878507,-0.004199021103394913,0.00901446157932974,40,20,1,station,20260921,2000,75f77a11b57c142012fafa94a0442f20d6ba5eff6db77fdddfbfa204481e78df
+I,E_P_M_I|log1p|uniform|permissive|none,E_P_M|log1p|uniform|permissive|none,block30,station_year_mean,all_sampled_dates,nonindustrial,MAE,ng m-3,a_minus_b,0.0013642038082709307,-0.0037605905192575916,0.006781505470742341,40,20,1,station,20260921,2000,75f77a11b57c142012fafa94a0442f20d6ba5eff6db77fdddfbfa204481e78df
+I,E_P_M_I|log1p|uniform|permissive|none,E_P_M|log1p|uniform|permissive|none,block30,station_year_mean,all_sampled_dates,nonindustrial,bias,ng m-3,a_minus_b,-0.008326354136180998,-0.015068181187402618,-0.0013285503869798544,40,20,1,station,20260921,2000,75f77a11b57c142012fafa94a0442f20d6ba5eff6db77fdddfbfa204481e78df
+I,E_P_M_I|log1p|uniform|permissive|none,E_P_M|log1p|uniform|permissive|none,block30,station_year_mean,all_sampled_dates,nonindustrial_higher,RMSE,ng m-3,a_minus_b,0.003000560635716229,-0.006979993890347069,0.013957032029800804,20,10,1,station,20260921,2000,54d313e95dc309aa2e8ef845fd41708208c653e62ac636636faccd8f7f1e8a69
+I,E_P_M_I|log1p|uniform|permissive|none,E_P_M|log1p|uniform|permissive|none,block30,station_year_mean,all_sampled_dates,nonindustrial_higher,MAE,ng m-3,a_minus_b,0.001939567705777162,-0.007583775307614663,0.010425534334253039,20,10,1,station,20260921,2000,54d313e95dc309aa2e8ef845fd41708208c653e62ac636636faccd8f7f1e8a69
+I,E_P_M_I|log1p|uniform|permissive|none,E_P_M|log1p|uniform|permissive|none,block30,station_year_mean,all_sampled_dates,nonindustrial_higher,bias,ng m-3,a_minus_b,-0.006417828210162249,-0.01852727372197996,0.005509811688844476,20,10,1,station,20260921,2000,54d313e95dc309aa2e8ef845fd41708208c653e62ac636636faccd8f7f1e8a69
+I,E_P_M_I|log1p|uniform|permissive|none,E_P_M|log1p|uniform|permissive|none,block30,station_year_mean,all_sampled_dates,nonindustrial_lower,RMSE,ng m-3,a_minus_b,0.0005811959461435867,-0.0036322550041767293,0.005350596707672851,20,10,1,station,20260921,2000,670d7f6c2b4a419dd7125e6759a5a484d1cc22269df900a9e6b8100ba467cbdc
+I,E_P_M_I|log1p|uniform|permissive|none,E_P_M|log1p|uniform|permissive|none,block30,station_year_mean,all_sampled_dates,nonindustrial_lower,MAE,ng m-3,a_minus_b,0.000788839910764727,-0.004843930703602225,0.007224385873558813,20,10,1,station,20260921,2000,670d7f6c2b4a419dd7125e6759a5a484d1cc22269df900a9e6b8100ba467cbdc
+I,E_P_M_I|log1p|uniform|permissive|none,E_P_M|log1p|uniform|permissive|none,block30,station_year_mean,all_sampled_dates,nonindustrial_lower,bias,ng m-3,a_minus_b,-0.01023488006219975,-0.016505473925794323,-0.0043578284291767855,20,10,1,station,20260921,2000,670d7f6c2b4a419dd7125e6759a5a484d1cc22269df900a9e6b8100ba467cbdc
+I (PM level),PM_I|log1p|uniform|permissive|none,PM|log1p|uniform|permissive|none,block30,daily,all_expected_targets,all_network,RMSE,ng m-3,a_minus_b,-0.42211820319279525,-0.581010772877687,-0.23840645302801744,5089,21,25,station_x_block,20260921,2000,49422f1082065a9d47ebdfaf52caf564b1c3e1dad3fba927ae8da3a978f385a0
+I (PM level),PM_I|log1p|uniform|permissive|none,PM|log1p|uniform|permissive|none,block30,daily,all_expected_targets,all_network,MAE,ng m-3,a_minus_b,-0.21866256794413452,-0.32244092865810864,-0.12316596609927175,5089,21,25,station_x_block,20260921,2000,49422f1082065a9d47ebdfaf52caf564b1c3e1dad3fba927ae8da3a978f385a0
+I (PM level),PM_I|log1p|uniform|permissive|none,PM|log1p|uniform|permissive|none,block30,daily,all_expected_targets,all_network,bias,ng m-3,a_minus_b,-0.006274235855040271,-0.24401965442350418,0.2917973602978021,5089,21,25,station_x_block,20260921,2000,49422f1082065a9d47ebdfaf52caf564b1c3e1dad3fba927ae8da3a978f385a0
+I (PM level),PM_I|log1p|uniform|permissive|none,PM|log1p|uniform|permissive|none,block30,daily,all_expected_targets,nonindustrial,RMSE,ng m-3,a_minus_b,-0.37302831538182424,-0.5602267031052571,-0.21271058094505618,4852,20,25,station_x_block,20260921,2000,5d1137882eec8537744050437f9ce1b569790644db3bdcfe69d5597e07b2e781
+I (PM level),PM_I|log1p|uniform|permissive|none,PM|log1p|uniform|permissive|none,block30,daily,all_expected_targets,nonindustrial,MAE,ng m-3,a_minus_b,-0.19693731273716003,-0.30357143766381367,-0.11813433460808168,4852,20,25,station_x_block,20260921,2000,5d1137882eec8537744050437f9ce1b569790644db3bdcfe69d5597e07b2e781
+I (PM level),PM_I|log1p|uniform|permissive|none,PM|log1p|uniform|permissive|none,block30,daily,all_expected_targets,nonindustrial,bias,ng m-3,a_minus_b,-0.11852901612392827,-0.2748692650767297,0.04801021328177969,4852,20,25,station_x_block,20260921,2000,5d1137882eec8537744050437f9ce1b569790644db3bdcfe69d5597e07b2e781
+I (PM level),PM_I|log1p|uniform|permissive|none,PM|log1p|uniform|permissive|none,block30,daily,all_expected_targets,nonindustrial_higher,RMSE,ng m-3,a_minus_b,-0.3153535719107292,-0.49441820218475485,-0.16153885351774389,2394,10,25,station_x_block,20260921,2000,62f59d22b59dd9d7e2e072c7b3fe63144e2f3e8824a30706c4074510f362197d
+I (PM level),PM_I|log1p|uniform|permissive|none,PM|log1p|uniform|permissive|none,block30,daily,all_expected_targets,nonindustrial_higher,MAE,ng m-3,a_minus_b,-0.16813005442013373,-0.2667939900062413,-0.08922987632217118,2394,10,25,station_x_block,20260921,2000,62f59d22b59dd9d7e2e072c7b3fe63144e2f3e8824a30706c4074510f362197d
+I (PM level),PM_I|log1p|uniform|permissive|none,PM|log1p|uniform|permissive|none,block30,daily,all_expected_targets,nonindustrial_higher,bias,ng m-3,a_minus_b,0.03623555169331662,-0.17434244162139886,0.2675485797462003,2394,10,25,station_x_block,20260921,2000,62f59d22b59dd9d7e2e072c7b3fe63144e2f3e8824a30706c4074510f362197d
+I (PM level),PM_I|log1p|uniform|permissive|none,PM|log1p|uniform|permissive|none,block30,daily,all_expected_targets,nonindustrial_lower,RMSE,ng m-3,a_minus_b,-0.4930422986985553,-0.8117014166099799,-0.2095479735226596,2458,10,25,station_x_block,20260921,2000,b29a851546d291a0d2f7dfae9c12846445d0e09a394514e7c02a871b374d99af
+I (PM level),PM_I|log1p|uniform|permissive|none,PM|log1p|uniform|permissive|none,block30,daily,all_expected_targets,nonindustrial_lower,MAE,ng m-3,a_minus_b,-0.22499450411672098,-0.40587502332936237,-0.10157034172847361,2458,10,25,station_x_block,20260921,2000,b29a851546d291a0d2f7dfae9c12846445d0e09a394514e7c02a871b374d99af
+I (PM level),PM_I|log1p|uniform|permissive|none,PM|log1p|uniform|permissive|none,block30,daily,all_expected_targets,nonindustrial_lower,bias,ng m-3,a_minus_b,-0.26926391252526444,-0.47685904003626733,-0.11586134453369483,2458,10,25,station_x_block,20260921,2000,b29a851546d291a0d2f7dfae9c12846445d0e09a394514e7c02a871b374d99af
+I (PM level),PM_I|log1p|uniform|permissive|none,PM|log1p|uniform|permissive|none,block30,station_year_mean,all_sampled_dates,all_network,RMSE,ng m-3,a_minus_b,-0.5596372968092433,-0.9019009585296912,-0.18842995576205396,42,21,1,station,20260921,2000,a4b83f112a2a39d7bb39c1c70c56f5678dc7ac9449f27af54e02cbafaafd9a52
+I (PM level),PM_I|log1p|uniform|permissive|none,PM|log1p|uniform|permissive|none,block30,station_year_mean,all_sampled_dates,all_network,MAE,ng m-3,a_minus_b,-0.30780942438393477,-0.525138485458558,-0.14547915234792233,42,21,1,station,20260921,2000,a4b83f112a2a39d7bb39c1c70c56f5678dc7ac9449f27af54e02cbafaafd9a52
+I (PM level),PM_I|log1p|uniform|permissive|none,PM|log1p|uniform|permissive|none,block30,station_year_mean,all_sampled_dates,all_network,bias,ng m-3,a_minus_b,0.003192594358716147,-0.212535131871852,0.29320323076646,42,21,1,station,20260921,2000,a4b83f112a2a39d7bb39c1c70c56f5678dc7ac9449f27af54e02cbafaafd9a52
+I (PM level),PM_I|log1p|uniform|permissive|none,PM|log1p|uniform|permissive|none,block30,station_year_mean,all_sampled_dates,nonindustrial,RMSE,ng m-3,a_minus_b,-0.2625564155315149,-0.35592217062076426,-0.1606543476185768,40,20,1,station,20260921,2000,75f77a11b57c142012fafa94a0442f20d6ba5eff6db77fdddfbfa204481e78df
+I (PM level),PM_I|log1p|uniform|permissive|none,PM|log1p|uniform|permissive|none,block30,station_year_mean,all_sampled_dates,nonindustrial,MAE,ng m-3,a_minus_b,-0.20860227445971005,-0.298975297030318,-0.12522177329637424,40,20,1,station,20260921,2000,75f77a11b57c142012fafa94a0442f20d6ba5eff6db77fdddfbfa204481e78df
+I (PM level),PM_I|log1p|uniform|permissive|none,PM|log1p|uniform|permissive|none,block30,station_year_mean,all_sampled_dates,nonindustrial,bias,ng m-3,a_minus_b,-0.11124539706676956,-0.2307817297684596,0.022120622423588497,40,20,1,station,20260921,2000,75f77a11b57c142012fafa94a0442f20d6ba5eff6db77fdddfbfa204481e78df
+I (PM level),PM_I|log1p|uniform|permissive|none,PM|log1p|uniform|permissive|none,block30,station_year_mean,all_sampled_dates,nonindustrial_higher,RMSE,ng m-3,a_minus_b,-0.18305338579127048,-0.25904166075973684,-0.1035992610124671,20,10,1,station,20260921,2000,54d313e95dc309aa2e8ef845fd41708208c653e62ac636636faccd8f7f1e8a69
+I (PM level),PM_I|log1p|uniform|permissive|none,PM|log1p|uniform|permissive|none,block30,station_year_mean,all_sampled_dates,nonindustrial_higher,MAE,ng m-3,a_minus_b,-0.15677821505333428,-0.23574056587342818,-0.0924517433468754,20,10,1,station,20260921,2000,54d313e95dc309aa2e8ef845fd41708208c653e62ac636636faccd8f7f1e8a69
+I (PM level),PM_I|log1p|uniform|permissive|none,PM|log1p|uniform|permissive|none,block30,station_year_mean,all_sampled_dates,nonindustrial_higher,bias,ng m-3,a_minus_b,0.049827089066363836,-0.1059528273860297,0.20753942194132743,20,10,1,station,20260921,2000,54d313e95dc309aa2e8ef845fd41708208c653e62ac636636faccd8f7f1e8a69
+I (PM level),PM_I|log1p|uniform|permissive|none,PM|log1p|uniform|permissive|none,block30,station_year_mean,all_sampled_dates,nonindustrial_lower,RMSE,ng m-3,a_minus_b,-0.33914281785168526,-0.4810276994290773,-0.16578142797495987,20,10,1,station,20260921,2000,670d7f6c2b4a419dd7125e6759a5a484d1cc22269df900a9e6b8100ba467cbdc
+I (PM level),PM_I|log1p|uniform|permissive|none,PM|log1p|uniform|permissive|none,block30,station_year_mean,all_sampled_dates,nonindustrial_lower,MAE,ng m-3,a_minus_b,-0.2604263338660859,-0.4188814416832858,-0.10517874449871957,20,10,1,station,20260921,2000,670d7f6c2b4a419dd7125e6759a5a484d1cc22269df900a9e6b8100ba467cbdc
+I (PM level),PM_I|log1p|uniform|permissive|none,PM|log1p|uniform|permissive|none,block30,station_year_mean,all_sampled_dates,nonindustrial_lower,bias,ng m-3,a_minus_b,-0.27231788319990297,-0.4255825327999302,-0.12457686638448093,20,10,1,station,20260921,2000,670d7f6c2b4a419dd7125e6759a5a484d1cc22269df900a9e6b8100ba467cbdc
Bundle,E_P_M_I|log1p|uniform|permissive|none,PM_I|log1p|uniform|permissive|none,block30,daily,all_expected_targets,all_network,RMSE,ng m-3,a_minus_b,-0.1159118766224998,-0.20096126647623772,-0.03984378185170324,5089,21,25,station_x_block,20260921,2000,49422f1082065a9d47ebdfaf52caf564b1c3e1dad3fba927ae8da3a978f385a0
Bundle,E_P_M_I|log1p|uniform|permissive|none,PM_I|log1p|uniform|permissive|none,block30,daily,all_expected_targets,all_network,MAE,ng m-3,a_minus_b,-0.0848647324498723,-0.1395871780976354,-0.041937927977534845,5089,21,25,station_x_block,20260921,2000,49422f1082065a9d47ebdfaf52caf564b1c3e1dad3fba927ae8da3a978f385a0
Bundle,E_P_M_I|log1p|uniform|permissive|none,PM_I|log1p|uniform|permissive|none,block30,daily,all_expected_targets,all_network,bias,ng m-3,a_minus_b,-0.01614589006378464,-0.08215171500109476,0.03785693899811562,5089,21,25,station_x_block,20260921,2000,49422f1082065a9d47ebdfaf52caf564b1c3e1dad3fba927ae8da3a978f385a0
Bundle,E_P_M_I|log1p|uniform|permissive|none,PM_I|log1p|uniform|permissive|none,block30,daily,all_expected_targets,nonindustrial,RMSE,ng m-3,a_minus_b,-0.09532209411877868,-0.17242310266256342,-0.033092088576673465,4852,20,25,station_x_block,20260921,2000,5d1137882eec8537744050437f9ce1b569790644db3bdcfe69d5597e07b2e781
Bundle,E_P_M_I|log1p|uniform|permissive|none,PM_I|log1p|uniform|permissive|none,block30,daily,all_expected_targets,nonindustrial,MAE,ng m-3,a_minus_b,-0.071153758546455,-0.11326894192727338,-0.038276919515670776,4852,20,25,station_x_block,20260921,2000,5d1137882eec8537744050437f9ce1b569790644db3bdcfe69d5597e07b2e781
Bundle,E_P_M_I|log1p|uniform|permissive|none,PM_I|log1p|uniform|permissive|none,block30,daily,all_expected_targets,nonindustrial,bias,ng m-3,a_minus_b,-0.020950972775061836,-0.08140461158595699,0.029449461612732968,4852,20,25,station_x_block,20260921,2000,5d1137882eec8537744050437f9ce1b569790644db3bdcfe69d5597e07b2e781
Bundle,E_P_M_I|log1p|uniform|permissive|none,PM_I|log1p|uniform|permissive|none,block30,daily,all_expected_targets,nonindustrial_higher,RMSE,ng m-3,a_minus_b,-0.09127028259115655,-0.18870068057103165,0.0043943325378553895,2394,10,25,station_x_block,20260921,2000,62f59d22b59dd9d7e2e072c7b3fe63144e2f3e8824a30706c4074510f362197d
Bundle,E_P_M_I|log1p|uniform|permissive|none,PM_I|log1p|uniform|permissive|none,block30,daily,all_expected_targets,nonindustrial_higher,MAE,ng m-3,a_minus_b,-0.07756190157539694,-0.1416702756150616,-0.019467295867320628,2394,10,25,station_x_block,20260921,2000,62f59d22b59dd9d7e2e072c7b3fe63144e2f3e8824a30706c4074510f362197d
Bundle,E_P_M_I|log1p|uniform|permissive|none,PM_I|log1p|uniform|permissive|none,block30,daily,all_expected_targets,nonindustrial_higher,bias,ng m-3,a_minus_b,-0.002440825854845459,-0.08841361803229607,0.0699202995348645,2394,10,25,station_x_block,20260921,2000,62f59d22b59dd9d7e2e072c7b3fe63144e2f3e8824a30706c4074510f362197d
Bundle,E_P_M_I|log1p|uniform|permissive|none,PM_I|log1p|uniform|permissive|none,block30,daily,all_expected_targets,nonindustrial_lower,RMSE,ng m-3,a_minus_b,-0.1270154741031302,-0.23501218269320123,-0.046319203800838614,2458,10,25,station_x_block,20260921,2000,b29a851546d291a0d2f7dfae9c12846445d0e09a394514e7c02a871b374d99af
Bundle,E_P_M_I|log1p|uniform|permissive|none,PM_I|log1p|uniform|permissive|none,block30,daily,all_expected_targets,nonindustrial_lower,MAE,ng m-3,a_minus_b,-0.06491246708539461,-0.104213395095622,-0.034304067872044784,2458,10,25,station_x_block,20260921,2000,b29a851546d291a0d2f7dfae9c12846445d0e09a394514e7c02a871b374d99af
Bundle,E_P_M_I|log1p|uniform|permissive|none,PM_I|log1p|uniform|permissive|none,block30,daily,all_expected_targets,nonindustrial_lower,bias,ng m-3,a_minus_b,-0.03897916306269325,-0.09660816428234992,0.0011852748999093402,2458,10,25,station_x_block,20260921,2000,b29a851546d291a0d2f7dfae9c12846445d0e09a394514e7c02a871b374d99af
Bundle,E_P_M_I|log1p|uniform|permissive|none,PM_I|log1p|uniform|permissive|none,block30,station_year_mean,all_sampled_dates,all_network,RMSE,ng m-3,a_minus_b,-0.0228238742409253,-0.03454381303455526,-0.011653217768285791,42,21,1,station,20260921,2000,a4b83f112a2a39d7bb39c1c70c56f5678dc7ac9449f27af54e02cbafaafd9a52
Bundle,E_P_M_I|log1p|uniform|permissive|none,PM_I|log1p|uniform|permissive|none,block30,station_year_mean,all_sampled_dates,all_network,MAE,ng m-3,a_minus_b,-0.023485282973006394,-0.035339048575106606,-0.010809940279103628,42,21,1,station,20260921,2000,a4b83f112a2a39d7bb39c1c70c56f5678dc7ac9449f27af54e02cbafaafd9a52
Bundle,E_P_M_I|log1p|uniform|permissive|none,PM_I|log1p|uniform|permissive|none,block30,station_year_mean,all_sampled_dates,all_network,bias,ng m-3,a_minus_b,-0.01596125008490354,-0.03957269820248737,0.008210544318634258,42,21,1,station,20260921,2000,a4b83f112a2a39d7bb39c1c70c56f5678dc7ac9449f27af54e02cbafaafd9a52
Bundle,E_P_M_I|log1p|uniform|permissive|none,PM_I|log1p|uniform|permissive|none,block30,station_year_mean,all_sampled_dates,nonindustrial,RMSE,ng m-3,a_minus_b,-0.01810549412795537,-0.02774012297862012,-0.00937781766072646,40,20,1,station,20260921,2000,75f77a11b57c142012fafa94a0442f20d6ba5eff6db77fdddfbfa204481e78df
Bundle,E_P_M_I|log1p|uniform|permissive|none,PM_I|log1p|uniform|permissive|none,block30,station_year_mean,all_sampled_dates,nonindustrial,MAE,ng m-3,a_minus_b,-0.02053097089971538,-0.03217598910434412,-0.008885879347248458,40,20,1,station,20260921,2000,75f77a11b57c142012fafa94a0442f20d6ba5eff6db77fdddfbfa204481e78df
Bundle,E_P_M_I|log1p|uniform|permissive|none,PM_I|log1p|uniform|permissive|none,block30,station_year_mean,all_sampled_dates,nonindustrial,bias,ng m-3,a_minus_b,-0.020887888811090015,-0.044678670628307146,0.0033656316447878316,40,20,1,station,20260921,2000,75f77a11b57c142012fafa94a0442f20d6ba5eff6db77fdddfbfa204481e78df
Bundle,E_P_M_I|log1p|uniform|permissive|none,PM_I|log1p|uniform|permissive|none,block30,station_year_mean,all_sampled_dates,nonindustrial_higher,RMSE,ng m-3,a_minus_b,-0.01817738490790552,-0.03216965899165639,-0.005278305712980863,20,10,1,station,20260921,2000,54d313e95dc309aa2e8ef845fd41708208c653e62ac636636faccd8f7f1e8a69
Bundle,E_P_M_I|log1p|uniform|permissive|none,PM_I|log1p|uniform|permissive|none,block30,station_year_mean,all_sampled_dates,nonindustrial_higher,MAE,ng m-3,a_minus_b,-0.020580296913398882,-0.037961841913523434,-0.003442482020161482,20,10,1,station,20260921,2000,54d313e95dc309aa2e8ef845fd41708208c653e62ac636636faccd8f7f1e8a69
Bundle,E_P_M_I|log1p|uniform|permissive|none,PM_I|log1p|uniform|permissive|none,block30,station_year_mean,all_sampled_dates,nonindustrial_higher,bias,ng m-3,a_minus_b,-0.0036505857765539024,-0.04539590500573758,0.034739221721462,20,10,1,station,20260921,2000,54d313e95dc309aa2e8ef845fd41708208c653e62ac636636faccd8f7f1e8a69
Bundle,E_P_M_I|log1p|uniform|permissive|none,PM_I|log1p|uniform|permissive|none,block30,station_year_mean,all_sampled_dates,nonindustrial_lower,RMSE,ng m-3,a_minus_b,-0.019782631829934387,-0.027150518513047672,-0.009206368419140463,20,10,1,station,20260921,2000,670d7f6c2b4a419dd7125e6759a5a484d1cc22269df900a9e6b8100ba467cbdc
Bundle,E_P_M_I|log1p|uniform|permissive|none,PM_I|log1p|uniform|permissive|none,block30,station_year_mean,all_sampled_dates,nonindustrial_lower,MAE,ng m-3,a_minus_b,-0.020481644886031866,-0.0337538560293211,-0.003948369588627839,20,10,1,station,20260921,2000,670d7f6c2b4a419dd7125e6759a5a484d1cc22269df900a9e6b8100ba467cbdc
Bundle,E_P_M_I|log1p|uniform|permissive|none,PM_I|log1p|uniform|permissive|none,block30,station_year_mean,all_sampled_dates,nonindustrial_lower,bias,ng m-3,a_minus_b,-0.038125191845626134,-0.06161454408451708,-0.016090846435415723,20,10,1,station,20260921,2000,670d7f6c2b4a419dd7125e6759a5a484d1cc22269df900a9e6b8100ba467cbdc
+NO2 given E,E_P|log1p|uniform|permissive|none,E_PM|log1p|uniform|permissive|none,block30,daily,all_expected_targets,all_network,RMSE,ng m-3,a_minus_b,0.007766152927205727,-0.025427561981359346,0.04519759195500954,5089,21,25,station_x_block,20260921,2000,49422f1082065a9d47ebdfaf52caf564b1c3e1dad3fba927ae8da3a978f385a0
+NO2 given E,E_P|log1p|uniform|permissive|none,E_PM|log1p|uniform|permissive|none,block30,daily,all_expected_targets,all_network,MAE,ng m-3,a_minus_b,0.0015528634711809985,-0.013753991117212946,0.017556674576220704,5089,21,25,station_x_block,20260921,2000,49422f1082065a9d47ebdfaf52caf564b1c3e1dad3fba927ae8da3a978f385a0
+NO2 given E,E_P|log1p|uniform|permissive|none,E_PM|log1p|uniform|permissive|none,block30,daily,all_expected_targets,all_network,bias,ng m-3,a_minus_b,-0.0034083557495460798,-0.02131966388769218,0.015061514602925109,5089,21,25,station_x_block,20260921,2000,49422f1082065a9d47ebdfaf52caf564b1c3e1dad3fba927ae8da3a978f385a0
+NO2 given E,E_P|log1p|uniform|permissive|none,E_PM|log1p|uniform|permissive|none,block30,daily,all_expected_targets,nonindustrial,RMSE,ng m-3,a_minus_b,0.01910868430201418,-0.010439125101739204,0.050154117554078365,4852,20,25,station_x_block,20260921,2000,5d1137882eec8537744050437f9ce1b569790644db3bdcfe69d5597e07b2e781
+NO2 given E,E_P|log1p|uniform|permissive|none,E_PM|log1p|uniform|permissive|none,block30,daily,all_expected_targets,nonindustrial,MAE,ng m-3,a_minus_b,0.004695118230593542,-0.005433571448570524,0.017298320146046875,4852,20,25,station_x_block,20260921,2000,5d1137882eec8537744050437f9ce1b569790644db3bdcfe69d5597e07b2e781
+NO2 given E,E_P|log1p|uniform|permissive|none,E_PM|log1p|uniform|permissive|none,block30,daily,all_expected_targets,nonindustrial,bias,ng m-3,a_minus_b,-0.004752313647864796,-0.020185315497405945,0.00919869157652742,4852,20,25,station_x_block,20260921,2000,5d1137882eec8537744050437f9ce1b569790644db3bdcfe69d5597e07b2e781
+NO2 given E,E_P|log1p|uniform|permissive|none,E_PM|log1p|uniform|permissive|none,block30,daily,all_expected_targets,nonindustrial_higher,RMSE,ng m-3,a_minus_b,0.028952251804001405,-0.013997292424701973,0.0794365494564626,2394,10,25,station_x_block,20260921,2000,62f59d22b59dd9d7e2e072c7b3fe63144e2f3e8824a30706c4074510f362197d
+NO2 given E,E_P|log1p|uniform|permissive|none,E_PM|log1p|uniform|permissive|none,block30,daily,all_expected_targets,nonindustrial_higher,MAE,ng m-3,a_minus_b,0.012211627694945715,-0.004539060555593463,0.03490492571828856,2394,10,25,station_x_block,20260921,2000,62f59d22b59dd9d7e2e072c7b3fe63144e2f3e8824a30706c4074510f362197d
+NO2 given E,E_P|log1p|uniform|permissive|none,E_PM|log1p|uniform|permissive|none,block30,daily,all_expected_targets,nonindustrial_higher,bias,ng m-3,a_minus_b,-0.005474889209565577,-0.02947449053003025,0.017204565243797015,2394,10,25,station_x_block,20260921,2000,62f59d22b59dd9d7e2e072c7b3fe63144e2f3e8824a30706c4074510f362197d
+NO2 given E,E_P|log1p|uniform|permissive|none,E_PM|log1p|uniform|permissive|none,block30,daily,all_expected_targets,nonindustrial_lower,RMSE,ng m-3,a_minus_b,0.000999481636327626,-0.019536062070516388,0.020070658417973012,2458,10,25,station_x_block,20260921,2000,b29a851546d291a0d2f7dfae9c12846445d0e09a394514e7c02a871b374d99af
+NO2 given E,E_P|log1p|uniform|permissive|none,E_PM|log1p|uniform|permissive|none,block30,daily,all_expected_targets,nonindustrial_lower,MAE,ng m-3,a_minus_b,-0.0026256806537266197,-0.014070231227110066,0.009147592961841446,2458,10,25,station_x_block,20260921,2000,b29a851546d291a0d2f7dfae9c12846445d0e09a394514e7c02a871b374d99af
+NO2 given E,E_P|log1p|uniform|permissive|none,E_PM|log1p|uniform|permissive|none,block30,daily,all_expected_targets,nonindustrial_lower,bias,ng m-3,a_minus_b,-0.004048552095907241,-0.017089261818342586,0.009384865489750613,2458,10,25,station_x_block,20260921,2000,b29a851546d291a0d2f7dfae9c12846445d0e09a394514e7c02a871b374d99af
+NO2 given E,E_P|log1p|uniform|permissive|none,E_PM|log1p|uniform|permissive|none,block30,station_year_mean,all_sampled_dates,all_network,RMSE,ng m-3,a_minus_b,-0.006078574894427757,-0.01046449141524734,0.002524881165225826,42,21,1,station,20260921,2000,a4b83f112a2a39d7bb39c1c70c56f5678dc7ac9449f27af54e02cbafaafd9a52
+NO2 given E,E_P|log1p|uniform|permissive|none,E_PM|log1p|uniform|permissive|none,block30,station_year_mean,all_sampled_dates,all_network,MAE,ng m-3,a_minus_b,-0.004958369496938814,-0.010212795150172062,0.0007423146815498776,42,21,1,station,20260921,2000,a4b83f112a2a39d7bb39c1c70c56f5678dc7ac9449f27af54e02cbafaafd9a52
+NO2 given E,E_P|log1p|uniform|permissive|none,E_PM|log1p|uniform|permissive|none,block30,station_year_mean,all_sampled_dates,all_network,bias,ng m-3,a_minus_b,-0.003756695437890825,-0.010917019632274169,0.0023696202778716075,42,21,1,station,20260921,2000,a4b83f112a2a39d7bb39c1c70c56f5678dc7ac9449f27af54e02cbafaafd9a52
+NO2 given E,E_P|log1p|uniform|permissive|none,E_PM|log1p|uniform|permissive|none,block30,station_year_mean,all_sampled_dates,nonindustrial,RMSE,ng m-3,a_minus_b,-0.002262146559482106,-0.008417243563369526,0.00397070994816567,40,20,1,station,20260921,2000,75f77a11b57c142012fafa94a0442f20d6ba5eff6db77fdddfbfa204481e78df
+NO2 given E,E_P|log1p|uniform|permissive|none,E_PM|log1p|uniform|permissive|none,block30,station_year_mean,all_sampled_dates,nonindustrial,MAE,ng m-3,a_minus_b,-0.004007740880007535,-0.009069812118304026,0.0015187922895043896,40,20,1,station,20260921,2000,75f77a11b57c142012fafa94a0442f20d6ba5eff6db77fdddfbfa204481e78df
+NO2 given E,E_P|log1p|uniform|permissive|none,E_PM|log1p|uniform|permissive|none,block30,station_year_mean,all_sampled_dates,nonindustrial,bias,ng m-3,a_minus_b,-0.005143077301563577,-0.01147689971047126,0.0009154277813942955,40,20,1,station,20260921,2000,75f77a11b57c142012fafa94a0442f20d6ba5eff6db77fdddfbfa204481e78df
+NO2 given E,E_P|log1p|uniform|permissive|none,E_PM|log1p|uniform|permissive|none,block30,station_year_mean,all_sampled_dates,nonindustrial_higher,RMSE,ng m-3,a_minus_b,-0.0003315224197200095,-0.00957766242316712,0.008971015079914857,20,10,1,station,20260921,2000,54d313e95dc309aa2e8ef845fd41708208c653e62ac636636faccd8f7f1e8a69
+NO2 given E,E_P|log1p|uniform|permissive|none,E_PM|log1p|uniform|permissive|none,block30,station_year_mean,all_sampled_dates,nonindustrial_higher,MAE,ng m-3,a_minus_b,-0.00012920585112644045,-0.009486470142993263,0.009349941426680827,20,10,1,station,20260921,2000,54d313e95dc309aa2e8ef845fd41708208c653e62ac636636faccd8f7f1e8a69
+NO2 given E,E_P|log1p|uniform|permissive|none,E_PM|log1p|uniform|permissive|none,block30,station_year_mean,all_sampled_dates,nonindustrial_higher,bias,ng m-3,a_minus_b,-0.006641422553873365,-0.01755433821454811,0.0027477826784299154,20,10,1,station,20260921,2000,54d313e95dc309aa2e8ef845fd41708208c653e62ac636636faccd8f7f1e8a69
+NO2 given E,E_P|log1p|uniform|permissive|none,E_PM|log1p|uniform|permissive|none,block30,station_year_mean,all_sampled_dates,nonindustrial_lower,RMSE,ng m-3,a_minus_b,-0.00612496340658656,-0.013556146045047368,0.000358085206315122,20,10,1,station,20260921,2000,670d7f6c2b4a419dd7125e6759a5a484d1cc22269df900a9e6b8100ba467cbdc
+NO2 given E,E_P|log1p|uniform|permissive|none,E_PM|log1p|uniform|permissive|none,block30,station_year_mean,all_sampled_dates,nonindustrial_lower,MAE,ng m-3,a_minus_b,-0.007886275908888608,-0.012929927145693465,-0.003503573943500526,20,10,1,station,20260921,2000,670d7f6c2b4a419dd7125e6759a5a484d1cc22269df900a9e6b8100ba467cbdc
+NO2 given E,E_P|log1p|uniform|permissive|none,E_PM|log1p|uniform|permissive|none,block30,station_year_mean,all_sampled_dates,nonindustrial_lower,bias,ng m-3,a_minus_b,-0.0036447320492537932,-0.010377333825799698,0.0037508894120949084,20,10,1,station,20260921,2000,670d7f6c2b4a419dd7125e6759a5a484d1cc22269df900a9e6b8100ba467cbdc
+NO2 given E,E_P|log1p|uniform|permissive|none,E_PM|log1p|uniform|permissive|none,loso,daily,all_expected_targets,all_network,RMSE,ng m-3,a_minus_b,-0.02291947811632289,-0.15031273216594174,0.03202102288796076,5089,21,1,station,20260921,2000,49422f1082065a9d47ebdfaf52caf564b1c3e1dad3fba927ae8da3a978f385a0
+NO2 given E,E_P|log1p|uniform|permissive|none,E_PM|log1p|uniform|permissive|none,loso,daily,all_expected_targets,all_network,MAE,ng m-3,a_minus_b,-0.05253805372189391,-0.1515480560503223,0.007405152332367452,5089,21,1,station,20260921,2000,49422f1082065a9d47ebdfaf52caf564b1c3e1dad3fba927ae8da3a978f385a0
+NO2 given E,E_P|log1p|uniform|permissive|none,E_PM|log1p|uniform|permissive|none,loso,daily,all_expected_targets,all_network,bias,ng m-3,a_minus_b,-0.06887806700980192,-0.17788931632282257,0.005894167981016396,5089,21,1,station,20260921,2000,49422f1082065a9d47ebdfaf52caf564b1c3e1dad3fba927ae8da3a978f385a0
+NO2 given E,E_P|log1p|uniform|permissive|none,E_PM|log1p|uniform|permissive|none,loso,daily,all_expected_targets,nonindustrial,RMSE,ng m-3,a_minus_b,-0.05190596538518499,-0.19639676835940992,0.04512042114804668,4852,20,1,station,20260921,2000,5d1137882eec8537744050437f9ce1b569790644db3bdcfe69d5597e07b2e781
+NO2 given E,E_P|log1p|uniform|permissive|none,E_PM|log1p|uniform|permissive|none,loso,daily,all_expected_targets,nonindustrial,MAE,ng m-3,a_minus_b,-0.054989612120923015,-0.15727324698293577,0.009955774244337474,4852,20,1,station,20260921,2000,5d1137882eec8537744050437f9ce1b569790644db3bdcfe69d5597e07b2e781
+NO2 given E,E_P|log1p|uniform|permissive|none,E_PM|log1p|uniform|permissive|none,loso,daily,all_expected_targets,nonindustrial,bias,ng m-3,a_minus_b,-0.07258573355995093,-0.1844719463734296,0.008720193988036586,4852,20,1,station,20260921,2000,5d1137882eec8537744050437f9ce1b569790644db3bdcfe69d5597e07b2e781
+NO2 given E,E_P|log1p|uniform|permissive|none,E_PM|log1p|uniform|permissive|none,loso,daily,all_expected_targets,nonindustrial_higher,RMSE,ng m-3,a_minus_b,0.018255869401532454,-0.06964379955223339,0.08549159074338178,2394,10,1,station,20260921,2000,62f59d22b59dd9d7e2e072c7b3fe63144e2f3e8824a30706c4074510f362197d
+NO2 given E,E_P|log1p|uniform|permissive|none,E_PM|log1p|uniform|permissive|none,loso,daily,all_expected_targets,nonindustrial_higher,MAE,ng m-3,a_minus_b,-0.00622967234928995,-0.05691397911842557,0.043429419118058726,2394,10,1,station,20260921,2000,62f59d22b59dd9d7e2e072c7b3fe63144e2f3e8824a30706c4074510f362197d
+NO2 given E,E_P|log1p|uniform|permissive|none,E_PM|log1p|uniform|permissive|none,loso,daily,all_expected_targets,nonindustrial_higher,bias,ng m-3,a_minus_b,-0.032552156672848775,-0.1156674289661146,0.04233235804379242,2394,10,1,station,20260921,2000,62f59d22b59dd9d7e2e072c7b3fe63144e2f3e8824a30706c4074510f362197d
+NO2 given E,E_P|log1p|uniform|permissive|none,E_PM|log1p|uniform|permissive|none,loso,daily,all_expected_targets,nonindustrial_lower,RMSE,ng m-3,a_minus_b,-0.20296629592256543,-0.45332177901293963,0.02105628020707024,2458,10,1,station,20260921,2000,b29a851546d291a0d2f7dfae9c12846445d0e09a394514e7c02a871b374d99af
+NO2 given E,E_P|log1p|uniform|permissive|none,E_PM|log1p|uniform|permissive|none,loso,daily,all_expected_targets,nonindustrial_lower,MAE,ng m-3,a_minus_b,-0.10247996843226925,-0.2862599372328395,0.0048574715846300435,2458,10,1,station,20260921,2000,b29a851546d291a0d2f7dfae9c12846445d0e09a394514e7c02a871b374d99af
+NO2 given E,E_P|log1p|uniform|permissive|none,E_PM|log1p|uniform|permissive|none,loso,daily,all_expected_targets,nonindustrial_lower,bias,ng m-3,a_minus_b,-0.11157693903908952,-0.3163879458673486,0.013326899841492053,2458,10,1,station,20260921,2000,b29a851546d291a0d2f7dfae9c12846445d0e09a394514e7c02a871b374d99af
+NO2 given E,E_P|log1p|uniform|permissive|none,E_PM|log1p|uniform|permissive|none,loso,station_year_mean,all_sampled_dates,all_network,RMSE,ng m-3,a_minus_b,-0.025046478990781162,-0.1819295202832344,0.0362703565385865,42,21,1,station,20260921,2000,a4b83f112a2a39d7bb39c1c70c56f5678dc7ac9449f27af54e02cbafaafd9a52
+NO2 given E,E_P|log1p|uniform|permissive|none,E_PM|log1p|uniform|permissive|none,loso,station_year_mean,all_sampled_dates,all_network,MAE,ng m-3,a_minus_b,-0.060045677452204904,-0.15646893184178995,0.009268947760413529,42,21,1,station,20260921,2000,a4b83f112a2a39d7bb39c1c70c56f5678dc7ac9449f27af54e02cbafaafd9a52
+NO2 given E,E_P|log1p|uniform|permissive|none,E_PM|log1p|uniform|permissive|none,loso,station_year_mean,all_sampled_dates,all_network,bias,ng m-3,a_minus_b,-0.07848209587491492,-0.1973490946615023,0.002187656462992733,42,21,1,station,20260921,2000,a4b83f112a2a39d7bb39c1c70c56f5678dc7ac9449f27af54e02cbafaafd9a52
+NO2 given E,E_P|log1p|uniform|permissive|none,E_PM|log1p|uniform|permissive|none,loso,station_year_mean,all_sampled_dates,nonindustrial,RMSE,ng m-3,a_minus_b,-0.06651899759167595,-0.2356495131054937,0.05087065623377571,40,20,1,station,20260921,2000,75f77a11b57c142012fafa94a0442f20d6ba5eff6db77fdddfbfa204481e78df
+NO2 given E,E_P|log1p|uniform|permissive|none,E_PM|log1p|uniform|permissive|none,loso,station_year_mean,all_sampled_dates,nonindustrial,MAE,ng m-3,a_minus_b,-0.06269780144457915,-0.161494555473625,0.011381481855337319,40,20,1,station,20260921,2000,75f77a11b57c142012fafa94a0442f20d6ba5eff6db77fdddfbfa204481e78df
+NO2 given E,E_P|log1p|uniform|permissive|none,E_PM|log1p|uniform|permissive|none,loso,station_year_mean,all_sampled_dates,nonindustrial,bias,ng m-3,a_minus_b,-0.08275636054889676,-0.20010069592100407,0.004676017007278349,40,20,1,station,20260921,2000,75f77a11b57c142012fafa94a0442f20d6ba5eff6db77fdddfbfa204481e78df
+NO2 given E,E_P|log1p|uniform|permissive|none,E_PM|log1p|uniform|permissive|none,loso,station_year_mean,all_sampled_dates,nonindustrial_higher,RMSE,ng m-3,a_minus_b,0.025133987480729814,-0.10117586688093319,0.10059367972417232,20,10,1,station,20260921,2000,54d313e95dc309aa2e8ef845fd41708208c653e62ac636636faccd8f7f1e8a69
+NO2 given E,E_P|log1p|uniform|permissive|none,E_PM|log1p|uniform|permissive|none,loso,station_year_mean,all_sampled_dates,nonindustrial_higher,MAE,ng m-3,a_minus_b,-0.024182232615218513,-0.11066937859045167,0.055310435633898265,20,10,1,station,20260921,2000,54d313e95dc309aa2e8ef845fd41708208c653e62ac636636faccd8f7f1e8a69
+NO2 given E,E_P|log1p|uniform|permissive|none,E_PM|log1p|uniform|permissive|none,loso,station_year_mean,all_sampled_dates,nonindustrial_higher,bias,ng m-3,a_minus_b,-0.04188824888297446,-0.12867142422799582,0.03886150579050647,20,10,1,station,20260921,2000,54d313e95dc309aa2e8ef845fd41708208c653e62ac636636faccd8f7f1e8a69
+NO2 given E,E_P|log1p|uniform|permissive|none,E_PM|log1p|uniform|permissive|none,loso,station_year_mean,all_sampled_dates,nonindustrial_lower,RMSE,ng m-3,a_minus_b,-0.2329256446170906,-0.4526792678188802,-0.006858691675362893,20,10,1,station,20260921,2000,670d7f6c2b4a419dd7125e6759a5a484d1cc22269df900a9e6b8100ba467cbdc
+NO2 given E,E_P|log1p|uniform|permissive|none,E_PM|log1p|uniform|permissive|none,loso,station_year_mean,all_sampled_dates,nonindustrial_lower,MAE,ng m-3,a_minus_b,-0.10121337027393978,-0.27470854465414335,0.009975929405939889,20,10,1,station,20260921,2000,670d7f6c2b4a419dd7125e6759a5a484d1cc22269df900a9e6b8100ba467cbdc
+NO2 given E,E_P|log1p|uniform|permissive|none,E_PM|log1p|uniform|permissive|none,loso,station_year_mean,all_sampled_dates,nonindustrial_lower,bias,ng m-3,a_minus_b,-0.12362447221481912,-0.33946268596477097,0.008355709716942045,20,10,1,station,20260921,2000,670d7f6c2b4a419dd7125e6759a5a484d1cc22269df900a9e6b8100ba467cbdc
+PM given E,E_P|log1p|uniform|permissive|none,E_NO2|log1p|uniform|permissive|none,block30,daily,all_expected_targets,all_network,RMSE,ng m-3,a_minus_b,-0.21918215103125305,-0.38041876035537214,-0.07955966864763048,5089,21,25,station_x_block,20260921,2000,49422f1082065a9d47ebdfaf52caf564b1c3e1dad3fba927ae8da3a978f385a0
+PM given E,E_P|log1p|uniform|permissive|none,E_NO2|log1p|uniform|permissive|none,block30,daily,all_expected_targets,all_network,MAE,ng m-3,a_minus_b,-0.08407883981911185,-0.16147613340155204,-0.028262990591094297,5089,21,25,station_x_block,20260921,2000,49422f1082065a9d47ebdfaf52caf564b1c3e1dad3fba927ae8da3a978f385a0
+PM given E,E_P|log1p|uniform|permissive|none,E_NO2|log1p|uniform|permissive|none,block30,daily,all_expected_targets,all_network,bias,ng m-3,a_minus_b,0.04561178645475736,-0.0124518494017105,0.12667476975628025,5089,21,25,station_x_block,20260921,2000,49422f1082065a9d47ebdfaf52caf564b1c3e1dad3fba927ae8da3a978f385a0
+PM given E,E_P|log1p|uniform|permissive|none,E_NO2|log1p|uniform|permissive|none,block30,daily,all_expected_targets,nonindustrial,RMSE,ng m-3,a_minus_b,-0.2140413562646165,-0.38706898279393065,-0.06145716237309336,4852,20,25,station_x_block,20260921,2000,5d1137882eec8537744050437f9ce1b569790644db3bdcfe69d5597e07b2e781
+PM given E,E_P|log1p|uniform|permissive|none,E_NO2|log1p|uniform|permissive|none,block30,daily,all_expected_targets,nonindustrial,MAE,ng m-3,a_minus_b,-0.07071938665281535,-0.14879054325036475,-0.02307096338172381,4852,20,25,station_x_block,20260921,2000,5d1137882eec8537744050437f9ce1b569790644db3bdcfe69d5597e07b2e781
+PM given E,E_P|log1p|uniform|permissive|none,E_NO2|log1p|uniform|permissive|none,block30,daily,all_expected_targets,nonindustrial,bias,ng m-3,a_minus_b,0.031034121448528445,-0.015539948901389678,0.08895000985320207,4852,20,25,station_x_block,20260921,2000,5d1137882eec8537744050437f9ce1b569790644db3bdcfe69d5597e07b2e781
+PM given E,E_P|log1p|uniform|permissive|none,E_NO2|log1p|uniform|permissive|none,block30,daily,all_expected_targets,nonindustrial_higher,RMSE,ng m-3,a_minus_b,-0.3120825458029034,-0.5415082503734123,-0.07988437323274647,2394,10,25,station_x_block,20260921,2000,62f59d22b59dd9d7e2e072c7b3fe63144e2f3e8824a30706c4074510f362197d
+PM given E,E_P|log1p|uniform|permissive|none,E_NO2|log1p|uniform|permissive|none,block30,daily,all_expected_targets,nonindustrial_higher,MAE,ng m-3,a_minus_b,-0.12252563243157899,-0.23900537089233814,-0.0329478554438351,2394,10,25,station_x_block,20260921,2000,62f59d22b59dd9d7e2e072c7b3fe63144e2f3e8824a30706c4074510f362197d
+PM given E,E_P|log1p|uniform|permissive|none,E_NO2|log1p|uniform|permissive|none,block30,daily,all_expected_targets,nonindustrial_higher,bias,ng m-3,a_minus_b,0.049925298267669185,-0.03405963140053154,0.15068636962213622,2394,10,25,station_x_block,20260921,2000,62f59d22b59dd9d7e2e072c7b3fe63144e2f3e8824a30706c4074510f362197d
+PM given E,E_P|log1p|uniform|permissive|none,E_NO2|log1p|uniform|permissive|none,block30,daily,all_expected_targets,nonindustrial_lower,RMSE,ng m-3,a_minus_b,-0.03282557173385442,-0.0782433700877334,0.01043861230737622,2458,10,25,station_x_block,20260921,2000,b29a851546d291a0d2f7dfae9c12846445d0e09a394514e7c02a871b374d99af
+PM given E,E_P|log1p|uniform|permissive|none,E_NO2|log1p|uniform|permissive|none,block30,daily,all_expected_targets,nonindustrial_lower,MAE,ng m-3,a_minus_b,-0.020262042310113942,-0.044739113480131217,-0.0027916414077474344,2458,10,25,station_x_block,20260921,2000,b29a851546d291a0d2f7dfae9c12846445d0e09a394514e7c02a871b374d99af
+PM given E,E_P|log1p|uniform|permissive|none,E_NO2|log1p|uniform|permissive|none,block30,daily,all_expected_targets,nonindustrial_lower,bias,ng m-3,a_minus_b,0.012634822300838079,-0.013625259809056291,0.04470173477233786,2458,10,25,station_x_block,20260921,2000,b29a851546d291a0d2f7dfae9c12846445d0e09a394514e7c02a871b374d99af
+PM given E,E_P|log1p|uniform|permissive|none,E_NO2|log1p|uniform|permissive|none,block30,station_year_mean,all_sampled_dates,all_network,RMSE,ng m-3,a_minus_b,-0.08516190881195107,-0.14340980475396248,-0.003570953377352872,42,21,1,station,20260921,2000,a4b83f112a2a39d7bb39c1c70c56f5678dc7ac9449f27af54e02cbafaafd9a52
+PM given E,E_P|log1p|uniform|permissive|none,E_NO2|log1p|uniform|permissive|none,block30,station_year_mean,all_sampled_dates,all_network,MAE,ng m-3,a_minus_b,-0.030520786718416404,-0.06651462523943934,-0.0023561705469599945,42,21,1,station,20260921,2000,a4b83f112a2a39d7bb39c1c70c56f5678dc7ac9449f27af54e02cbafaafd9a52
+PM given E,E_P|log1p|uniform|permissive|none,E_NO2|log1p|uniform|permissive|none,block30,station_year_mean,all_sampled_dates,all_network,bias,ng m-3,a_minus_b,0.04336384575843523,0.015639495102058892,0.07730409181994563,42,21,1,station,20260921,2000,a4b83f112a2a39d7bb39c1c70c56f5678dc7ac9449f27af54e02cbafaafd9a52
+PM given E,E_P|log1p|uniform|permissive|none,E_NO2|log1p|uniform|permissive|none,block30,station_year_mean,all_sampled_dates,nonindustrial,RMSE,ng m-3,a_minus_b,-0.029481833204121954,-0.062020790183892935,0.0024933804894023844,40,20,1,station,20260921,2000,75f77a11b57c142012fafa94a0442f20d6ba5eff6db77fdddfbfa204481e78df
+PM given E,E_P|log1p|uniform|permissive|none,E_NO2|log1p|uniform|permissive|none,block30,station_year_mean,all_sampled_dates,nonindustrial,MAE,ng m-3,a_minus_b,-0.014763415865688911,-0.03241451795020157,0.0020231315580033636,40,20,1,station,20260921,2000,75f77a11b57c142012fafa94a0442f20d6ba5eff6db77fdddfbfa204481e78df
+PM given E,E_P|log1p|uniform|permissive|none,E_NO2|log1p|uniform|permissive|none,block30,station_year_mean,all_sampled_dates,nonindustrial,bias,ng m-3,a_minus_b,0.028248627857708677,0.010849442641604952,0.04664791556724463,40,20,1,station,20260921,2000,75f77a11b57c142012fafa94a0442f20d6ba5eff6db77fdddfbfa204481e78df
+PM given E,E_P|log1p|uniform|permissive|none,E_NO2|log1p|uniform|permissive|none,block30,station_year_mean,all_sampled_dates,nonindustrial_higher,RMSE,ng m-3,a_minus_b,-0.037321126287561165,-0.08580048987139965,0.014852813041731418,20,10,1,station,20260921,2000,54d313e95dc309aa2e8ef845fd41708208c653e62ac636636faccd8f7f1e8a69
+PM given E,E_P|log1p|uniform|permissive|none,E_NO2|log1p|uniform|permissive|none,block30,station_year_mean,all_sampled_dates,nonindustrial_higher,MAE,ng m-3,a_minus_b,-0.014732581207788448,-0.04435498617830753,0.016041886696421738,20,10,1,station,20260921,2000,54d313e95dc309aa2e8ef845fd41708208c653e62ac636636faccd8f7f1e8a69
+PM given E,E_P|log1p|uniform|permissive|none,E_NO2|log1p|uniform|permissive|none,block30,station_year_mean,all_sampled_dates,nonindustrial_higher,bias,ng m-3,a_minus_b,0.04476652465620442,0.015404893645950104,0.07388508419816743,20,10,1,station,20260921,2000,54d313e95dc309aa2e8ef845fd41708208c653e62ac636636faccd8f7f1e8a69
+PM given E,E_P|log1p|uniform|permissive|none,E_NO2|log1p|uniform|permissive|none,block30,station_year_mean,all_sampled_dates,nonindustrial_lower,RMSE,ng m-3,a_minus_b,-0.01859081939087004,-0.03343125193107577,-0.001898638040466539,20,10,1,station,20260921,2000,670d7f6c2b4a419dd7125e6759a5a484d1cc22269df900a9e6b8100ba467cbdc
+PM given E,E_P|log1p|uniform|permissive|none,E_NO2|log1p|uniform|permissive|none,block30,station_year_mean,all_sampled_dates,nonindustrial_lower,MAE,ng m-3,a_minus_b,-0.014794250523589403,-0.030001352010003462,-0.0019411495779990222,20,10,1,station,20260921,2000,670d7f6c2b4a419dd7125e6759a5a484d1cc22269df900a9e6b8100ba467cbdc
+PM given E,E_P|log1p|uniform|permissive|none,E_NO2|log1p|uniform|permissive|none,block30,station_year_mean,all_sampled_dates,nonindustrial_lower,bias,ng m-3,a_minus_b,0.011730731059212933,-0.0035974477718533834,0.02698136671222238,20,10,1,station,20260921,2000,670d7f6c2b4a419dd7125e6759a5a484d1cc22269df900a9e6b8100ba467cbdc
+PM given E,E_P|log1p|uniform|permissive|none,E_NO2|log1p|uniform|permissive|none,loso,daily,all_expected_targets,all_network,RMSE,ng m-3,a_minus_b,-0.23864137292529453,-0.5675013434468759,-0.09255965096558602,5089,21,1,station,20260921,2000,49422f1082065a9d47ebdfaf52caf564b1c3e1dad3fba927ae8da3a978f385a0
+PM given E,E_P|log1p|uniform|permissive|none,E_NO2|log1p|uniform|permissive|none,loso,daily,all_expected_targets,all_network,MAE,ng m-3,a_minus_b,-0.1759158174119353,-0.2953687023422122,-0.06866698821326053,5089,21,1,station,20260921,2000,49422f1082065a9d47ebdfaf52caf564b1c3e1dad3fba927ae8da3a978f385a0
+PM given E,E_P|log1p|uniform|permissive|none,E_NO2|log1p|uniform|permissive|none,loso,daily,all_expected_targets,all_network,bias,ng m-3,a_minus_b,-0.04112555589963887,-0.21252394206566302,0.11595481901311566,5089,21,1,station,20260921,2000,49422f1082065a9d47ebdfaf52caf564b1c3e1dad3fba927ae8da3a978f385a0
+PM given E,E_P|log1p|uniform|permissive|none,E_NO2|log1p|uniform|permissive|none,loso,daily,all_expected_targets,nonindustrial,RMSE,ng m-3,a_minus_b,-0.3794211507434324,-0.6427803142106148,-0.12280391061712095,4852,20,1,station,20260921,2000,5d1137882eec8537744050437f9ce1b569790644db3bdcfe69d5597e07b2e781
+PM given E,E_P|log1p|uniform|permissive|none,E_NO2|log1p|uniform|permissive|none,loso,daily,all_expected_targets,nonindustrial,MAE,ng m-3,a_minus_b,-0.17326775813959983,-0.30090290013451804,-0.0690385442040425,4852,20,1,station,20260921,2000,5d1137882eec8537744050437f9ce1b569790644db3bdcfe69d5597e07b2e781
+PM given E,E_P|log1p|uniform|permissive|none,E_NO2|log1p|uniform|permissive|none,loso,daily,all_expected_targets,nonindustrial,bias,ng m-3,a_minus_b,-0.05501792808929555,-0.21699270238885504,0.10908469314397443,4852,20,1,station,20260921,2000,5d1137882eec8537744050437f9ce1b569790644db3bdcfe69d5597e07b2e781
+PM given E,E_P|log1p|uniform|permissive|none,E_NO2|log1p|uniform|permissive|none,loso,daily,all_expected_targets,nonindustrial_higher,RMSE,ng m-3,a_minus_b,-0.4514570497077899,-0.8344905550875433,-0.04359185979158307,2394,10,1,station,20260921,2000,62f59d22b59dd9d7e2e072c7b3fe63144e2f3e8824a30706c4074510f362197d
+PM given E,E_P|log1p|uniform|permissive|none,E_NO2|log1p|uniform|permissive|none,loso,daily,all_expected_targets,nonindustrial_higher,MAE,ng m-3,a_minus_b,-0.22648599407309944,-0.4204263530396779,-0.05025108660248972,2394,10,1,station,20260921,2000,62f59d22b59dd9d7e2e072c7b3fe63144e2f3e8824a30706c4074510f362197d
+PM given E,E_P|log1p|uniform|permissive|none,E_NO2|log1p|uniform|permissive|none,loso,daily,all_expected_targets,nonindustrial_higher,bias,ng m-3,a_minus_b,0.006222110186716812,-0.28505133085291295,0.2911071345025161,2394,10,1,station,20260921,2000,62f59d22b59dd9d7e2e072c7b3fe63144e2f3e8824a30706c4074510f362197d
+PM given E,E_P|log1p|uniform|permissive|none,E_NO2|log1p|uniform|permissive|none,loso,daily,all_expected_targets,nonindustrial_lower,RMSE,ng m-3,a_minus_b,-0.3097416463275543,-0.5427769590663962,0.010549357366372311,2458,10,1,station,20260921,2000,b29a851546d291a0d2f7dfae9c12846445d0e09a394514e7c02a871b374d99af
+PM given E,E_P|log1p|uniform|permissive|none,E_NO2|log1p|uniform|permissive|none,loso,daily,all_expected_targets,nonindustrial_lower,MAE,ng m-3,a_minus_b,-0.1214351882352881,-0.26762015523561644,0.0020297971967012398,2458,10,1,station,20260921,2000,b29a851546d291a0d2f7dfae9c12846445d0e09a394514e7c02a871b374d99af
+PM given E,E_P|log1p|uniform|permissive|none,E_NO2|log1p|uniform|permissive|none,loso,daily,all_expected_targets,nonindustrial_lower,bias,ng m-3,a_minus_b,-0.11466343322874775,-0.2843612344083937,0.03021392217917446,2458,10,1,station,20260921,2000,b29a851546d291a0d2f7dfae9c12846445d0e09a394514e7c02a871b374d99af
+PM given E,E_P|log1p|uniform|permissive|none,E_NO2|log1p|uniform|permissive|none,loso,station_year_mean,all_sampled_dates,all_network,RMSE,ng m-3,a_minus_b,-0.15271831046291662,-0.3817101971554475,-0.07124976601048738,42,21,1,station,20260921,2000,a4b83f112a2a39d7bb39c1c70c56f5678dc7ac9449f27af54e02cbafaafd9a52
+PM given E,E_P|log1p|uniform|permissive|none,E_NO2|log1p|uniform|permissive|none,loso,station_year_mean,all_sampled_dates,all_network,MAE,ng m-3,a_minus_b,-0.16163835153816286,-0.30813840529623915,-0.033144841600851536,42,21,1,station,20260921,2000,a4b83f112a2a39d7bb39c1c70c56f5678dc7ac9449f27af54e02cbafaafd9a52
+PM given E,E_P|log1p|uniform|permissive|none,E_NO2|log1p|uniform|permissive|none,loso,station_year_mean,all_sampled_dates,all_network,bias,ng m-3,a_minus_b,-0.027250051526046815,-0.18989430022991619,0.12206565159345371,42,21,1,station,20260921,2000,a4b83f112a2a39d7bb39c1c70c56f5678dc7ac9449f27af54e02cbafaafd9a52
+PM given E,E_P|log1p|uniform|permissive|none,E_NO2|log1p|uniform|permissive|none,loso,station_year_mean,all_sampled_dates,nonindustrial,RMSE,ng m-3,a_minus_b,-0.25648949024957196,-0.4256450085358818,-0.06629481922336503,40,20,1,station,20260921,2000,75f77a11b57c142012fafa94a0442f20d6ba5eff6db77fdddfbfa204481e78df
+PM given E,E_P|log1p|uniform|permissive|none,E_NO2|log1p|uniform|permissive|none,loso,station_year_mean,all_sampled_dates,nonindustrial,MAE,ng m-3,a_minus_b,-0.15755762524274503,-0.30892642771572476,-0.028885045578665686,40,20,1,station,20260921,2000,75f77a11b57c142012fafa94a0442f20d6ba5eff6db77fdddfbfa204481e78df
+PM given E,E_P|log1p|uniform|permissive|none,E_NO2|log1p|uniform|permissive|none,loso,station_year_mean,all_sampled_dates,nonindustrial,bias,ng m-3,a_minus_b,-0.04077519797467498,-0.19504180869966875,0.11739531120149443,40,20,1,station,20260921,2000,75f77a11b57c142012fafa94a0442f20d6ba5eff6db77fdddfbfa204481e78df
+PM given E,E_P|log1p|uniform|permissive|none,E_NO2|log1p|uniform|permissive|none,loso,station_year_mean,all_sampled_dates,nonindustrial_higher,RMSE,ng m-3,a_minus_b,-0.27866525846929835,-0.5222267842479277,0.011056621060228266,20,10,1,station,20260921,2000,54d313e95dc309aa2e8ef845fd41708208c653e62ac636636faccd8f7f1e8a69
+PM given E,E_P|log1p|uniform|permissive|none,E_NO2|log1p|uniform|permissive|none,loso,station_year_mean,all_sampled_dates,nonindustrial_higher,MAE,ng m-3,a_minus_b,-0.19941922465284673,-0.4497257904862137,0.02729908027006401,20,10,1,station,20260921,2000,54d313e95dc309aa2e8ef845fd41708208c653e62ac636636faccd8f7f1e8a69
+PM given E,E_P|log1p|uniform|permissive|none,E_NO2|log1p|uniform|permissive|none,loso,station_year_mean,all_sampled_dates,nonindustrial_higher,bias,ng m-3,a_minus_b,0.0309455565409876,-0.24417453163034358,0.30077651404124733,20,10,1,station,20260921,2000,54d313e95dc309aa2e8ef845fd41708208c653e62ac636636faccd8f7f1e8a69
+PM given E,E_P|log1p|uniform|permissive|none,E_NO2|log1p|uniform|permissive|none,loso,station_year_mean,all_sampled_dates,nonindustrial_lower,RMSE,ng m-3,a_minus_b,-0.26102619289255435,-0.44647563422653375,0.014383334624270402,20,10,1,station,20260921,2000,670d7f6c2b4a419dd7125e6759a5a484d1cc22269df900a9e6b8100ba467cbdc
+PM given E,E_P|log1p|uniform|permissive|none,E_NO2|log1p|uniform|permissive|none,loso,station_year_mean,all_sampled_dates,nonindustrial_lower,MAE,ng m-3,a_minus_b,-0.11569602583264338,-0.27366264484812075,0.022998676997547967,20,10,1,station,20260921,2000,670d7f6c2b4a419dd7125e6759a5a484d1cc22269df900a9e6b8100ba467cbdc
+PM given E,E_P|log1p|uniform|permissive|none,E_NO2|log1p|uniform|permissive|none,loso,station_year_mean,all_sampled_dates,nonindustrial_lower,bias,ng m-3,a_minus_b,-0.11249595249033764,-0.2762956660928445,0.033842439719203754,20,10,1,station,20260921,2000,670d7f6c2b4a419dd7125e6759a5a484d1cc22269df900a9e6b8100ba467cbdc
Weights,E_P|log1p|inverse_1_over_bap_plus_0_5|permissive|none,E_P|log1p|uniform|permissive|none,block30,daily,all_expected_targets,all_network,RMSE,ng m-3,a_minus_b,0.0904735445462439,-0.021865485049579747,0.1919720857550638,5089,21,25,station_x_block,20260921,2000,49422f1082065a9d47ebdfaf52caf564b1c3e1dad3fba927ae8da3a978f385a0
Weights,E_P|log1p|inverse_1_over_bap_plus_0_5|permissive|none,E_P|log1p|uniform|permissive|none,block30,daily,all_expected_targets,all_network,MAE,ng m-3,a_minus_b,0.0029857036460129716,-0.01572886828480023,0.02726259607714137,5089,21,25,station_x_block,20260921,2000,49422f1082065a9d47ebdfaf52caf564b1c3e1dad3fba927ae8da3a978f385a0
Weights,E_P|log1p|inverse_1_over_bap_plus_0_5|permissive|none,E_P|log1p|uniform|permissive|none,block30,daily,all_expected_targets,all_network,bias,ng m-3,a_minus_b,-0.08643498728731776,-0.190473503175027,-0.020292130647103578,5089,21,25,station_x_block,20260921,2000,49422f1082065a9d47ebdfaf52caf564b1c3e1dad3fba927ae8da3a978f385a0
Weights,E_P|log1p|inverse_1_over_bap_plus_0_5|permissive|none,E_P|log1p|uniform|permissive|none,block30,daily,all_expected_targets,nonindustrial,RMSE,ng m-3,a_minus_b,0.003949937974296658,-0.030477711309632387,0.04245308046015747,4852,20,25,station_x_block,20260921,2000,5d1137882eec8537744050437f9ce1b569790644db3bdcfe69d5597e07b2e781
Weights,E_P|log1p|inverse_1_over_bap_plus_0_5|permissive|none,E_P|log1p|uniform|permissive|none,block30,daily,all_expected_targets,nonindustrial,MAE,ng m-3,a_minus_b,-0.005457963818103817,-0.018394546626554067,0.009047940368902503,4852,20,25,station_x_block,20260921,2000,5d1137882eec8537744050437f9ce1b569790644db3bdcfe69d5597e07b2e781
Weights,E_P|log1p|inverse_1_over_bap_plus_0_5|permissive|none,E_P|log1p|uniform|permissive|none,block30,daily,all_expected_targets,nonindustrial,bias,ng m-3,a_minus_b,-0.043481412478392406,-0.08025929686447207,-0.01403879324993809,4852,20,25,station_x_block,20260921,2000,5d1137882eec8537744050437f9ce1b569790644db3bdcfe69d5597e07b2e781
Weights,E_P|log1p|inverse_1_over_bap_plus_0_5|permissive|none,E_P|log1p|uniform|permissive|none,block30,daily,all_expected_targets,nonindustrial_higher,RMSE,ng m-3,a_minus_b,0.009565252530718937,-0.044433982478202995,0.07650428128036221,2394,10,25,station_x_block,20260921,2000,62f59d22b59dd9d7e2e072c7b3fe63144e2f3e8824a30706c4074510f362197d
Weights,E_P|log1p|inverse_1_over_bap_plus_0_5|permissive|none,E_P|log1p|uniform|permissive|none,block30,daily,all_expected_targets,nonindustrial_higher,MAE,ng m-3,a_minus_b,-0.006584504419172965,-0.03234665515137917,0.02362789871598945,2394,10,25,station_x_block,20260921,2000,62f59d22b59dd9d7e2e072c7b3fe63144e2f3e8824a30706c4074510f362197d
Weights,E_P|log1p|inverse_1_over_bap_plus_0_5|permissive|none,E_P|log1p|uniform|permissive|none,block30,daily,all_expected_targets,nonindustrial_higher,bias,ng m-3,a_minus_b,-0.06132636224749374,-0.12063031252611907,-0.008412018758732097,2394,10,25,station_x_block,20260921,2000,62f59d22b59dd9d7e2e072c7b3fe63144e2f3e8824a30706c4074510f362197d
Weights,E_P|log1p|inverse_1_over_bap_plus_0_5|permissive|none,E_P|log1p|uniform|permissive|none,block30,daily,all_expected_targets,nonindustrial_lower,RMSE,ng m-3,a_minus_b,-0.008809229821512665,-0.027930214016521928,0.00747192562573441,2458,10,25,station_x_block,20260921,2000,b29a851546d291a0d2f7dfae9c12846445d0e09a394514e7c02a871b374d99af
Weights,E_P|log1p|inverse_1_over_bap_plus_0_5|permissive|none,E_P|log1p|uniform|permissive|none,block30,daily,all_expected_targets,nonindustrial_lower,MAE,ng m-3,a_minus_b,-0.004360755437729846,-0.014801111752985681,0.003603469365582751,2458,10,25,station_x_block,20260921,2000,b29a851546d291a0d2f7dfae9c12846445d0e09a394514e7c02a871b374d99af
Weights,E_P|log1p|inverse_1_over_bap_plus_0_5|permissive|none,E_P|log1p|uniform|permissive|none,block30,daily,all_expected_targets,nonindustrial_lower,bias,ng m-3,a_minus_b,-0.02610109931841334,-0.05361756009416056,-0.008146086815990328,2458,10,25,station_x_block,20260921,2000,b29a851546d291a0d2f7dfae9c12846445d0e09a394514e7c02a871b374d99af
Weights,E_P|log1p|inverse_1_over_bap_plus_0_5|permissive|none,E_P|log1p|uniform|permissive|none,block30,station_year_mean,all_sampled_dates,all_network,RMSE,ng m-3,a_minus_b,0.21042238630732019,0.004166714658448576,0.36565459122974736,42,21,1,station,20260921,2000,a4b83f112a2a39d7bb39c1c70c56f5678dc7ac9449f27af54e02cbafaafd9a52
Weights,E_P|log1p|inverse_1_over_bap_plus_0_5|permissive|none,E_P|log1p|uniform|permissive|none,block30,station_year_mean,all_sampled_dates,all_network,MAE,ng m-3,a_minus_b,0.05871010492794798,0.0027649424802055978,0.15410911176787898,42,21,1,station,20260921,2000,a4b83f112a2a39d7bb39c1c70c56f5678dc7ac9449f27af54e02cbafaafd9a52
Weights,E_P|log1p|inverse_1_over_bap_plus_0_5|permissive|none,E_P|log1p|uniform|permissive|none,block30,station_year_mean,all_sampled_dates,all_network,bias,ng m-3,a_minus_b,-0.08848538349697034,-0.18123003793607909,-0.03286448337913313,42,21,1,station,20260921,2000,a4b83f112a2a39d7bb39c1c70c56f5678dc7ac9449f27af54e02cbafaafd9a52
Weights,E_P|log1p|inverse_1_over_bap_plus_0_5|permissive|none,E_P|log1p|uniform|permissive|none,block30,station_year_mean,all_sampled_dates,nonindustrial,RMSE,ng m-3,a_minus_b,0.022488640111091543,0.0001997854747954251,0.043777965967057325,40,20,1,station,20260921,2000,75f77a11b57c142012fafa94a0442f20d6ba5eff6db77fdddfbfa204481e78df
Weights,E_P|log1p|inverse_1_over_bap_plus_0_5|permissive|none,E_P|log1p|uniform|permissive|none,block30,station_year_mean,all_sampled_dates,nonindustrial,MAE,ng m-3,a_minus_b,0.013319286268438146,0.00010061321201642417,0.029986158794300527,40,20,1,station,20260921,2000,75f77a11b57c142012fafa94a0442f20d6ba5eff6db77fdddfbfa204481e78df
Weights,E_P|log1p|inverse_1_over_bap_plus_0_5|permissive|none,E_P|log1p|uniform|permissive|none,block30,station_year_mean,all_sampled_dates,nonindustrial,bias,ng m-3,a_minus_b,-0.04458332876591162,-0.06084567375002398,-0.029742346706523613,40,20,1,station,20260921,2000,75f77a11b57c142012fafa94a0442f20d6ba5eff6db77fdddfbfa204481e78df
Weights,E_P|log1p|inverse_1_over_bap_plus_0_5|permissive|none,E_P|log1p|uniform|permissive|none,block30,station_year_mean,all_sampled_dates,nonindustrial_higher,RMSE,ng m-3,a_minus_b,0.034704475449410646,0.0004432488352085613,0.06382381553073216,20,10,1,station,20260921,2000,54d313e95dc309aa2e8ef845fd41708208c653e62ac636636faccd8f7f1e8a69
Weights,E_P|log1p|inverse_1_over_bap_plus_0_5|permissive|none,E_P|log1p|uniform|permissive|none,block30,station_year_mean,all_sampled_dates,nonindustrial_higher,MAE,ng m-3,a_minus_b,0.029375357186406256,0.0049727226073363355,0.05603779145793523,20,10,1,station,20260921,2000,54d313e95dc309aa2e8ef845fd41708208c653e62ac636636faccd8f7f1e8a69
Weights,E_P|log1p|inverse_1_over_bap_plus_0_5|permissive|none,E_P|log1p|uniform|permissive|none,block30,station_year_mean,all_sampled_dates,nonindustrial_higher,bias,ng m-3,a_minus_b,-0.0621449358608123,-0.08189701442802695,-0.04098630835716875,20,10,1,station,20260921,2000,54d313e95dc309aa2e8ef845fd41708208c653e62ac636636faccd8f7f1e8a69
Weights,E_P|log1p|inverse_1_over_bap_plus_0_5|permissive|none,E_P|log1p|uniform|permissive|none,block30,station_year_mean,all_sampled_dates,nonindustrial_lower,RMSE,ng m-3,a_minus_b,0.00014001113833917583,-0.007258433198282274,0.006079875062386447,20,10,1,station,20260921,2000,670d7f6c2b4a419dd7125e6759a5a484d1cc22269df900a9e6b8100ba467cbdc
Weights,E_P|log1p|inverse_1_over_bap_plus_0_5|permissive|none,E_P|log1p|uniform|permissive|none,block30,station_year_mean,all_sampled_dates,nonindustrial_lower,MAE,ng m-3,a_minus_b,-0.0027367846495299705,-0.009467347718131557,0.00504155038381661,20,10,1,station,20260921,2000,670d7f6c2b4a419dd7125e6759a5a484d1cc22269df900a9e6b8100ba467cbdc
Weights,E_P|log1p|inverse_1_over_bap_plus_0_5|permissive|none,E_P|log1p|uniform|permissive|none,block30,station_year_mean,all_sampled_dates,nonindustrial_lower,bias,ng m-3,a_minus_b,-0.02702172167101094,-0.044711235992960535,-0.01295504900539099,20,10,1,station,20260921,2000,670d7f6c2b4a419dd7125e6759a5a484d1cc22269df900a9e6b8100ba467cbdc
Weights,E_P|log1p|inverse_1_over_bap_plus_0_5|permissive|none,E_P|log1p|uniform|permissive|none,loso,daily,all_expected_targets,all_network,RMSE,ng m-3,a_minus_b,0.0015270442918835503,-0.017953818987296723,0.029065755112011607,5089,21,1,station,20260921,2000,49422f1082065a9d47ebdfaf52caf564b1c3e1dad3fba927ae8da3a978f385a0
Weights,E_P|log1p|inverse_1_over_bap_plus_0_5|permissive|none,E_P|log1p|uniform|permissive|none,loso,daily,all_expected_targets,all_network,MAE,ng m-3,a_minus_b,-0.012569461190658715,-0.0335350892522746,0.007974605333296933,5089,21,1,station,20260921,2000,49422f1082065a9d47ebdfaf52caf564b1c3e1dad3fba927ae8da3a978f385a0
Weights,E_P|log1p|inverse_1_over_bap_plus_0_5|permissive|none,E_P|log1p|uniform|permissive|none,loso,daily,all_expected_targets,all_network,bias,ng m-3,a_minus_b,-0.06096065756929414,-0.09462259012251632,-0.028722816394346404,5089,21,1,station,20260921,2000,49422f1082065a9d47ebdfaf52caf564b1c3e1dad3fba927ae8da3a978f385a0
Weights,E_P|log1p|inverse_1_over_bap_plus_0_5|permissive|none,E_P|log1p|uniform|permissive|none,loso,daily,all_expected_targets,nonindustrial,RMSE,ng m-3,a_minus_b,0.008037193732038594,-0.028188502070008174,0.03442879794753438,4852,20,1,station,20260921,2000,5d1137882eec8537744050437f9ce1b569790644db3bdcfe69d5597e07b2e781
Weights,E_P|log1p|inverse_1_over_bap_plus_0_5|permissive|none,E_P|log1p|uniform|permissive|none,loso,daily,all_expected_targets,nonindustrial,MAE,ng m-3,a_minus_b,-0.01337772169007867,-0.03457109420790598,0.00811433281844983,4852,20,1,station,20260921,2000,5d1137882eec8537744050437f9ce1b569790644db3bdcfe69d5597e07b2e781
Weights,E_P|log1p|inverse_1_over_bap_plus_0_5|permissive|none,E_P|log1p|uniform|permissive|none,loso,daily,all_expected_targets,nonindustrial,bias,ng m-3,a_minus_b,-0.06410278254928649,-0.09891588667577543,-0.029879205169720036,4852,20,1,station,20260921,2000,5d1137882eec8537744050437f9ce1b569790644db3bdcfe69d5597e07b2e781
Weights,E_P|log1p|inverse_1_over_bap_plus_0_5|permissive|none,E_P|log1p|uniform|permissive|none,loso,daily,all_expected_targets,nonindustrial_higher,RMSE,ng m-3,a_minus_b,0.03798445173665188,0.005974360683601651,0.06384757221745116,2394,10,1,station,20260921,2000,62f59d22b59dd9d7e2e072c7b3fe63144e2f3e8824a30706c4074510f362197d
Weights,E_P|log1p|inverse_1_over_bap_plus_0_5|permissive|none,E_P|log1p|uniform|permissive|none,loso,daily,all_expected_targets,nonindustrial_higher,MAE,ng m-3,a_minus_b,0.0050367134548873205,-0.02255099324834664,0.033687359317696196,2394,10,1,station,20260921,2000,62f59d22b59dd9d7e2e072c7b3fe63144e2f3e8824a30706c4074510f362197d
Weights,E_P|log1p|inverse_1_over_bap_plus_0_5|permissive|none,E_P|log1p|uniform|permissive|none,loso,daily,all_expected_targets,nonindustrial_higher,bias,ng m-3,a_minus_b,-0.08918022231871348,-0.14164744068523874,-0.039694012896219,2394,10,1,station,20260921,2000,62f59d22b59dd9d7e2e072c7b3fe63144e2f3e8824a30706c4074510f362197d
Weights,E_P|log1p|inverse_1_over_bap_plus_0_5|permissive|none,E_P|log1p|uniform|permissive|none,loso,daily,all_expected_targets,nonindustrial_lower,RMSE,ng m-3,a_minus_b,-0.06817875613440066,-0.1126462522251847,-0.02196702548749276,2458,10,1,station,20260921,2000,b29a851546d291a0d2f7dfae9c12846445d0e09a394514e7c02a871b374d99af
Weights,E_P|log1p|inverse_1_over_bap_plus_0_5|permissive|none,E_P|log1p|uniform|permissive|none,loso,daily,all_expected_targets,nonindustrial_lower,MAE,ng m-3,a_minus_b,-0.03131269229099348,-0.0599798924549936,-0.004181632696333028,2458,10,1,station,20260921,2000,b29a851546d291a0d2f7dfae9c12846445d0e09a394514e7c02a871b374d99af
Weights,E_P|log1p|inverse_1_over_bap_plus_0_5|permissive|none,E_P|log1p|uniform|permissive|none,loso,daily,all_expected_targets,nonindustrial_lower,bias,ng m-3,a_minus_b,-0.0396782948324402,-0.07748472440384457,-0.0015303477606947887,2458,10,1,station,20260921,2000,b29a851546d291a0d2f7dfae9c12846445d0e09a394514e7c02a871b374d99af
Weights,E_P|log1p|inverse_1_over_bap_plus_0_5|permissive|none,E_P|log1p|uniform|permissive|none,loso,station_year_mean,all_sampled_dates,all_network,RMSE,ng m-3,a_minus_b,0.004528338201425841,-0.02560760305425091,0.04173479688939218,42,21,1,station,20260921,2000,a4b83f112a2a39d7bb39c1c70c56f5678dc7ac9449f27af54e02cbafaafd9a52
Weights,E_P|log1p|inverse_1_over_bap_plus_0_5|permissive|none,E_P|log1p|uniform|permissive|none,loso,station_year_mean,all_sampled_dates,all_network,MAE,ng m-3,a_minus_b,-0.0183581299537392,-0.052248701365071495,0.01689506803493379,42,21,1,station,20260921,2000,a4b83f112a2a39d7bb39c1c70c56f5678dc7ac9449f27af54e02cbafaafd9a52
Weights,E_P|log1p|inverse_1_over_bap_plus_0_5|permissive|none,E_P|log1p|uniform|permissive|none,loso,station_year_mean,all_sampled_dates,all_network,bias,ng m-3,a_minus_b,-0.062421247300852356,-0.09773633225977933,-0.029494514390981542,42,21,1,station,20260921,2000,a4b83f112a2a39d7bb39c1c70c56f5678dc7ac9449f27af54e02cbafaafd9a52
Weights,E_P|log1p|inverse_1_over_bap_plus_0_5|permissive|none,E_P|log1p|uniform|permissive|none,loso,station_year_mean,all_sampled_dates,nonindustrial,RMSE,ng m-3,a_minus_b,0.015592775653450575,-0.04580702964474226,0.05006528442560155,40,20,1,station,20260921,2000,75f77a11b57c142012fafa94a0442f20d6ba5eff6db77fdddfbfa204481e78df
Weights,E_P|log1p|inverse_1_over_bap_plus_0_5|permissive|none,E_P|log1p|uniform|permissive|none,loso,station_year_mean,all_sampled_dates,nonindustrial,MAE,ng m-3,a_minus_b,-0.019106335976376287,-0.055373011908992215,0.017898746561406626,40,20,1,station,20260921,2000,75f77a11b57c142012fafa94a0442f20d6ba5eff6db77fdddfbfa204481e78df
Weights,E_P|log1p|inverse_1_over_bap_plus_0_5|permissive|none,E_P|log1p|uniform|permissive|none,loso,station_year_mean,all_sampled_dates,nonindustrial,bias,ng m-3,a_minus_b,-0.06571201014094495,-0.10073467872790852,-0.031680889528707804,40,20,1,station,20260921,2000,75f77a11b57c142012fafa94a0442f20d6ba5eff6db77fdddfbfa204481e78df
Weights,E_P|log1p|inverse_1_over_bap_plus_0_5|permissive|none,E_P|log1p|uniform|permissive|none,loso,station_year_mean,all_sampled_dates,nonindustrial_higher,RMSE,ng m-3,a_minus_b,0.033850314760692446,-0.050710200896524164,0.07774092968873016,20,10,1,station,20260921,2000,54d313e95dc309aa2e8ef845fd41708208c653e62ac636636faccd8f7f1e8a69
Weights,E_P|log1p|inverse_1_over_bap_plus_0_5|permissive|none,E_P|log1p|uniform|permissive|none,loso,station_year_mean,all_sampled_dates,nonindustrial_higher,MAE,ng m-3,a_minus_b,-0.0033230583495098,-0.06622512418322891,0.051982925038921414,20,10,1,station,20260921,2000,54d313e95dc309aa2e8ef845fd41708208c653e62ac636636faccd8f7f1e8a69
Weights,E_P|log1p|inverse_1_over_bap_plus_0_5|permissive|none,E_P|log1p|uniform|permissive|none,loso,station_year_mean,all_sampled_dates,nonindustrial_higher,bias,ng m-3,a_minus_b,-0.0920293090005059,-0.14911262539800618,-0.0407931121279738,20,10,1,station,20260921,2000,54d313e95dc309aa2e8ef845fd41708208c653e62ac636636faccd8f7f1e8a69
Weights,E_P|log1p|inverse_1_over_bap_plus_0_5|permissive|none,E_P|log1p|uniform|permissive|none,loso,station_year_mean,all_sampled_dates,nonindustrial_lower,RMSE,ng m-3,a_minus_b,-0.03303049860513585,-0.07346031778568335,0.010151097609837728,20,10,1,station,20260921,2000,670d7f6c2b4a419dd7125e6759a5a484d1cc22269df900a9e6b8100ba467cbdc
Weights,E_P|log1p|inverse_1_over_bap_plus_0_5|permissive|none,E_P|log1p|uniform|permissive|none,loso,station_year_mean,all_sampled_dates,nonindustrial_lower,MAE,ng m-3,a_minus_b,-0.034889613603242664,-0.07363185986837097,0.004880782454440251,20,10,1,station,20260921,2000,670d7f6c2b4a419dd7125e6759a5a484d1cc22269df900a9e6b8100ba467cbdc
Weights,E_P|log1p|inverse_1_over_bap_plus_0_5|permissive|none,E_P|log1p|uniform|permissive|none,loso,station_year_mean,all_sampled_dates,nonindustrial_lower,bias,ng m-3,a_minus_b,-0.03939471128138396,-0.07587012830566718,-0.0016488888647150702,20,10,1,station,20260921,2000,670d7f6c2b4a419dd7125e6759a5a484d1cc22269df900a9e6b8100ba467cbdc
Target,E_P|identity|uniform|permissive|none,E_P|log1p|uniform|permissive|none,block30,daily,all_expected_targets,all_network,RMSE,ng m-3,a_minus_b,0.07848556649625404,0.011274628931025727,0.17896692789892765,5089,21,25,station_x_block,20260921,2000,49422f1082065a9d47ebdfaf52caf564b1c3e1dad3fba927ae8da3a978f385a0
Target,E_P|identity|uniform|permissive|none,E_P|log1p|uniform|permissive|none,block30,daily,all_expected_targets,all_network,MAE,ng m-3,a_minus_b,0.08084818951151501,0.0461027635202058,0.12043027077374145,5089,21,25,station_x_block,20260921,2000,49422f1082065a9d47ebdfaf52caf564b1c3e1dad3fba927ae8da3a978f385a0
Target,E_P|identity|uniform|permissive|none,E_P|log1p|uniform|permissive|none,block30,daily,all_expected_targets,all_network,bias,ng m-3,a_minus_b,0.1647429243778542,0.07998671256939469,0.28396762494431876,5089,21,25,station_x_block,20260921,2000,49422f1082065a9d47ebdfaf52caf564b1c3e1dad3fba927ae8da3a978f385a0
Target,E_P|identity|uniform|permissive|none,E_P|log1p|uniform|permissive|none,block30,daily,all_expected_targets,nonindustrial,RMSE,ng m-3,a_minus_b,0.11369659811791222,0.032012216625132164,0.20680782119931151,4852,20,25,station_x_block,20260921,2000,5d1137882eec8537744050437f9ce1b569790644db3bdcfe69d5597e07b2e781
Target,E_P|identity|uniform|permissive|none,E_P|log1p|uniform|permissive|none,block30,daily,all_expected_targets,nonindustrial,MAE,ng m-3,a_minus_b,0.07295440459070496,0.042145387421691154,0.10678275496490082,4852,20,25,station_x_block,20260921,2000,5d1137882eec8537744050437f9ce1b569790644db3bdcfe69d5597e07b2e781
Target,E_P|identity|uniform|permissive|none,E_P|log1p|uniform|permissive|none,block30,daily,all_expected_targets,nonindustrial,bias,ng m-3,a_minus_b,0.12003149765640973,0.06901523844933682,0.17861815845510828,4852,20,25,station_x_block,20260921,2000,5d1137882eec8537744050437f9ce1b569790644db3bdcfe69d5597e07b2e781
Target,E_P|identity|uniform|permissive|none,E_P|log1p|uniform|permissive|none,block30,daily,all_expected_targets,nonindustrial_higher,RMSE,ng m-3,a_minus_b,0.11323675622773866,0.0033373043932101,0.24395198327193962,2394,10,25,station_x_block,20260921,2000,62f59d22b59dd9d7e2e072c7b3fe63144e2f3e8824a30706c4074510f362197d
Target,E_P|identity|uniform|permissive|none,E_P|log1p|uniform|permissive|none,block30,daily,all_expected_targets,nonindustrial_higher,MAE,ng m-3,a_minus_b,0.07369773611453645,0.026866891559982037,0.13136998844657402,2394,10,25,station_x_block,20260921,2000,62f59d22b59dd9d7e2e072c7b3fe63144e2f3e8824a30706c4074510f362197d
Target,E_P|identity|uniform|permissive|none,E_P|log1p|uniform|permissive|none,block30,daily,all_expected_targets,nonindustrial_higher,bias,ng m-3,a_minus_b,0.15036501236441102,0.08172475188562883,0.2283484128236957,2394,10,25,station_x_block,20260921,2000,62f59d22b59dd9d7e2e072c7b3fe63144e2f3e8824a30706c4074510f362197d
Target,E_P|identity|uniform|permissive|none,E_P|log1p|uniform|permissive|none,block30,daily,all_expected_targets,nonindustrial_lower,RMSE,ng m-3,a_minus_b,0.1415471744971427,0.04828786797741171,0.25510708781884495,2458,10,25,station_x_block,20260921,2000,b29a851546d291a0d2f7dfae9c12846445d0e09a394514e7c02a871b374d99af
Target,E_P|identity|uniform|permissive|none,E_P|log1p|uniform|permissive|none,block30,daily,all_expected_targets,nonindustrial_lower,MAE,ng m-3,a_minus_b,0.07223042750850284,0.04450821772744998,0.10503947301234269,2458,10,25,station_x_block,20260921,2000,b29a851546d291a0d2f7dfae9c12846445d0e09a394514e7c02a871b374d99af
Target,E_P|identity|uniform|permissive|none,E_P|log1p|uniform|permissive|none,block30,daily,all_expected_targets,nonindustrial_lower,bias,ng m-3,a_minus_b,0.09048778967799025,0.04843608699257709,0.14662105217558816,2458,10,25,station_x_block,20260921,2000,b29a851546d291a0d2f7dfae9c12846445d0e09a394514e7c02a871b374d99af
Target,E_P|identity|uniform|permissive|none,E_P|log1p|uniform|permissive|none,block30,station_year_mean,all_sampled_dates,all_network,RMSE,ng m-3,a_minus_b,-0.14857606552051214,-0.34005424580779653,0.08745564371723331,42,21,1,station,20260921,2000,a4b83f112a2a39d7bb39c1c70c56f5678dc7ac9449f27af54e02cbafaafd9a52
Target,E_P|identity|uniform|permissive|none,E_P|log1p|uniform|permissive|none,block30,station_year_mean,all_sampled_dates,all_network,MAE,ng m-3,a_minus_b,0.0047894818250316384,-0.11320802790078127,0.07833127644562567,42,21,1,station,20260921,2000,a4b83f112a2a39d7bb39c1c70c56f5678dc7ac9449f27af54e02cbafaafd9a52
Target,E_P|identity|uniform|permissive|none,E_P|log1p|uniform|permissive|none,block30,station_year_mean,all_sampled_dates,all_network,bias,ng m-3,a_minus_b,0.16711162822930645,0.10459222448488889,0.26647781408949794,42,21,1,station,20260921,2000,a4b83f112a2a39d7bb39c1c70c56f5678dc7ac9449f27af54e02cbafaafd9a52
Target,E_P|identity|uniform|permissive|none,E_P|log1p|uniform|permissive|none,block30,station_year_mean,all_sampled_dates,nonindustrial,RMSE,ng m-3,a_minus_b,0.06720675626471155,0.03710566803174205,0.09578090519534944,40,20,1,station,20260921,2000,75f77a11b57c142012fafa94a0442f20d6ba5eff6db77fdddfbfa204481e78df
Target,E_P|identity|uniform|permissive|none,E_P|log1p|uniform|permissive|none,block30,station_year_mean,all_sampled_dates,nonindustrial,MAE,ng m-3,a_minus_b,0.05906267797079823,0.03032778829312526,0.08668422075460218,40,20,1,station,20260921,2000,75f77a11b57c142012fafa94a0442f20d6ba5eff6db77fdddfbfa204481e78df
Target,E_P|identity|uniform|permissive|none,E_P|log1p|uniform|permissive|none,block30,station_year_mean,all_sampled_dates,nonindustrial,bias,ng m-3,a_minus_b,0.12143348758625673,0.09871502817326118,0.14265536872920628,40,20,1,station,20260921,2000,75f77a11b57c142012fafa94a0442f20d6ba5eff6db77fdddfbfa204481e78df
Target,E_P|identity|uniform|permissive|none,E_P|log1p|uniform|permissive|none,block30,station_year_mean,all_sampled_dates,nonindustrial_higher,RMSE,ng m-3,a_minus_b,0.06296597811107447,0.011094348901529334,0.11045184661344361,20,10,1,station,20260921,2000,54d313e95dc309aa2e8ef845fd41708208c653e62ac636636faccd8f7f1e8a69
Target,E_P|identity|uniform|permissive|none,E_P|log1p|uniform|permissive|none,block30,station_year_mean,all_sampled_dates,nonindustrial_higher,MAE,ng m-3,a_minus_b,0.04413366825252979,-0.0042515717143271235,0.09252819343619371,20,10,1,station,20260921,2000,54d313e95dc309aa2e8ef845fd41708208c653e62ac636636faccd8f7f1e8a69
Target,E_P|identity|uniform|permissive|none,E_P|log1p|uniform|permissive|none,block30,station_year_mean,all_sampled_dates,nonindustrial_higher,bias,ng m-3,a_minus_b,0.14999598296295982,0.12559510381328431,0.17314925362423014,20,10,1,station,20260921,2000,54d313e95dc309aa2e8ef845fd41708208c653e62ac636636faccd8f7f1e8a69
Target,E_P|identity|uniform|permissive|none,E_P|log1p|uniform|permissive|none,block30,station_year_mean,all_sampled_dates,nonindustrial_lower,RMSE,ng m-3,a_minus_b,0.07720986041721713,0.05017184237907195,0.10383207467981641,20,10,1,station,20260921,2000,670d7f6c2b4a419dd7125e6759a5a484d1cc22269df900a9e6b8100ba467cbdc
Target,E_P|identity|uniform|permissive|none,E_P|log1p|uniform|permissive|none,block30,station_year_mean,all_sampled_dates,nonindustrial_lower,MAE,ng m-3,a_minus_b,0.07399168768906664,0.04603184200524281,0.10087395648186316,20,10,1,station,20260921,2000,670d7f6c2b4a419dd7125e6759a5a484d1cc22269df900a9e6b8100ba467cbdc
Target,E_P|identity|uniform|permissive|none,E_P|log1p|uniform|permissive|none,block30,station_year_mean,all_sampled_dates,nonindustrial_lower,bias,ng m-3,a_minus_b,0.09287099220955365,0.06779227790763463,0.11719831107760703,20,10,1,station,20260921,2000,670d7f6c2b4a419dd7125e6759a5a484d1cc22269df900a9e6b8100ba467cbdc
Target,E_P|identity|uniform|permissive|none,E_P|log1p|uniform|permissive|none,loso,daily,all_expected_targets,all_network,RMSE,ng m-3,a_minus_b,-0.07401252531560609,-0.20128348341736135,0.123157093096798,5089,21,1,station,20260921,2000,49422f1082065a9d47ebdfaf52caf564b1c3e1dad3fba927ae8da3a978f385a0
Target,E_P|identity|uniform|permissive|none,E_P|log1p|uniform|permissive|none,loso,daily,all_expected_targets,all_network,MAE,ng m-3,a_minus_b,0.052320162948862214,-0.017212273111100247,0.12233281278801635,5089,21,1,station,20260921,2000,49422f1082065a9d47ebdfaf52caf564b1c3e1dad3fba927ae8da3a978f385a0
Target,E_P|identity|uniform|permissive|none,E_P|log1p|uniform|permissive|none,loso,daily,all_expected_targets,all_network,bias,ng m-3,a_minus_b,0.1923163013522971,0.12702509088415073,0.27378693725348435,5089,21,1,station,20260921,2000,49422f1082065a9d47ebdfaf52caf564b1c3e1dad3fba927ae8da3a978f385a0
Target,E_P|identity|uniform|permissive|none,E_P|log1p|uniform|permissive|none,loso,daily,all_expected_targets,nonindustrial,RMSE,ng m-3,a_minus_b,-0.02466745600204434,-0.23098670355856543,0.15549654258707613,4852,20,1,station,20260921,2000,5d1137882eec8537744050437f9ce1b569790644db3bdcfe69d5597e07b2e781
Target,E_P|identity|uniform|permissive|none,E_P|log1p|uniform|permissive|none,loso,daily,all_expected_targets,nonindustrial,MAE,ng m-3,a_minus_b,0.07085949419821935,0.008077548407269007,0.1328568766610583,4852,20,1,station,20260921,2000,5d1137882eec8537744050437f9ce1b569790644db3bdcfe69d5597e07b2e781
Target,E_P|identity|uniform|permissive|none,E_P|log1p|uniform|permissive|none,loso,daily,all_expected_targets,nonindustrial,bias,ng m-3,a_minus_b,0.18429092927016488,0.11814899626676671,0.27059152836159356,4852,20,1,station,20260921,2000,5d1137882eec8537744050437f9ce1b569790644db3bdcfe69d5597e07b2e781
Target,E_P|identity|uniform|permissive|none,E_P|log1p|uniform|permissive|none,loso,daily,all_expected_targets,nonindustrial_higher,RMSE,ng m-3,a_minus_b,-0.16320178059292934,-0.43434423413661927,0.05765999130786596,2394,10,1,station,20260921,2000,62f59d22b59dd9d7e2e072c7b3fe63144e2f3e8824a30706c4074510f362197d
Target,E_P|identity|uniform|permissive|none,E_P|log1p|uniform|permissive|none,loso,daily,all_expected_targets,nonindustrial_higher,MAE,ng m-3,a_minus_b,0.0025663756615289524,-0.08208572377906105,0.07781608658193102,2394,10,1,station,20260921,2000,62f59d22b59dd9d7e2e072c7b3fe63144e2f3e8824a30706c4074510f362197d
Target,E_P|identity|uniform|permissive|none,E_P|log1p|uniform|permissive|none,loso,daily,all_expected_targets,nonindustrial_higher,bias,ng m-3,a_minus_b,0.2219992198973684,0.13093211133039986,0.3498615892187698,2394,10,1,station,20260921,2000,62f59d22b59dd9d7e2e072c7b3fe63144e2f3e8824a30706c4074510f362197d
Target,E_P|identity|uniform|permissive|none,E_P|log1p|uniform|permissive|none,loso,daily,all_expected_targets,nonindustrial_lower,RMSE,ng m-3,a_minus_b,0.22917919645568463,0.10756006920247987,0.35349626919690813,2458,10,1,station,20260921,2000,b29a851546d291a0d2f7dfae9c12846445d0e09a394514e7c02a871b374d99af
Target,E_P|identity|uniform|permissive|none,E_P|log1p|uniform|permissive|none,loso,daily,all_expected_targets,nonindustrial_lower,MAE,ng m-3,a_minus_b,0.13737443552321404,0.07484389661351529,0.22207532613893263,2458,10,1,station,20260921,2000,b29a851546d291a0d2f7dfae9c12846445d0e09a394514e7c02a871b374d99af
Target,E_P|identity|uniform|permissive|none,E_P|log1p|uniform|permissive|none,loso,daily,all_expected_targets,nonindustrial_lower,bias,ng m-3,a_minus_b,0.1475644655754841,0.07290535374347185,0.2539145401709819,2458,10,1,station,20260921,2000,b29a851546d291a0d2f7dfae9c12846445d0e09a394514e7c02a871b374d99af
Target,E_P|identity|uniform|permissive|none,E_P|log1p|uniform|permissive|none,loso,station_year_mean,all_sampled_dates,all_network,RMSE,ng m-3,a_minus_b,-0.07385003743175078,-0.16601339717684901,0.1427143908088154,42,21,1,station,20260921,2000,a4b83f112a2a39d7bb39c1c70c56f5678dc7ac9449f27af54e02cbafaafd9a52
Target,E_P|identity|uniform|permissive|none,E_P|log1p|uniform|permissive|none,loso,station_year_mean,all_sampled_dates,all_network,MAE,ng m-3,a_minus_b,0.011515607468591593,-0.09797854991535787,0.1119388168740677,42,21,1,station,20260921,2000,a4b83f112a2a39d7bb39c1c70c56f5678dc7ac9449f27af54e02cbafaafd9a52
Target,E_P|identity|uniform|permissive|none,E_P|log1p|uniform|permissive|none,loso,station_year_mean,all_sampled_dates,all_network,bias,ng m-3,a_minus_b,0.19823507302697788,0.13113614599374857,0.2795191235020026,42,21,1,station,20260921,2000,a4b83f112a2a39d7bb39c1c70c56f5678dc7ac9449f27af54e02cbafaafd9a52
Target,E_P|identity|uniform|permissive|none,E_P|log1p|uniform|permissive|none,loso,station_year_mean,all_sampled_dates,nonindustrial,RMSE,ng m-3,a_minus_b,-0.0035575768459437107,-0.1817524187450307,0.19454726510349196,40,20,1,station,20260921,2000,75f77a11b57c142012fafa94a0442f20d6ba5eff6db77fdddfbfa204481e78df
Target,E_P|identity|uniform|permissive|none,E_P|log1p|uniform|permissive|none,loso,station_year_mean,all_sampled_dates,nonindustrial,MAE,ng m-3,a_minus_b,0.02991976321256129,-0.08463153822532492,0.12434086613832336,40,20,1,station,20260921,2000,75f77a11b57c142012fafa94a0442f20d6ba5eff6db77fdddfbfa204481e78df
Target,E_P|identity|uniform|permissive|none,E_P|log1p|uniform|permissive|none,loso,station_year_mean,all_sampled_dates,nonindustrial,bias,ng m-3,a_minus_b,0.19031845130778652,0.12330845411536989,0.27455037569371427,40,20,1,station,20260921,2000,75f77a11b57c142012fafa94a0442f20d6ba5eff6db77fdddfbfa204481e78df
Target,E_P|identity|uniform|permissive|none,E_P|log1p|uniform|permissive|none,loso,station_year_mean,all_sampled_dates,nonindustrial_higher,RMSE,ng m-3,a_minus_b,-0.1561201578514022,-0.34875622455563976,0.07550948180912714,20,10,1,station,20260921,2000,54d313e95dc309aa2e8ef845fd41708208c653e62ac636636faccd8f7f1e8a69
Target,E_P|identity|uniform|permissive|none,E_P|log1p|uniform|permissive|none,loso,station_year_mean,all_sampled_dates,nonindustrial_higher,MAE,ng m-3,a_minus_b,-0.07933124595571756,-0.2571187999294825,0.0743421181946976,20,10,1,station,20260921,2000,54d313e95dc309aa2e8ef845fd41708208c653e62ac636636faccd8f7f1e8a69
Target,E_P|identity|uniform|permissive|none,E_P|log1p|uniform|permissive|none,loso,station_year_mean,all_sampled_dates,nonindustrial_higher,bias,ng m-3,a_minus_b,0.22422620905226046,0.1316497324097306,0.352222907041091,20,10,1,station,20260921,2000,54d313e95dc309aa2e8ef845fd41708208c653e62ac636636faccd8f7f1e8a69
Target,E_P|identity|uniform|permissive|none,E_P|log1p|uniform|permissive|none,loso,station_year_mean,all_sampled_dates,nonindustrial_lower,RMSE,ng m-3,a_minus_b,0.22861532242102034,0.07189206694485446,0.38381858562913035,20,10,1,station,20260921,2000,670d7f6c2b4a419dd7125e6759a5a484d1cc22269df900a9e6b8100ba467cbdc
Target,E_P|identity|uniform|permissive|none,E_P|log1p|uniform|permissive|none,loso,station_year_mean,all_sampled_dates,nonindustrial_lower,MAE,ng m-3,a_minus_b,0.1391707723808403,0.07732978187216621,0.2209223888424864,20,10,1,station,20260921,2000,670d7f6c2b4a419dd7125e6759a5a484d1cc22269df900a9e6b8100ba467cbdc
Target,E_P|identity|uniform|permissive|none,E_P|log1p|uniform|permissive|none,loso,station_year_mean,all_sampled_dates,nonindustrial_lower,bias,ng m-3,a_minus_b,0.15641069356331258,0.07829032642808942,0.2672456983496345,20,10,1,station,20260921,2000,670d7f6c2b4a419dd7125e6759a5a484d1cc22269df900a9e6b8100ba467cbdc
Strict hours,E_P|log1p|uniform|strict18|none,E_P|log1p|uniform|permissive|none,block30,daily,all_expected_targets,all_network,RMSE,ng m-3,a_minus_b,0.010334033208960092,-0.03526726269237139,0.08233296629721538,5089,21,25,station_x_block,20260921,2000,49422f1082065a9d47ebdfaf52caf564b1c3e1dad3fba927ae8da3a978f385a0
Strict hours,E_P|log1p|uniform|strict18|none,E_P|log1p|uniform|permissive|none,block30,daily,all_expected_targets,all_network,MAE,ng m-3,a_minus_b,0.001378998691611344,-0.012996682345774446,0.017899125052559462,5089,21,25,station_x_block,20260921,2000,49422f1082065a9d47ebdfaf52caf564b1c3e1dad3fba927ae8da3a978f385a0
Strict hours,E_P|log1p|uniform|strict18|none,E_P|log1p|uniform|permissive|none,block30,daily,all_expected_targets,all_network,bias,ng m-3,a_minus_b,0.0007976011620730999,-0.025497059563150275,0.02628844515888399,5089,21,25,station_x_block,20260921,2000,49422f1082065a9d47ebdfaf52caf564b1c3e1dad3fba927ae8da3a978f385a0
Strict hours,E_P|log1p|uniform|strict18|none,E_P|log1p|uniform|permissive|none,block30,daily,all_expected_targets,nonindustrial,RMSE,ng m-3,a_minus_b,0.02094713817314664,-0.034831340449843984,0.10834070331021581,4852,20,25,station_x_block,20260921,2000,5d1137882eec8537744050437f9ce1b569790644db3bdcfe69d5597e07b2e781
Strict hours,E_P|log1p|uniform|strict18|none,E_P|log1p|uniform|permissive|none,block30,daily,all_expected_targets,nonindustrial,MAE,ng m-3,a_minus_b,0.0027131627373475076,-0.010261915320152068,0.02011041602261279,4852,20,25,station_x_block,20260921,2000,5d1137882eec8537744050437f9ce1b569790644db3bdcfe69d5597e07b2e781
Strict hours,E_P|log1p|uniform|strict18|none,E_P|log1p|uniform|permissive|none,block30,daily,all_expected_targets,nonindustrial,bias,ng m-3,a_minus_b,-0.0031739344612963655,-0.027712447674404693,0.019706480260109523,4852,20,25,station_x_block,20260921,2000,5d1137882eec8537744050437f9ce1b569790644db3bdcfe69d5597e07b2e781
Strict hours,E_P|log1p|uniform|strict18|none,E_P|log1p|uniform|permissive|none,block30,daily,all_expected_targets,nonindustrial_higher,RMSE,ng m-3,a_minus_b,0.03177969679122217,-0.05814926630610281,0.14994750130309212,2394,10,25,station_x_block,20260921,2000,62f59d22b59dd9d7e2e072c7b3fe63144e2f3e8824a30706c4074510f362197d
Strict hours,E_P|log1p|uniform|strict18|none,E_P|log1p|uniform|permissive|none,block30,daily,all_expected_targets,nonindustrial_higher,MAE,ng m-3,a_minus_b,0.0030232095092731504,-0.02153728095335607,0.035197339709798846,2394,10,25,station_x_block,20260921,2000,62f59d22b59dd9d7e2e072c7b3fe63144e2f3e8824a30706c4074510f362197d
Strict hours,E_P|log1p|uniform|strict18|none,E_P|log1p|uniform|permissive|none,block30,daily,all_expected_targets,nonindustrial_higher,bias,ng m-3,a_minus_b,-0.006308849293734341,-0.05062641101312276,0.040679660715454785,2394,10,25,station_x_block,20260921,2000,62f59d22b59dd9d7e2e072c7b3fe63144e2f3e8824a30706c4074510f362197d
Strict hours,E_P|log1p|uniform|strict18|none,E_P|log1p|uniform|permissive|none,block30,daily,all_expected_targets,nonindustrial_lower,RMSE,ng m-3,a_minus_b,0.0007048680924592876,-0.020291772886892885,0.01611727440290868,2458,10,25,station_x_block,20260921,2000,b29a851546d291a0d2f7dfae9c12846445d0e09a394514e7c02a871b374d99af
Strict hours,E_P|log1p|uniform|strict18|none,E_P|log1p|uniform|permissive|none,block30,daily,all_expected_targets,nonindustrial_lower,MAE,ng m-3,a_minus_b,0.002411188786171664,-0.004534510125182383,0.008698916053112219,2458,10,25,station_x_block,20260921,2000,b29a851546d291a0d2f7dfae9c12846445d0e09a394514e7c02a871b374d99af
Strict hours,E_P|log1p|uniform|strict18|none,E_P|log1p|uniform|permissive|none,block30,daily,all_expected_targets,nonindustrial_lower,bias,ng m-3,a_minus_b,-0.00012064475061431858,-0.00749288844092549,0.009287465289927414,2458,10,25,station_x_block,20260921,2000,b29a851546d291a0d2f7dfae9c12846445d0e09a394514e7c02a871b374d99af
Strict hours,E_P|log1p|uniform|strict18|none,E_P|log1p|uniform|permissive|none,block30,station_year_mean,all_sampled_dates,all_network,RMSE,ng m-3,a_minus_b,-0.01737277944835991,-0.03164568783372635,0.00855543847048023,42,21,1,station,20260921,2000,a4b83f112a2a39d7bb39c1c70c56f5678dc7ac9449f27af54e02cbafaafd9a52
Strict hours,E_P|log1p|uniform|strict18|none,E_P|log1p|uniform|permissive|none,block30,station_year_mean,all_sampled_dates,all_network,MAE,ng m-3,a_minus_b,-0.005874304740819888,-0.01724007529122827,0.004939349565787879,42,21,1,station,20260921,2000,a4b83f112a2a39d7bb39c1c70c56f5678dc7ac9449f27af54e02cbafaafd9a52
Strict hours,E_P|log1p|uniform|strict18|none,E_P|log1p|uniform|permissive|none,block30,station_year_mean,all_sampled_dates,all_network,bias,ng m-3,a_minus_b,0.0035758274073689894,-0.007899899610466568,0.015577876476086907,42,21,1,station,20260921,2000,a4b83f112a2a39d7bb39c1c70c56f5678dc7ac9449f27af54e02cbafaafd9a52
Strict hours,E_P|log1p|uniform|strict18|none,E_P|log1p|uniform|permissive|none,block30,station_year_mean,all_sampled_dates,nonindustrial,RMSE,ng m-3,a_minus_b,0.0004942865313902756,-0.012471469470703473,0.010797056340408263,40,20,1,station,20260921,2000,75f77a11b57c142012fafa94a0442f20d6ba5eff6db77fdddfbfa204481e78df
Strict hours,E_P|log1p|uniform|strict18|none,E_P|log1p|uniform|permissive|none,block30,station_year_mean,all_sampled_dates,nonindustrial,MAE,ng m-3,a_minus_b,-0.002067314068179199,-0.011184527824051604,0.0061303578585751774,40,20,1,station,20260921,2000,75f77a11b57c142012fafa94a0442f20d6ba5eff6db77fdddfbfa204481e78df
Strict hours,E_P|log1p|uniform|strict18|none,E_P|log1p|uniform|permissive|none,block30,station_year_mean,all_sampled_dates,nonindustrial,bias,ng m-3,a_minus_b,-0.0003460871319442213,-0.009563816333449214,0.010992998531370833,40,20,1,station,20260921,2000,75f77a11b57c142012fafa94a0442f20d6ba5eff6db77fdddfbfa204481e78df
Strict hours,E_P|log1p|uniform|strict18|none,E_P|log1p|uniform|permissive|none,block30,station_year_mean,all_sampled_dates,nonindustrial_higher,RMSE,ng m-3,a_minus_b,-0.00036836331843262404,-0.020901498795113917,0.016524839006284837,20,10,1,station,20260921,2000,54d313e95dc309aa2e8ef845fd41708208c653e62ac636636faccd8f7f1e8a69
Strict hours,E_P|log1p|uniform|strict18|none,E_P|log1p|uniform|permissive|none,block30,station_year_mean,all_sampled_dates,nonindustrial_higher,MAE,ng m-3,a_minus_b,-0.004498648398748001,-0.02115943114674516,0.012326598298188439,20,10,1,station,20260921,2000,54d313e95dc309aa2e8ef845fd41708208c653e62ac636636faccd8f7f1e8a69
Strict hours,E_P|log1p|uniform|strict18|none,E_P|log1p|uniform|permissive|none,block30,station_year_mean,all_sampled_dates,nonindustrial_higher,bias,ng m-3,a_minus_b,-0.0010300945638736445,-0.018694087255435008,0.020663955415740735,20,10,1,station,20260921,2000,54d313e95dc309aa2e8ef845fd41708208c653e62ac636636faccd8f7f1e8a69
Strict hours,E_P|log1p|uniform|strict18|none,E_P|log1p|uniform|permissive|none,block30,station_year_mean,all_sampled_dates,nonindustrial_lower,RMSE,ng m-3,a_minus_b,0.0022150631820799585,-0.003746859038987551,0.007271035132708836,20,10,1,station,20260921,2000,670d7f6c2b4a419dd7125e6759a5a484d1cc22269df900a9e6b8100ba467cbdc
Strict hours,E_P|log1p|uniform|strict18|none,E_P|log1p|uniform|permissive|none,block30,station_year_mean,all_sampled_dates,nonindustrial_lower,MAE,ng m-3,a_minus_b,0.00036402026238957497,-0.0038288778182482054,0.0046440123717762846,20,10,1,station,20260921,2000,670d7f6c2b4a419dd7125e6759a5a484d1cc22269df900a9e6b8100ba467cbdc
Strict hours,E_P|log1p|uniform|strict18|none,E_P|log1p|uniform|permissive|none,block30,station_year_mean,all_sampled_dates,nonindustrial_lower,bias,ng m-3,a_minus_b,0.0003379202999852036,-0.0041690438476015106,0.004434156273827676,20,10,1,station,20260921,2000,670d7f6c2b4a419dd7125e6759a5a484d1cc22269df900a9e6b8100ba467cbdc
Strict hours,E_P|log1p|uniform|strict18|none,E_P|log1p|uniform|permissive|none,loso,daily,all_expected_targets,all_network,RMSE,ng m-3,a_minus_b,-0.013531016759799508,-0.03614571280756022,0.042024261395828634,5089,21,1,station,20260921,2000,49422f1082065a9d47ebdfaf52caf564b1c3e1dad3fba927ae8da3a978f385a0
Strict hours,E_P|log1p|uniform|strict18|none,E_P|log1p|uniform|permissive|none,loso,daily,all_expected_targets,all_network,MAE,ng m-3,a_minus_b,-0.004230108892593232,-0.020458524258745635,0.012138879058382906,5089,21,1,station,20260921,2000,49422f1082065a9d47ebdfaf52caf564b1c3e1dad3fba927ae8da3a978f385a0
Strict hours,E_P|log1p|uniform|strict18|none,E_P|log1p|uniform|permissive|none,loso,daily,all_expected_targets,all_network,bias,ng m-3,a_minus_b,0.010673888066615678,-0.007461564131649249,0.03334911686158625,5089,21,1,station,20260921,2000,49422f1082065a9d47ebdfaf52caf564b1c3e1dad3fba927ae8da3a978f385a0
Strict hours,E_P|log1p|uniform|strict18|none,E_P|log1p|uniform|permissive|none,loso,daily,all_expected_targets,nonindustrial,RMSE,ng m-3,a_minus_b,0.00643977141188079,-0.030894929691356442,0.05326620767611536,4852,20,1,station,20260921,2000,5d1137882eec8537744050437f9ce1b569790644db3bdcfe69d5597e07b2e781
Strict hours,E_P|log1p|uniform|strict18|none,E_P|log1p|uniform|permissive|none,loso,daily,all_expected_targets,nonindustrial,MAE,ng m-3,a_minus_b,-0.0005964243110895828,-0.01768105987830603,0.01649875582144985,4852,20,1,station,20260921,2000,5d1137882eec8537744050437f9ce1b569790644db3bdcfe69d5597e07b2e781
Strict hours,E_P|log1p|uniform|strict18|none,E_P|log1p|uniform|permissive|none,loso,daily,all_expected_targets,nonindustrial,bias,ng m-3,a_minus_b,0.007375458873455681,-0.010955648436203884,0.02991107702210451,4852,20,1,station,20260921,2000,5d1137882eec8537744050437f9ce1b569790644db3bdcfe69d5597e07b2e781
Strict hours,E_P|log1p|uniform|strict18|none,E_P|log1p|uniform|permissive|none,loso,daily,all_expected_targets,nonindustrial_higher,RMSE,ng m-3,a_minus_b,-0.003628421887959421,-0.05314830292745764,0.06781856489480141,2394,10,1,station,20260921,2000,62f59d22b59dd9d7e2e072c7b3fe63144e2f3e8824a30706c4074510f362197d
Strict hours,E_P|log1p|uniform|strict18|none,E_P|log1p|uniform|permissive|none,loso,daily,all_expected_targets,nonindustrial_higher,MAE,ng m-3,a_minus_b,-0.010208387163203714,-0.036380885923833706,0.014757986688686891,2394,10,1,station,20260921,2000,62f59d22b59dd9d7e2e072c7b3fe63144e2f3e8824a30706c4074510f362197d
Strict hours,E_P|log1p|uniform|strict18|none,E_P|log1p|uniform|permissive|none,loso,daily,all_expected_targets,nonindustrial_higher,bias,ng m-3,a_minus_b,0.006650480062117742,-0.020902966290195918,0.03687643854417587,2394,10,1,station,20260921,2000,62f59d22b59dd9d7e2e072c7b3fe63144e2f3e8824a30706c4074510f362197d
Strict hours,E_P|log1p|uniform|strict18|none,E_P|log1p|uniform|permissive|none,loso,daily,all_expected_targets,nonindustrial_lower,RMSE,ng m-3,a_minus_b,0.03196491181658401,0.0009616408723894202,0.06194045455129075,2458,10,1,station,20260921,2000,b29a851546d291a0d2f7dfae9c12846445d0e09a394514e7c02a871b374d99af
Strict hours,E_P|log1p|uniform|strict18|none,E_P|log1p|uniform|permissive|none,loso,daily,all_expected_targets,nonindustrial_lower,MAE,ng m-3,a_minus_b,0.008765267742596838,-0.006362617281968299,0.028878063050707486,2458,10,1,station,20260921,2000,b29a851546d291a0d2f7dfae9c12846445d0e09a394514e7c02a871b374d99af
Strict hours,E_P|log1p|uniform|strict18|none,E_P|log1p|uniform|permissive|none,loso,daily,all_expected_targets,nonindustrial_lower,bias,ng m-3,a_minus_b,0.008081561100609036,-0.01400453229329341,0.03905641526543012,2458,10,1,station,20260921,2000,b29a851546d291a0d2f7dfae9c12846445d0e09a394514e7c02a871b374d99af
Strict hours,E_P|log1p|uniform|strict18|none,E_P|log1p|uniform|permissive|none,loso,station_year_mean,all_sampled_dates,all_network,RMSE,ng m-3,a_minus_b,-0.022458885931432526,-0.03961472547354522,0.009399938988514015,42,21,1,station,20260921,2000,a4b83f112a2a39d7bb39c1c70c56f5678dc7ac9449f27af54e02cbafaafd9a52
Strict hours,E_P|log1p|uniform|strict18|none,E_P|log1p|uniform|permissive|none,loso,station_year_mean,all_sampled_dates,all_network,MAE,ng m-3,a_minus_b,-0.015319405415620713,-0.03310351845140111,0.003997637572164045,42,21,1,station,20260921,2000,a4b83f112a2a39d7bb39c1c70c56f5678dc7ac9449f27af54e02cbafaafd9a52
Strict hours,E_P|log1p|uniform|strict18|none,E_P|log1p|uniform|permissive|none,loso,station_year_mean,all_sampled_dates,all_network,bias,ng m-3,a_minus_b,0.012483470495145643,-0.006708785663920555,0.03526544576802139,42,21,1,station,20260921,2000,a4b83f112a2a39d7bb39c1c70c56f5678dc7ac9449f27af54e02cbafaafd9a52
Strict hours,E_P|log1p|uniform|strict18|none,E_P|log1p|uniform|permissive|none,loso,station_year_mean,all_sampled_dates,nonindustrial,RMSE,ng m-3,a_minus_b,-0.01887711856211205,-0.04530520457479,0.022891241593480258,40,20,1,station,20260921,2000,75f77a11b57c142012fafa94a0442f20d6ba5eff6db77fdddfbfa204481e78df
Strict hours,E_P|log1p|uniform|strict18|none,E_P|log1p|uniform|permissive|none,loso,station_year_mean,all_sampled_dates,nonindustrial,MAE,ng m-3,a_minus_b,-0.012171376567520875,-0.031290761760103,0.006921310347723519,40,20,1,station,20260921,2000,75f77a11b57c142012fafa94a0442f20d6ba5eff6db77fdddfbfa204481e78df
Strict hours,E_P|log1p|uniform|strict18|none,E_P|log1p|uniform|permissive|none,loso,station_year_mean,all_sampled_dates,nonindustrial,bias,ng m-3,a_minus_b,0.009193644901022036,-0.010201007336769936,0.031797609158055545,40,20,1,station,20260921,2000,75f77a11b57c142012fafa94a0442f20d6ba5eff6db77fdddfbfa204481e78df
Strict hours,E_P|log1p|uniform|strict18|none,E_P|log1p|uniform|permissive|none,loso,station_year_mean,all_sampled_dates,nonindustrial_higher,RMSE,ng m-3,a_minus_b,-0.04136038160812783,-0.06507418708360413,-0.005668959188493526,20,10,1,station,20260921,2000,54d313e95dc309aa2e8ef845fd41708208c653e62ac636636faccd8f7f1e8a69
Strict hours,E_P|log1p|uniform|strict18|none,E_P|log1p|uniform|permissive|none,loso,station_year_mean,all_sampled_dates,nonindustrial_higher,MAE,ng m-3,a_minus_b,-0.031958553809700696,-0.05457487489593389,-0.011356242663470842,20,10,1,station,20260921,2000,54d313e95dc309aa2e8ef845fd41708208c653e62ac636636faccd8f7f1e8a69
Strict hours,E_P|log1p|uniform|strict18|none,E_P|log1p|uniform|permissive|none,loso,station_year_mean,all_sampled_dates,nonindustrial_higher,bias,ng m-3,a_minus_b,0.008021487954299633,-0.0205851076787961,0.03810866559994903,20,10,1,station,20260921,2000,54d313e95dc309aa2e8ef845fd41708208c653e62ac636636faccd8f7f1e8a69
Strict hours,E_P|log1p|uniform|strict18|none,E_P|log1p|uniform|permissive|none,loso,station_year_mean,all_sampled_dates,nonindustrial_lower,RMSE,ng m-3,a_minus_b,0.03102675749239836,-0.01176989139457419,0.08051827272809108,20,10,1,station,20260921,2000,670d7f6c2b4a419dd7125e6759a5a484d1cc22269df900a9e6b8100ba467cbdc
Strict hours,E_P|log1p|uniform|strict18|none,E_P|log1p|uniform|permissive|none,loso,station_year_mean,all_sampled_dates,nonindustrial_lower,MAE,ng m-3,a_minus_b,0.007615800674659057,-0.013506919085400386,0.03596436922665877,20,10,1,station,20260921,2000,670d7f6c2b4a419dd7125e6759a5a484d1cc22269df900a9e6b8100ba467cbdc
Strict hours,E_P|log1p|uniform|strict18|none,E_P|log1p|uniform|permissive|none,loso,station_year_mean,all_sampled_dates,nonindustrial_lower,bias,ng m-3,a_minus_b,0.010365801847744466,-0.013195997129039594,0.0435675275801458,20,10,1,station,20260921,2000,670d7f6c2b4a419dd7125e6759a5a484d1cc22269df900a9e6b8100ba467cbdc
Masking,E_P|log1p|uniform|permissive|mask,E_P|log1p|uniform|permissive|none,block30,daily,all_expected_targets,all_network,RMSE,ng m-3,a_minus_b,0.05506999239239274,-0.02595671424186429,0.12725801215491006,5089,21,25,station_x_block,20260921,2000,49422f1082065a9d47ebdfaf52caf564b1c3e1dad3fba927ae8da3a978f385a0
Masking,E_P|log1p|uniform|permissive|mask,E_P|log1p|uniform|permissive|none,block30,daily,all_expected_targets,all_network,MAE,ng m-3,a_minus_b,0.013531293594326976,-0.009435740151551159,0.042590355468552464,5089,21,25,station_x_block,20260921,2000,49422f1082065a9d47ebdfaf52caf564b1c3e1dad3fba927ae8da3a978f385a0
Masking,E_P|log1p|uniform|permissive|mask,E_P|log1p|uniform|permissive|none,block30,daily,all_expected_targets,all_network,bias,ng m-3,a_minus_b,-0.0015503546176321575,-0.032282372048298966,0.030623645875831787,5089,21,25,station_x_block,20260921,2000,49422f1082065a9d47ebdfaf52caf564b1c3e1dad3fba927ae8da3a978f385a0
Masking,E_P|log1p|uniform|permissive|mask,E_P|log1p|uniform|permissive|none,block30,daily,all_expected_targets,nonindustrial,RMSE,ng m-3,a_minus_b,0.009575923714267298,-0.03789539641842135,0.05985010075918716,4852,20,25,station_x_block,20260921,2000,5d1137882eec8537744050437f9ce1b569790644db3bdcfe69d5597e07b2e781
Masking,E_P|log1p|uniform|permissive|mask,E_P|log1p|uniform|permissive|none,block30,daily,all_expected_targets,nonindustrial,MAE,ng m-3,a_minus_b,0.004537324839556878,-0.011985981883488244,0.0241698225951716,4852,20,25,station_x_block,20260921,2000,5d1137882eec8537744050437f9ce1b569790644db3bdcfe69d5597e07b2e781
Masking,E_P|log1p|uniform|permissive|mask,E_P|log1p|uniform|permissive|none,block30,daily,all_expected_targets,nonindustrial,bias,ng m-3,a_minus_b,0.0012944733039715623,-0.026748335082521193,0.032512889159400725,4852,20,25,station_x_block,20260921,2000,5d1137882eec8537744050437f9ce1b569790644db3bdcfe69d5597e07b2e781
Masking,E_P|log1p|uniform|permissive|mask,E_P|log1p|uniform|permissive|none,block30,daily,all_expected_targets,nonindustrial_higher,RMSE,ng m-3,a_minus_b,0.014425353758568016,-0.060685374363379,0.09465063596323514,2394,10,25,station_x_block,20260921,2000,62f59d22b59dd9d7e2e072c7b3fe63144e2f3e8824a30706c4074510f362197d
Masking,E_P|log1p|uniform|permissive|mask,E_P|log1p|uniform|permissive|none,block30,daily,all_expected_targets,nonindustrial_higher,MAE,ng m-3,a_minus_b,0.0016368844991102582,-0.026762901947897814,0.03493528363196136,2394,10,25,station_x_block,20260921,2000,62f59d22b59dd9d7e2e072c7b3fe63144e2f3e8824a30706c4074510f362197d
Masking,E_P|log1p|uniform|permissive|mask,E_P|log1p|uniform|permissive|none,block30,daily,all_expected_targets,nonindustrial_higher,bias,ng m-3,a_minus_b,0.0086110867941228,-0.03826858246417849,0.059205195093112825,2394,10,25,station_x_block,20260921,2000,62f59d22b59dd9d7e2e072c7b3fe63144e2f3e8824a30706c4074510f362197d
Masking,E_P|log1p|uniform|permissive|mask,E_P|log1p|uniform|permissive|none,block30,daily,all_expected_targets,nonindustrial_lower,RMSE,ng m-3,a_minus_b,0.0006159081575564107,-0.030482581962264225,0.027869840216741434,2458,10,25,station_x_block,20260921,2000,b29a851546d291a0d2f7dfae9c12846445d0e09a394514e7c02a871b374d99af
Masking,E_P|log1p|uniform|permissive|mask,E_P|log1p|uniform|permissive|none,block30,daily,all_expected_targets,nonindustrial_lower,MAE,ng m-3,a_minus_b,0.007362245171139176,-0.006993807633575456,0.022649788186807556,2458,10,25,station_x_block,20260921,2000,b29a851546d291a0d2f7dfae9c12846445d0e09a394514e7c02a871b374d99af
Masking,E_P|log1p|uniform|permissive|mask,E_P|log1p|uniform|permissive|none,block30,daily,all_expected_targets,nonindustrial_lower,bias,ng m-3,a_minus_b,-0.005831634383344183,-0.027245013115326913,0.012773266493648357,2458,10,25,station_x_block,20260921,2000,b29a851546d291a0d2f7dfae9c12846445d0e09a394514e7c02a871b374d99af
Masking,E_P|log1p|uniform|permissive|mask,E_P|log1p|uniform|permissive|none,block30,station_year_mean,all_sampled_dates,all_network,RMSE,ng m-3,a_minus_b,0.010438526545441085,-0.014602821828009973,0.02110185747362397,42,21,1,station,20260921,2000,a4b83f112a2a39d7bb39c1c70c56f5678dc7ac9449f27af54e02cbafaafd9a52
Masking,E_P|log1p|uniform|permissive|mask,E_P|log1p|uniform|permissive|none,block30,station_year_mean,all_sampled_dates,all_network,MAE,ng m-3,a_minus_b,-0.003344301674230471,-0.0139417496270756,0.007099954100167658,42,21,1,station,20260921,2000,a4b83f112a2a39d7bb39c1c70c56f5678dc7ac9449f27af54e02cbafaafd9a52
Masking,E_P|log1p|uniform|permissive|mask,E_P|log1p|uniform|permissive|none,block30,station_year_mean,all_sampled_dates,all_network,bias,ng m-3,a_minus_b,-0.0006262766248616852,-0.014299326100024538,0.013752367849249849,42,21,1,station,20260921,2000,a4b83f112a2a39d7bb39c1c70c56f5678dc7ac9449f27af54e02cbafaafd9a52
Masking,E_P|log1p|uniform|permissive|mask,E_P|log1p|uniform|permissive|none,block30,station_year_mean,all_sampled_dates,nonindustrial,RMSE,ng m-3,a_minus_b,-0.00802538133791568,-0.016783812133025298,0.0010296318551014775,40,20,1,station,20260921,2000,75f77a11b57c142012fafa94a0442f20d6ba5eff6db77fdddfbfa204481e78df
Masking,E_P|log1p|uniform|permissive|mask,E_P|log1p|uniform|permissive|none,block30,station_year_mean,all_sampled_dates,nonindustrial,MAE,ng m-3,a_minus_b,-0.006523311238019622,-0.0162851971770557,0.002520385577832768,40,20,1,station,20260921,2000,75f77a11b57c142012fafa94a0442f20d6ba5eff6db77fdddfbfa204481e78df
Masking,E_P|log1p|uniform|permissive|mask,E_P|log1p|uniform|permissive|none,block30,station_year_mean,all_sampled_dates,nonindustrial,bias,ng m-3,a_minus_b,0.002354204023972857,-0.010758710003934724,0.01587552080481348,40,20,1,station,20260921,2000,75f77a11b57c142012fafa94a0442f20d6ba5eff6db77fdddfbfa204481e78df
Masking,E_P|log1p|uniform|permissive|mask,E_P|log1p|uniform|permissive|none,block30,station_year_mean,all_sampled_dates,nonindustrial_higher,RMSE,ng m-3,a_minus_b,-0.01697992824100221,-0.026415208744357394,-0.006519871536270577,20,10,1,station,20260921,2000,54d313e95dc309aa2e8ef845fd41708208c653e62ac636636faccd8f7f1e8a69
Masking,E_P|log1p|uniform|permissive|mask,E_P|log1p|uniform|permissive|none,block30,station_year_mean,all_sampled_dates,nonindustrial_higher,MAE,ng m-3,a_minus_b,-0.018119473135380884,-0.029443917209406627,-0.0064116327646631,20,10,1,station,20260921,2000,54d313e95dc309aa2e8ef845fd41708208c653e62ac636636faccd8f7f1e8a69
Masking,E_P|log1p|uniform|permissive|mask,E_P|log1p|uniform|permissive|none,block30,station_year_mean,all_sampled_dates,nonindustrial_higher,bias,ng m-3,a_minus_b,0.011359552157629411,-0.01158750643448239,0.032136049713377274,20,10,1,station,20260921,2000,54d313e95dc309aa2e8ef845fd41708208c653e62ac636636faccd8f7f1e8a69
Masking,E_P|log1p|uniform|permissive|mask,E_P|log1p|uniform|permissive|none,block30,station_year_mean,all_sampled_dates,nonindustrial_lower,RMSE,ng m-3,a_minus_b,0.0063933168067575735,-0.0031443655293871683,0.013417425949616488,20,10,1,station,20260921,2000,670d7f6c2b4a419dd7125e6759a5a484d1cc22269df900a9e6b8100ba467cbdc
Masking,E_P|log1p|uniform|permissive|mask,E_P|log1p|uniform|permissive|none,block30,station_year_mean,all_sampled_dates,nonindustrial_lower,MAE,ng m-3,a_minus_b,0.005072850659341634,-0.006226712156431032,0.0142103878855365,20,10,1,station,20260921,2000,670d7f6c2b4a419dd7125e6759a5a484d1cc22269df900a9e6b8100ba467cbdc
Masking,E_P|log1p|uniform|permissive|mask,E_P|log1p|uniform|permissive|none,block30,station_year_mean,all_sampled_dates,nonindustrial_lower,bias,ng m-3,a_minus_b,-0.006651144109683691,-0.02126208092831888,0.006366594468162143,20,10,1,station,20260921,2000,670d7f6c2b4a419dd7125e6759a5a484d1cc22269df900a9e6b8100ba467cbdc
Masking,E_P|log1p|uniform|permissive|mask,E_P|log1p|uniform|permissive|none,block30,daily_complete_pollutant_days,pollutant_availability_subset,all_network,RMSE,ng m-3,a_minus_b,0.01959796212926257,-0.03163779406089089,0.07441844377164224,4308,19,25,station_x_block,20260921,2000,67faf505efd6f0d6bb0b3f597eb172f8146b2effb0c729e07c637195e3ebcb3e
Masking,E_P|log1p|uniform|permissive|mask,E_P|log1p|uniform|permissive|none,block30,daily_complete_pollutant_days,pollutant_availability_subset,all_network,MAE,ng m-3,a_minus_b,0.01024150745007657,-0.005890025004543055,0.030655816382919723,4308,19,25,station_x_block,20260921,2000,67faf505efd6f0d6bb0b3f597eb172f8146b2effb0c729e07c637195e3ebcb3e
Masking,E_P|log1p|uniform|permissive|mask,E_P|log1p|uniform|permissive|none,block30,daily_complete_pollutant_days,pollutant_availability_subset,all_network,bias,ng m-3,a_minus_b,0.007829750835067324,-0.020780390195157625,0.038262776120818444,4308,19,25,station_x_block,20260921,2000,67faf505efd6f0d6bb0b3f597eb172f8146b2effb0c729e07c637195e3ebcb3e
Masking,E_P|log1p|uniform|permissive|mask,E_P|log1p|uniform|permissive|none,block30,daily_complete_pollutant_days,pollutant_availability_subset,nonindustrial,RMSE,ng m-3,a_minus_b,0.01959796212926257,-0.03163779406089089,0.07441844377164224,4308,19,25,station_x_block,20260921,2000,67faf505efd6f0d6bb0b3f597eb172f8146b2effb0c729e07c637195e3ebcb3e
Masking,E_P|log1p|uniform|permissive|mask,E_P|log1p|uniform|permissive|none,block30,daily_complete_pollutant_days,pollutant_availability_subset,nonindustrial,MAE,ng m-3,a_minus_b,0.01024150745007657,-0.005890025004543055,0.030655816382919723,4308,19,25,station_x_block,20260921,2000,67faf505efd6f0d6bb0b3f597eb172f8146b2effb0c729e07c637195e3ebcb3e
Masking,E_P|log1p|uniform|permissive|mask,E_P|log1p|uniform|permissive|none,block30,daily_complete_pollutant_days,pollutant_availability_subset,nonindustrial,bias,ng m-3,a_minus_b,0.007829750835067324,-0.020780390195157625,0.038262776120818444,4308,19,25,station_x_block,20260921,2000,67faf505efd6f0d6bb0b3f597eb172f8146b2effb0c729e07c637195e3ebcb3e
Masking,E_P|log1p|uniform|permissive|mask,E_P|log1p|uniform|permissive|none,block30,daily_complete_pollutant_days,pollutant_availability_subset,nonindustrial_higher,RMSE,ng m-3,a_minus_b,0.0230643060642991,-0.04635561828331931,0.10081942645448018,2339,10,25,station_x_block,20260921,2000,534366f7de3dae0bdb8358ad917802203a80c1991867cd2e723a3bcff37b3d6c
Masking,E_P|log1p|uniform|permissive|mask,E_P|log1p|uniform|permissive|none,block30,daily_complete_pollutant_days,pollutant_availability_subset,nonindustrial_higher,MAE,ng m-3,a_minus_b,0.007897505094001778,-0.017383969406190816,0.03959882291404961,2339,10,25,station_x_block,20260921,2000,534366f7de3dae0bdb8358ad917802203a80c1991867cd2e723a3bcff37b3d6c
Masking,E_P|log1p|uniform|permissive|mask,E_P|log1p|uniform|permissive|none,block30,daily_complete_pollutant_days,pollutant_availability_subset,nonindustrial_higher,bias,ng m-3,a_minus_b,0.016869989283082525,-0.029082205117929617,0.06691561670916478,2339,10,25,station_x_block,20260921,2000,534366f7de3dae0bdb8358ad917802203a80c1991867cd2e723a3bcff37b3d6c
Masking,E_P|log1p|uniform|permissive|mask,E_P|log1p|uniform|permissive|none,block30,daily_complete_pollutant_days,pollutant_availability_subset,nonindustrial_lower,RMSE,ng m-3,a_minus_b,0.01594650327307895,-0.01367036478842888,0.042763395861100235,1969,9,25,station_x_block,20260921,2000,0368b43e687ddcdc6346fedbf5a156f1aba1be1fd1ba4380fd3274ff5dae8093
Masking,E_P|log1p|uniform|permissive|mask,E_P|log1p|uniform|permissive|none,block30,daily_complete_pollutant_days,pollutant_availability_subset,nonindustrial_lower,MAE,ng m-3,a_minus_b,0.013025977491142704,0.0007215645511285801,0.027499569492963886,1969,9,25,station_x_block,20260921,2000,0368b43e687ddcdc6346fedbf5a156f1aba1be1fd1ba4380fd3274ff5dae8093
Masking,E_P|log1p|uniform|permissive|mask,E_P|log1p|uniform|permissive|none,block30,daily_complete_pollutant_days,pollutant_availability_subset,nonindustrial_lower,bias,ng m-3,a_minus_b,-0.0029092627403047196,-0.024649289598507984,0.016114940383796957,1969,9,25,station_x_block,20260921,2000,0368b43e687ddcdc6346fedbf5a156f1aba1be1fd1ba4380fd3274ff5dae8093
Masking,E_P|log1p|uniform|permissive|mask,E_P|log1p|uniform|permissive|none,block30,daily_incomplete_pollutant_days,pollutant_availability_subset,all_network,RMSE,ng m-3,a_minus_b,0.1361518304543723,-0.35224022370505026,0.3088210107057663,781,19,25,station_x_block,20260921,2000,a75d46e1587e47378cd224d3428a99ff7be4ab89de4925dd4d16cf8a0d1c1e7e
Masking,E_P|log1p|uniform|permissive|mask,E_P|log1p|uniform|permissive|none,block30,daily_incomplete_pollutant_days,pollutant_availability_subset,all_network,MAE,ng m-3,a_minus_b,0.03167777081510881,-0.21409285788912893,0.1586939922377825,781,19,25,station_x_block,20260921,2000,a75d46e1587e47378cd224d3428a99ff7be4ab89de4925dd4d16cf8a0d1c1e7e
Masking,E_P|log1p|uniform|permissive|mask,E_P|log1p|uniform|permissive|none,block30,daily_incomplete_pollutant_days,pollutant_availability_subset,all_network,bias,ng m-3,a_minus_b,-0.05329106433623565,-0.2725118763310978,0.01213493914602542,781,19,25,station_x_block,20260921,2000,a75d46e1587e47378cd224d3428a99ff7be4ab89de4925dd4d16cf8a0d1c1e7e
Masking,E_P|log1p|uniform|permissive|mask,E_P|log1p|uniform|permissive|none,block30,daily_incomplete_pollutant_days,pollutant_availability_subset,nonindustrial,RMSE,ng m-3,a_minus_b,-0.11334175143791797,-0.47202584820380905,0.010438418688245655,544,18,25,station_x_block,20260921,2000,b15751201784f3ba52ed7b95fe535bf1bd6a7ec1b2945af9917f7dc1c7560180
Masking,E_P|log1p|uniform|permissive|mask,E_P|log1p|uniform|permissive|none,block30,daily_incomplete_pollutant_days,pollutant_availability_subset,nonindustrial,MAE,ng m-3,a_minus_b,-0.04063476833345589,-0.3302599046866775,0.013762143663000308,544,18,25,station_x_block,20260921,2000,b15751201784f3ba52ed7b95fe535bf1bd6a7ec1b2945af9917f7dc1c7560180
Masking,E_P|log1p|uniform|permissive|mask,E_P|log1p|uniform|permissive|none,block30,daily_incomplete_pollutant_days,pollutant_availability_subset,nonindustrial,bias,ng m-3,a_minus_b,-0.05045915832095588,-0.37834140158309887,0.011820358974409733,544,18,25,station_x_block,20260921,2000,b15751201784f3ba52ed7b95fe535bf1bd6a7ec1b2945af9917f7dc1c7560180
Masking,E_P|log1p|uniform|permissive|mask,E_P|log1p|uniform|permissive|none,block30,daily_incomplete_pollutant_days,pollutant_availability_subset,nonindustrial_higher,RMSE,ng m-3,a_minus_b,-0.40311195368891983,-1.003738172155954,0.14838813930769393,55,8,12,station_x_block,20260921,2000,8bc742768f84e0cde5fbf4649429eaae5d0031446127da5adde987434322784b
Masking,E_P|log1p|uniform|permissive|mask,E_P|log1p|uniform|permissive|none,block30,daily_incomplete_pollutant_days,pollutant_availability_subset,nonindustrial_higher,MAE,ng m-3,a_minus_b,-0.2646102349818182,-0.634479650377502,0.09843231469999947,55,8,12,station_x_block,20260921,2000,8bc742768f84e0cde5fbf4649429eaae5d0031446127da5adde987434322784b
Masking,E_P|log1p|uniform|permissive|mask,E_P|log1p|uniform|permissive|none,block30,daily_incomplete_pollutant_days,pollutant_availability_subset,nonindustrial_higher,bias,ng m-3,a_minus_b,-0.3426175117818181,-0.6918485994348429,0.012673989584166642,55,8,12,station_x_block,20260921,2000,8bc742768f84e0cde5fbf4649429eaae5d0031446127da5adde987434322784b
Masking,E_P|log1p|uniform|permissive|mask,E_P|log1p|uniform|permissive|none,block30,daily_incomplete_pollutant_days,pollutant_availability_subset,nonindustrial_lower,RMSE,ng m-3,a_minus_b,-0.05329828996517527,-0.399820710729987,0.01554911462719014,489,10,25,station_x_block,20260921,2000,3bea97d4042a40fb665f8bdd3eec8d09bb4adce450c662958c3439560b610ceb
Masking,E_P|log1p|uniform|permissive|mask,E_P|log1p|uniform|permissive|none,block30,daily_incomplete_pollutant_days,pollutant_availability_subset,nonindustrial_lower,MAE,ng m-3,a_minus_b,-0.015443253679754576,-0.26391777049873993,0.020466118381559453,489,10,25,station_x_block,20260921,2000,3bea97d4042a40fb665f8bdd3eec8d09bb4adce450c662958c3439560b610ceb
Masking,E_P|log1p|uniform|permissive|mask,E_P|log1p|uniform|permissive|none,block30,daily_incomplete_pollutant_days,pollutant_availability_subset,nonindustrial_lower,bias,ng m-3,a_minus_b,-0.01759881181717791,-0.26766343230078954,0.022835874643741445,489,10,25,station_x_block,20260921,2000,3bea97d4042a40fb665f8bdd3eec8d09bb4adce450c662958c3439560b610ceb
Masking,E_P|log1p|uniform|permissive|mask,E_P|log1p|uniform|permissive|none,loso,daily,all_expected_targets,all_network,RMSE,ng m-3,a_minus_b,0.0565276043829126,-0.10971136373547173,0.24008106399008902,5089,21,1,station,20260921,2000,49422f1082065a9d47ebdfaf52caf564b1c3e1dad3fba927ae8da3a978f385a0
Masking,E_P|log1p|uniform|permissive|mask,E_P|log1p|uniform|permissive|none,loso,daily,all_expected_targets,all_network,MAE,ng m-3,a_minus_b,0.08217994838262876,-0.009639860085381863,0.21323967733847962,5089,21,1,station,20260921,2000,49422f1082065a9d47ebdfaf52caf564b1c3e1dad3fba927ae8da3a978f385a0
Masking,E_P|log1p|uniform|permissive|mask,E_P|log1p|uniform|permissive|none,loso,daily,all_expected_targets,all_network,bias,ng m-3,a_minus_b,0.07053892087706864,-0.04062570075283418,0.2306679737819812,5089,21,1,station,20260921,2000,49422f1082065a9d47ebdfaf52caf564b1c3e1dad3fba927ae8da3a978f385a0
Masking,E_P|log1p|uniform|permissive|mask,E_P|log1p|uniform|permissive|none,loso,daily,all_expected_targets,nonindustrial,RMSE,ng m-3,a_minus_b,0.06923271273103282,-0.14802706992618406,0.3106047801927563,4852,20,1,station,20260921,2000,5d1137882eec8537744050437f9ce1b569790644db3bdcfe69d5597e07b2e781
Masking,E_P|log1p|uniform|permissive|mask,E_P|log1p|uniform|permissive|none,loso,daily,all_expected_targets,nonindustrial,MAE,ng m-3,a_minus_b,0.0792304762254531,-0.014963958855782913,0.21091821592602394,4852,20,1,station,20260921,2000,5d1137882eec8537744050437f9ce1b569790644db3bdcfe69d5597e07b2e781
Masking,E_P|log1p|uniform|permissive|mask,E_P|log1p|uniform|permissive|none,loso,daily,all_expected_targets,nonindustrial,bias,ng m-3,a_minus_b,0.08206740800838871,-0.03223977763447439,0.2468952384902208,4852,20,1,station,20260921,2000,5d1137882eec8537744050437f9ce1b569790644db3bdcfe69d5597e07b2e781
Masking,E_P|log1p|uniform|permissive|mask,E_P|log1p|uniform|permissive|none,loso,daily,all_expected_targets,nonindustrial_higher,RMSE,ng m-3,a_minus_b,-0.04094430862966947,-0.30164806200462874,0.14039163753775796,2394,10,1,station,20260921,2000,62f59d22b59dd9d7e2e072c7b3fe63144e2f3e8824a30706c4074510f362197d
Masking,E_P|log1p|uniform|permissive|mask,E_P|log1p|uniform|permissive|none,loso,daily,all_expected_targets,nonindustrial_higher,MAE,ng m-3,a_minus_b,0.020137662197827977,-0.07442758295217507,0.08805171482421194,2394,10,1,station,20260921,2000,62f59d22b59dd9d7e2e072c7b3fe63144e2f3e8824a30706c4074510f362197d
Masking,E_P|log1p|uniform|permissive|mask,E_P|log1p|uniform|permissive|none,loso,daily,all_expected_targets,nonindustrial_higher,bias,ng m-3,a_minus_b,0.015209891001002479,-0.08143381995829936,0.13250341460374604,2394,10,1,station,20260921,2000,62f59d22b59dd9d7e2e072c7b3fe63144e2f3e8824a30706c4074510f362197d
Masking,E_P|log1p|uniform|permissive|mask,E_P|log1p|uniform|permissive|none,loso,daily,all_expected_targets,nonindustrial_lower,RMSE,ng m-3,a_minus_b,0.28595895314623077,-0.04326196345723535,0.6144383043654873,2458,10,1,station,20260921,2000,b29a851546d291a0d2f7dfae9c12846445d0e09a394514e7c02a871b374d99af
Masking,E_P|log1p|uniform|permissive|mask,E_P|log1p|uniform|permissive|none,loso,daily,all_expected_targets,nonindustrial_lower,MAE,ng m-3,a_minus_b,0.13678466531501138,-0.009297933689953672,0.37728000752002905,2458,10,1,station,20260921,2000,b29a851546d291a0d2f7dfae9c12846445d0e09a394514e7c02a871b374d99af
Masking,E_P|log1p|uniform|permissive|mask,E_P|log1p|uniform|permissive|none,loso,daily,all_expected_targets,nonindustrial_lower,bias,ng m-3,a_minus_b,0.1471841271766892,-0.0414687596528676,0.4405512079829974,2458,10,1,station,20260921,2000,b29a851546d291a0d2f7dfae9c12846445d0e09a394514e7c02a871b374d99af
Masking,E_P|log1p|uniform|permissive|mask,E_P|log1p|uniform|permissive|none,loso,station_year_mean,all_sampled_dates,all_network,RMSE,ng m-3,a_minus_b,0.08157932260807099,-0.04882338798450036,0.29631972377744636,42,21,1,station,20260921,2000,a4b83f112a2a39d7bb39c1c70c56f5678dc7ac9449f27af54e02cbafaafd9a52
Masking,E_P|log1p|uniform|permissive|mask,E_P|log1p|uniform|permissive|none,loso,station_year_mean,all_sampled_dates,all_network,MAE,ng m-3,a_minus_b,0.09232675671000035,-0.015893419832605803,0.23604867136673036,42,21,1,station,20260921,2000,a4b83f112a2a39d7bb39c1c70c56f5678dc7ac9449f27af54e02cbafaafd9a52
Masking,E_P|log1p|uniform|permissive|mask,E_P|log1p|uniform|permissive|none,loso,station_year_mean,all_sampled_dates,all_network,bias,ng m-3,a_minus_b,0.07500665366987319,-0.040219611832523795,0.24700405517318574,42,21,1,station,20260921,2000,a4b83f112a2a39d7bb39c1c70c56f5678dc7ac9449f27af54e02cbafaafd9a52
Masking,E_P|log1p|uniform|permissive|mask,E_P|log1p|uniform|permissive|none,loso,station_year_mean,all_sampled_dates,nonindustrial,RMSE,ng m-3,a_minus_b,0.12995503443105044,-0.0754575704836806,0.37169070417975003,40,20,1,station,20260921,2000,75f77a11b57c142012fafa94a0442f20d6ba5eff6db77fdddfbfa204481e78df
Masking,E_P|log1p|uniform|permissive|mask,E_P|log1p|uniform|permissive|none,loso,station_year_mean,all_sampled_dates,nonindustrial,MAE,ng m-3,a_minus_b,0.08867102855930231,-0.020447672683065396,0.2321688339564475,40,20,1,station,20260921,2000,75f77a11b57c142012fafa94a0442f20d6ba5eff6db77fdddfbfa204481e78df
Masking,E_P|log1p|uniform|permissive|mask,E_P|log1p|uniform|permissive|none,loso,station_year_mean,all_sampled_dates,nonindustrial,bias,ng m-3,a_minus_b,0.08702905233956482,-0.031169209224961584,0.2600580190782152,40,20,1,station,20260921,2000,75f77a11b57c142012fafa94a0442f20d6ba5eff6db77fdddfbfa204481e78df
Masking,E_P|log1p|uniform|permissive|mask,E_P|log1p|uniform|permissive|none,loso,station_year_mean,all_sampled_dates,nonindustrial_higher,RMSE,ng m-3,a_minus_b,-0.006416052177653286,-0.17070009481149273,0.10659990536909515,20,10,1,station,20260921,2000,54d313e95dc309aa2e8ef845fd41708208c653e62ac636636faccd8f7f1e8a69
Masking,E_P|log1p|uniform|permissive|mask,E_P|log1p|uniform|permissive|none,loso,station_year_mean,all_sampled_dates,nonindustrial_higher,MAE,ng m-3,a_minus_b,0.029277911340618246,-0.0911445087830544,0.11504064100940575,20,10,1,station,20260921,2000,54d313e95dc309aa2e8ef845fd41708208c653e62ac636636faccd8f7f1e8a69
Masking,E_P|log1p|uniform|permissive|mask,E_P|log1p|uniform|permissive|none,loso,station_year_mean,all_sampled_dates,nonindustrial_higher,bias,ng m-3,a_minus_b,0.013181777441074238,-0.08210003917188424,0.12847048331828534,20,10,1,station,20260921,2000,54d313e95dc309aa2e8ef845fd41708208c653e62ac636636faccd8f7f1e8a69
Masking,E_P|log1p|uniform|permissive|mask,E_P|log1p|uniform|permissive|none,loso,station_year_mean,all_sampled_dates,nonindustrial_lower,RMSE,ng m-3,a_minus_b,0.34630279767870936,-0.007704411889236725,0.6606106663496901,20,10,1,station,20260921,2000,670d7f6c2b4a419dd7125e6759a5a484d1cc22269df900a9e6b8100ba467cbdc
Masking,E_P|log1p|uniform|permissive|mask,E_P|log1p|uniform|permissive|none,loso,station_year_mean,all_sampled_dates,nonindustrial_lower,MAE,ng m-3,a_minus_b,0.1480641457779865,-0.024867987454143547,0.4110871394626654,20,10,1,station,20260921,2000,670d7f6c2b4a419dd7125e6759a5a484d1cc22269df900a9e6b8100ba467cbdc
Masking,E_P|log1p|uniform|permissive|mask,E_P|log1p|uniform|permissive|none,loso,station_year_mean,all_sampled_dates,nonindustrial_lower,bias,ng m-3,a_minus_b,0.1608763272380553,-0.03566277548947493,0.46878979115449837,20,10,1,station,20260921,2000,670d7f6c2b4a419dd7125e6759a5a484d1cc22269df900a9e6b8100ba467cbdc
Masking,E_P|log1p|uniform|permissive|mask,E_P|log1p|uniform|permissive|none,loso,daily_complete_pollutant_days,pollutant_availability_subset,all_network,RMSE,ng m-3,a_minus_b,-0.01606092439842932,-0.21282113301869784,0.11980842754507413,4308,19,1,station,20260921,2000,67faf505efd6f0d6bb0b3f597eb172f8146b2effb0c729e07c637195e3ebcb3e
Masking,E_P|log1p|uniform|permissive|mask,E_P|log1p|uniform|permissive|none,loso,daily_complete_pollutant_days,pollutant_availability_subset,all_network,MAE,ng m-3,a_minus_b,0.028358920598196447,-0.032509683253696874,0.07824247484005893,4308,19,1,station,20260921,2000,67faf505efd6f0d6bb0b3f597eb172f8146b2effb0c729e07c637195e3ebcb3e
Masking,E_P|log1p|uniform|permissive|mask,E_P|log1p|uniform|permissive|none,loso,daily_complete_pollutant_days,pollutant_availability_subset,all_network,bias,ng m-3,a_minus_b,0.019931432412620693,-0.04751384631947355,0.09808069980516332,4308,19,1,station,20260921,2000,67faf505efd6f0d6bb0b3f597eb172f8146b2effb0c729e07c637195e3ebcb3e
Masking,E_P|log1p|uniform|permissive|mask,E_P|log1p|uniform|permissive|none,loso,daily_complete_pollutant_days,pollutant_availability_subset,nonindustrial,RMSE,ng m-3,a_minus_b,-0.01606092439842932,-0.21282113301869784,0.11980842754507413,4308,19,1,station,20260921,2000,67faf505efd6f0d6bb0b3f597eb172f8146b2effb0c729e07c637195e3ebcb3e
Masking,E_P|log1p|uniform|permissive|mask,E_P|log1p|uniform|permissive|none,loso,daily_complete_pollutant_days,pollutant_availability_subset,nonindustrial,MAE,ng m-3,a_minus_b,0.028358920598196447,-0.032509683253696874,0.07824247484005893,4308,19,1,station,20260921,2000,67faf505efd6f0d6bb0b3f597eb172f8146b2effb0c729e07c637195e3ebcb3e
Masking,E_P|log1p|uniform|permissive|mask,E_P|log1p|uniform|permissive|none,loso,daily_complete_pollutant_days,pollutant_availability_subset,nonindustrial,bias,ng m-3,a_minus_b,0.019931432412620693,-0.04751384631947355,0.09808069980516332,4308,19,1,station,20260921,2000,67faf505efd6f0d6bb0b3f597eb172f8146b2effb0c729e07c637195e3ebcb3e
Masking,E_P|log1p|uniform|permissive|mask,E_P|log1p|uniform|permissive|none,loso,daily_complete_pollutant_days,pollutant_availability_subset,nonindustrial_higher,RMSE,ng m-3,a_minus_b,-0.038375420757861045,-0.3037557423572557,0.14524922143276203,2339,10,1,station,20260921,2000,534366f7de3dae0bdb8358ad917802203a80c1991867cd2e723a3bcff37b3d6c
Masking,E_P|log1p|uniform|permissive|mask,E_P|log1p|uniform|permissive|none,loso,daily_complete_pollutant_days,pollutant_availability_subset,nonindustrial_higher,MAE,ng m-3,a_minus_b,0.026433189366182108,-0.06901405713437475,0.09265627727143967,2339,10,1,station,20260921,2000,534366f7de3dae0bdb8358ad917802203a80c1991867cd2e723a3bcff37b3d6c
Masking,E_P|log1p|uniform|permissive|mask,E_P|log1p|uniform|permissive|none,loso,daily_complete_pollutant_days,pollutant_availability_subset,nonindustrial_higher,bias,ng m-3,a_minus_b,0.02469952855515173,-0.07240706772706344,0.14002760226985791,2339,10,1,station,20260921,2000,534366f7de3dae0bdb8358ad917802203a80c1991867cd2e723a3bcff37b3d6c
Masking,E_P|log1p|uniform|permissive|mask,E_P|log1p|uniform|permissive|none,loso,daily_complete_pollutant_days,pollutant_availability_subset,nonindustrial_lower,RMSE,ng m-3,a_minus_b,0.04600926020476759,-0.0832893503088684,0.1613519737743016,1969,9,1,station,20260921,2000,0368b43e687ddcdc6346fedbf5a156f1aba1be1fd1ba4380fd3274ff5dae8093
Masking,E_P|log1p|uniform|permissive|mask,E_P|log1p|uniform|permissive|none,loso,daily_complete_pollutant_days,pollutant_availability_subset,nonindustrial_lower,MAE,ng m-3,a_minus_b,0.03064652108152871,-0.01883238586744476,0.09973321754341041,1969,9,1,station,20260921,2000,0368b43e687ddcdc6346fedbf5a156f1aba1be1fd1ba4380fd3274ff5dae8093
Masking,E_P|log1p|uniform|permissive|mask,E_P|log1p|uniform|permissive|none,loso,daily_complete_pollutant_days,pollutant_availability_subset,nonindustrial_lower,bias,ng m-3,a_minus_b,0.014267350707501264,-0.06341519636426445,0.11869897198605736,1969,9,1,station,20260921,2000,0368b43e687ddcdc6346fedbf5a156f1aba1be1fd1ba4380fd3274ff5dae8093
Masking,E_P|log1p|uniform|permissive|mask,E_P|log1p|uniform|permissive|none,loso,daily_incomplete_pollutant_days,pollutant_availability_subset,all_network,RMSE,ng m-3,a_minus_b,0.18179847718916786,-0.2034611834411404,1.1127914613199523,781,19,1,station,20260921,2000,a75d46e1587e47378cd224d3428a99ff7be4ab89de4925dd4d16cf8a0d1c1e7e
Masking,E_P|log1p|uniform|permissive|mask,E_P|log1p|uniform|permissive|none,loso,daily_incomplete_pollutant_days,pollutant_availability_subset,all_network,MAE,ng m-3,a_minus_b,0.379057013293429,-0.2168281002967461,0.9959803993144626,781,19,1,station,20260921,2000,a75d46e1587e47378cd224d3428a99ff7be4ab89de4925dd4d16cf8a0d1c1e7e
Masking,E_P|log1p|uniform|permissive|mask,E_P|log1p|uniform|permissive|none,loso,daily_incomplete_pollutant_days,pollutant_availability_subset,all_network,bias,ng m-3,a_minus_b,0.3496900864402459,-0.2742803434228419,1.1697994984227582,781,19,1,station,20260921,2000,a75d46e1587e47378cd224d3428a99ff7be4ab89de4925dd4d16cf8a0d1c1e7e
Masking,E_P|log1p|uniform|permissive|mask,E_P|log1p|uniform|permissive|none,loso,daily_incomplete_pollutant_days,pollutant_availability_subset,nonindustrial,RMSE,ng m-3,a_minus_b,0.7158043983920431,-0.2840556775528701,1.1965512994276837,544,18,1,station,20260921,2000,b15751201784f3ba52ed7b95fe535bf1bd6a7ec1b2945af9917f7dc1c7560180
Masking,E_P|log1p|uniform|permissive|mask,E_P|log1p|uniform|permissive|none,loso,daily_incomplete_pollutant_days,pollutant_availability_subset,nonindustrial,MAE,ng m-3,a_minus_b,0.4820883101265957,-0.26431382700494843,1.1125667451122072,544,18,1,station,20260921,2000,b15751201784f3ba52ed7b95fe535bf1bd6a7ec1b2945af9917f7dc1c7560180
Masking,E_P|log1p|uniform|permissive|mask,E_P|log1p|uniform|permissive|none,loso,daily_incomplete_pollutant_days,pollutant_availability_subset,nonindustrial,bias,ng m-3,a_minus_b,0.5741295088660515,-0.33377084178027444,1.3012763850633868,544,18,1,station,20260921,2000,b15751201784f3ba52ed7b95fe535bf1bd6a7ec1b2945af9917f7dc1c7560180
Masking,E_P|log1p|uniform|permissive|mask,E_P|log1p|uniform|permissive|none,loso,daily_incomplete_pollutant_days,pollutant_availability_subset,nonindustrial_higher,RMSE,ng m-3,a_minus_b,-0.20279593618835012,-0.6189639803972512,-0.025718276417484767,55,8,1,station,20260921,2000,8bc742768f84e0cde5fbf4649429eaae5d0031446127da5adde987434322784b
Masking,E_P|log1p|uniform|permissive|mask,E_P|log1p|uniform|permissive|none,loso,daily_incomplete_pollutant_days,pollutant_availability_subset,nonindustrial_higher,MAE,ng m-3,a_minus_b,-0.24759393865272722,-0.4407739307005471,-0.049326688887777984,55,8,1,station,20260921,2000,8bc742768f84e0cde5fbf4649429eaae5d0031446127da5adde987434322784b
Masking,E_P|log1p|uniform|permissive|mask,E_P|log1p|uniform|permissive|none,loso,daily_incomplete_pollutant_days,pollutant_availability_subset,nonindustrial_higher,bias,ng m-3,a_minus_b,-0.3883585133472727,-0.6077901432758629,-0.15898534059620928,55,8,1,station,20260921,2000,8bc742768f84e0cde5fbf4649429eaae5d0031446127da5adde987434322784b
Masking,E_P|log1p|uniform|permissive|mask,E_P|log1p|uniform|permissive|none,loso,daily_incomplete_pollutant_days,pollutant_availability_subset,nonindustrial_lower,RMSE,ng m-3,a_minus_b,0.8101274949835074,-0.35119051066052726,1.2815302181505348,489,10,1,station,20260921,2000,3bea97d4042a40fb665f8bdd3eec8d09bb4adce450c662958c3439560b610ceb
Masking,E_P|log1p|uniform|permissive|mask,E_P|log1p|uniform|permissive|none,loso,daily_incomplete_pollutant_days,pollutant_availability_subset,nonindustrial_lower,MAE,ng m-3,a_minus_b,0.5641589107050471,-0.233195069805911,1.229873959302583,489,10,1,station,20260921,2000,3bea97d4042a40fb665f8bdd3eec8d09bb4adce450c662958c3439560b610ceb
Masking,E_P|log1p|uniform|permissive|mask,E_P|log1p|uniform|permissive|none,loso,daily_incomplete_pollutant_days,pollutant_availability_subset,nonindustrial_lower,bias,ng m-3,a_minus_b,0.682384807888,-0.20303025139659084,1.4503035781161133,489,10,1,station,20260921,2000,3bea97d4042a40fb665f8bdd3eec8d09bb4adce450c662958c3439560b610ceb
Programme-matched,E_P_MATCHED,E_P|log1p|uniform|permissive|none,block30,daily,all_expected_targets,all_network,RMSE,ng m-3,a_minus_b,-0.001352068537886053,-0.02571398699634487,0.025773837989212227,5089,21,25,station_x_block,20260921,2000,49422f1082065a9d47ebdfaf52caf564b1c3e1dad3fba927ae8da3a978f385a0
Programme-matched,E_P_MATCHED,E_P|log1p|uniform|permissive|none,block30,daily,all_expected_targets,all_network,MAE,ng m-3,a_minus_b,-0.0019227904429947595,-0.013827214061158406,0.010796374589871002,5089,21,25,station_x_block,20260921,2000,49422f1082065a9d47ebdfaf52caf564b1c3e1dad3fba927ae8da3a978f385a0
Programme-matched,E_P_MATCHED,E_P|log1p|uniform|permissive|none,block30,daily,all_expected_targets,all_network,bias,ng m-3,a_minus_b,-0.006168603258518382,-0.023344209865925284,0.006122994062846444,5089,21,25,station_x_block,20260921,2000,49422f1082065a9d47ebdfaf52caf564b1c3e1dad3fba927ae8da3a978f385a0
Programme-matched,E_P_MATCHED,E_P|log1p|uniform|permissive|none,block30,daily,all_expected_targets,nonindustrial,RMSE,ng m-3,a_minus_b,-0.006556963545014116,-0.020263892250338346,0.0004950327151210182,4852,20,25,station_x_block,20260921,2000,5d1137882eec8537744050437f9ce1b569790644db3bdcfe69d5597e07b2e781
Programme-matched,E_P_MATCHED,E_P|log1p|uniform|permissive|none,block30,daily,all_expected_targets,nonindustrial,MAE,ng m-3,a_minus_b,-0.005083114594888638,-0.013865219204764329,0.0003382144031120734,4852,20,25,station_x_block,20260921,2000,5d1137882eec8537744050437f9ce1b569790644db3bdcfe69d5597e07b2e781
Programme-matched,E_P_MATCHED,E_P|log1p|uniform|permissive|none,block30,daily,all_expected_targets,nonindustrial,bias,ng m-3,a_minus_b,-0.005292439936644681,-0.015415772325679892,0.0021135518575103535,4852,20,25,station_x_block,20260921,2000,5d1137882eec8537744050437f9ce1b569790644db3bdcfe69d5597e07b2e781
Programme-matched,E_P_MATCHED,E_P|log1p|uniform|permissive|none,block30,daily,all_expected_targets,nonindustrial_higher,RMSE,ng m-3,a_minus_b,-0.006880755919982051,-0.02836571743744672,0.0021621476876890295,2394,10,25,station_x_block,20260921,2000,62f59d22b59dd9d7e2e072c7b3fe63144e2f3e8824a30706c4074510f362197d
Programme-matched,E_P_MATCHED,E_P|log1p|uniform|permissive|none,block30,daily,all_expected_targets,nonindustrial_higher,MAE,ng m-3,a_minus_b,-0.005596650796157121,-0.019162208640786084,0.0011786717960933038,2394,10,25,station_x_block,20260921,2000,62f59d22b59dd9d7e2e072c7b3fe63144e2f3e8824a30706c4074510f362197d
Programme-matched,E_P_MATCHED,E_P|log1p|uniform|permissive|none,block30,daily,all_expected_targets,nonindustrial_higher,bias,ng m-3,a_minus_b,-0.007261129424394323,-0.021957455147109485,0.0006659341958601514,2394,10,25,station_x_block,20260921,2000,62f59d22b59dd9d7e2e072c7b3fe63144e2f3e8824a30706c4074510f362197d
Programme-matched,E_P_MATCHED,E_P|log1p|uniform|permissive|none,block30,daily,all_expected_targets,nonindustrial_lower,RMSE,ng m-3,a_minus_b,-0.007848800601762296,-0.025272350479392493,0.0003656192031130876,2458,10,25,station_x_block,20260921,2000,b29a851546d291a0d2f7dfae9c12846445d0e09a394514e7c02a871b374d99af
Programme-matched,E_P_MATCHED,E_P|log1p|uniform|permissive|none,block30,daily,all_expected_targets,nonindustrial_lower,MAE,ng m-3,a_minus_b,-0.00458294955589908,-0.01365320468902025,0.0009726956209353579,2458,10,25,station_x_block,20260921,2000,b29a851546d291a0d2f7dfae9c12846445d0e09a394514e7c02a871b374d99af
Programme-matched,E_P_MATCHED,E_P|log1p|uniform|permissive|none,block30,daily,all_expected_targets,nonindustrial_lower,bias,ng m-3,a_minus_b,-0.003375010061269326,-0.013710250128071403,0.006820360523341701,2458,10,25,station_x_block,20260921,2000,b29a851546d291a0d2f7dfae9c12846445d0e09a394514e7c02a871b374d99af
Programme-matched,E_P_MATCHED,E_P|log1p|uniform|permissive|none,block30,station_year_mean,all_sampled_dates,all_network,RMSE,ng m-3,a_minus_b,0.006919278112253957,0.001321424114813378,0.01130952027860763,42,21,1,station,20260921,2000,a4b83f112a2a39d7bb39c1c70c56f5678dc7ac9449f27af54e02cbafaafd9a52
Programme-matched,E_P_MATCHED,E_P|log1p|uniform|permissive|none,block30,station_year_mean,all_sampled_dates,all_network,MAE,ng m-3,a_minus_b,0.004326709932923223,5.492024722069789e-05,0.008724020063466596,42,21,1,station,20260921,2000,a4b83f112a2a39d7bb39c1c70c56f5678dc7ac9449f27af54e02cbafaafd9a52
Programme-matched,E_P_MATCHED,E_P|log1p|uniform|permissive|none,block30,station_year_mean,all_sampled_dates,all_network,bias,ng m-3,a_minus_b,-0.006270766899113003,-0.011284227870852011,-0.0015069680438560698,42,21,1,station,20260921,2000,a4b83f112a2a39d7bb39c1c70c56f5678dc7ac9449f27af54e02cbafaafd9a52
Programme-matched,E_P_MATCHED,E_P|log1p|uniform|permissive|none,block30,station_year_mean,all_sampled_dates,nonindustrial,RMSE,ng m-3,a_minus_b,0.005591514898238503,0.0004107402190059329,0.011419256297586718,40,20,1,station,20260921,2000,75f77a11b57c142012fafa94a0442f20d6ba5eff6db77fdddfbfa204481e78df
Programme-matched,E_P_MATCHED,E_P|log1p|uniform|permissive|none,block30,station_year_mean,all_sampled_dates,nonindustrial,MAE,ng m-3,a_minus_b,0.0033444983377911575,-0.000546318670784775,0.007491531995208282,40,20,1,station,20260921,2000,75f77a11b57c142012fafa94a0442f20d6ba5eff6db77fdddfbfa204481e78df
Programme-matched,E_P_MATCHED,E_P|log1p|uniform|permissive|none,block30,station_year_mean,all_sampled_dates,nonindustrial,bias,ng m-3,a_minus_b,-0.005385758152290438,-0.010185608076082259,-0.0007779269709675869,40,20,1,station,20260921,2000,75f77a11b57c142012fafa94a0442f20d6ba5eff6db77fdddfbfa204481e78df
Programme-matched,E_P_MATCHED,E_P|log1p|uniform|permissive|none,block30,station_year_mean,all_sampled_dates,nonindustrial_higher,RMSE,ng m-3,a_minus_b,0.007558591383148683,0.0001244258582875822,0.016387207122469733,20,10,1,station,20260921,2000,54d313e95dc309aa2e8ef845fd41708208c653e62ac636636faccd8f7f1e8a69
Programme-matched,E_P_MATCHED,E_P|log1p|uniform|permissive|none,block30,station_year_mean,all_sampled_dates,nonindustrial_higher,MAE,ng m-3,a_minus_b,0.00433281151621337,-0.0005450542415165757,0.01025586061445047,20,10,1,station,20260921,2000,54d313e95dc309aa2e8ef845fd41708208c653e62ac636636faccd8f7f1e8a69
Programme-matched,E_P_MATCHED,E_P|log1p|uniform|permissive|none,block30,station_year_mean,all_sampled_dates,nonindustrial_higher,bias,ng m-3,a_minus_b,-0.007190339322571404,-0.015443850855469302,-0.00017094784070820841,20,10,1,station,20260921,2000,54d313e95dc309aa2e8ef845fd41708208c653e62ac636636faccd8f7f1e8a69
Programme-matched,E_P_MATCHED,E_P|log1p|uniform|permissive|none,block30,station_year_mean,all_sampled_dates,nonindustrial_lower,RMSE,ng m-3,a_minus_b,0.0025740496692935252,-0.0020291960651162635,0.006997588159527899,20,10,1,station,20260921,2000,670d7f6c2b4a419dd7125e6759a5a484d1cc22269df900a9e6b8100ba467cbdc
Programme-matched,E_P_MATCHED,E_P|log1p|uniform|permissive|none,block30,station_year_mean,all_sampled_dates,nonindustrial_lower,MAE,ng m-3,a_minus_b,0.0023561851593689384,-0.00346423197760603,0.008622584706152398,20,10,1,station,20260921,2000,670d7f6c2b4a419dd7125e6759a5a484d1cc22269df900a9e6b8100ba467cbdc
Programme-matched,E_P_MATCHED,E_P|log1p|uniform|permissive|none,block30,station_year_mean,all_sampled_dates,nonindustrial_lower,bias,ng m-3,a_minus_b,-0.003581176982009465,-0.009890964232185006,0.002503757494222271,20,10,1,station,20260921,2000,670d7f6c2b4a419dd7125e6759a5a484d1cc22269df900a9e6b8100ba467cbdc
Programme-matched,E_P_MATCHED,E_P|log1p|uniform|permissive|none,block30,daily_complete_pollutant_days,pollutant_availability_subset,all_network,RMSE,ng m-3,a_minus_b,0.0,0.0,0.0,4308,19,25,station_x_block,20260921,2000,67faf505efd6f0d6bb0b3f597eb172f8146b2effb0c729e07c637195e3ebcb3e
Programme-matched,E_P_MATCHED,E_P|log1p|uniform|permissive|none,block30,daily_complete_pollutant_days,pollutant_availability_subset,all_network,MAE,ng m-3,a_minus_b,0.0,0.0,0.0,4308,19,25,station_x_block,20260921,2000,67faf505efd6f0d6bb0b3f597eb172f8146b2effb0c729e07c637195e3ebcb3e
Programme-matched,E_P_MATCHED,E_P|log1p|uniform|permissive|none,block30,daily_complete_pollutant_days,pollutant_availability_subset,all_network,bias,ng m-3,a_minus_b,0.0,0.0,0.0,4308,19,25,station_x_block,20260921,2000,67faf505efd6f0d6bb0b3f597eb172f8146b2effb0c729e07c637195e3ebcb3e
Programme-matched,E_P_MATCHED,E_P|log1p|uniform|permissive|none,block30,daily_complete_pollutant_days,pollutant_availability_subset,nonindustrial,RMSE,ng m-3,a_minus_b,0.0,0.0,0.0,4308,19,25,station_x_block,20260921,2000,67faf505efd6f0d6bb0b3f597eb172f8146b2effb0c729e07c637195e3ebcb3e
Programme-matched,E_P_MATCHED,E_P|log1p|uniform|permissive|none,block30,daily_complete_pollutant_days,pollutant_availability_subset,nonindustrial,MAE,ng m-3,a_minus_b,0.0,0.0,0.0,4308,19,25,station_x_block,20260921,2000,67faf505efd6f0d6bb0b3f597eb172f8146b2effb0c729e07c637195e3ebcb3e
Programme-matched,E_P_MATCHED,E_P|log1p|uniform|permissive|none,block30,daily_complete_pollutant_days,pollutant_availability_subset,nonindustrial,bias,ng m-3,a_minus_b,0.0,0.0,0.0,4308,19,25,station_x_block,20260921,2000,67faf505efd6f0d6bb0b3f597eb172f8146b2effb0c729e07c637195e3ebcb3e
Programme-matched,E_P_MATCHED,E_P|log1p|uniform|permissive|none,block30,daily_complete_pollutant_days,pollutant_availability_subset,nonindustrial_higher,RMSE,ng m-3,a_minus_b,0.0,0.0,0.0,2339,10,25,station_x_block,20260921,2000,534366f7de3dae0bdb8358ad917802203a80c1991867cd2e723a3bcff37b3d6c
Programme-matched,E_P_MATCHED,E_P|log1p|uniform|permissive|none,block30,daily_complete_pollutant_days,pollutant_availability_subset,nonindustrial_higher,MAE,ng m-3,a_minus_b,0.0,0.0,0.0,2339,10,25,station_x_block,20260921,2000,534366f7de3dae0bdb8358ad917802203a80c1991867cd2e723a3bcff37b3d6c
Programme-matched,E_P_MATCHED,E_P|log1p|uniform|permissive|none,block30,daily_complete_pollutant_days,pollutant_availability_subset,nonindustrial_higher,bias,ng m-3,a_minus_b,0.0,0.0,0.0,2339,10,25,station_x_block,20260921,2000,534366f7de3dae0bdb8358ad917802203a80c1991867cd2e723a3bcff37b3d6c
Programme-matched,E_P_MATCHED,E_P|log1p|uniform|permissive|none,block30,daily_complete_pollutant_days,pollutant_availability_subset,nonindustrial_lower,RMSE,ng m-3,a_minus_b,0.0,0.0,0.0,1969,9,25,station_x_block,20260921,2000,0368b43e687ddcdc6346fedbf5a156f1aba1be1fd1ba4380fd3274ff5dae8093
Programme-matched,E_P_MATCHED,E_P|log1p|uniform|permissive|none,block30,daily_complete_pollutant_days,pollutant_availability_subset,nonindustrial_lower,MAE,ng m-3,a_minus_b,0.0,0.0,0.0,1969,9,25,station_x_block,20260921,2000,0368b43e687ddcdc6346fedbf5a156f1aba1be1fd1ba4380fd3274ff5dae8093
Programme-matched,E_P_MATCHED,E_P|log1p|uniform|permissive|none,block30,daily_complete_pollutant_days,pollutant_availability_subset,nonindustrial_lower,bias,ng m-3,a_minus_b,0.0,0.0,0.0,1969,9,25,station_x_block,20260921,2000,0368b43e687ddcdc6346fedbf5a156f1aba1be1fd1ba4380fd3274ff5dae8093
Programme-matched,E_P_MATCHED,E_P|log1p|uniform|permissive|none,block30,daily_incomplete_pollutant_days,pollutant_availability_subset,all_network,RMSE,ng m-3,a_minus_b,-0.0040243964706743185,-0.30165624311859407,0.07489530580589462,781,19,25,station_x_block,20260921,2000,a75d46e1587e47378cd224d3428a99ff7be4ab89de4925dd4d16cf8a0d1c1e7e
Programme-matched,E_P_MATCHED,E_P|log1p|uniform|permissive|none,block30,daily_incomplete_pollutant_days,pollutant_availability_subset,all_network,MAE,ng m-3,a_minus_b,-0.01252891237439191,-0.2087493044355925,0.05746394115398192,781,19,25,station_x_block,20260921,2000,a75d46e1587e47378cd224d3428a99ff7be4ab89de4925dd4d16cf8a0d1c1e7e
Programme-matched,E_P_MATCHED,E_P|log1p|uniform|permissive|none,block30,daily_incomplete_pollutant_days,pollutant_availability_subset,all_network,bias,ng m-3,a_minus_b,-0.040194650425864176,-0.24849470826990047,0.03530996938379305,781,19,25,station_x_block,20260921,2000,a75d46e1587e47378cd224d3428a99ff7be4ab89de4925dd4d16cf8a0d1c1e7e
Programme-matched,E_P_MATCHED,E_P|log1p|uniform|permissive|none,block30,daily_incomplete_pollutant_days,pollutant_availability_subset,nonindustrial,RMSE,ng m-3,a_minus_b,-0.08484983844030947,-0.42305923229018766,0.013594229542592942,544,18,25,station_x_block,20260921,2000,b15751201784f3ba52ed7b95fe535bf1bd6a7ec1b2945af9917f7dc1c7560180
Programme-matched,E_P_MATCHED,E_P|log1p|uniform|permissive|none,block30,daily_incomplete_pollutant_days,pollutant_availability_subset,nonindustrial,MAE,ng m-3,a_minus_b,-0.04533689708529412,-0.3202573128731576,0.002756506221756535,544,18,25,station_x_block,20260921,2000,b15751201784f3ba52ed7b95fe535bf1bd6a7ec1b2945af9917f7dc1c7560180
Programme-matched,E_P_MATCHED,E_P|log1p|uniform|permissive|none,block30,daily_incomplete_pollutant_days,pollutant_availability_subset,nonindustrial,bias,ng m-3,a_minus_b,-0.047203894434926466,-0.3692124139262377,0.014183335947573,544,18,25,station_x_block,20260921,2000,b15751201784f3ba52ed7b95fe535bf1bd6a7ec1b2945af9917f7dc1c7560180
Programme-matched,E_P_MATCHED,E_P|log1p|uniform|permissive|none,block30,daily_incomplete_pollutant_days,pollutant_availability_subset,nonindustrial_higher,RMSE,ng m-3,a_minus_b,-0.32136546072539973,-0.9514199552912841,0.2555829479367225,55,8,12,station_x_block,20260921,2000,8bc742768f84e0cde5fbf4649429eaae5d0031446127da5adde987434322784b
Programme-matched,E_P_MATCHED,E_P|log1p|uniform|permissive|none,block30,daily_incomplete_pollutant_days,pollutant_availability_subset,nonindustrial_higher,MAE,ng m-3,a_minus_b,-0.24360694556363638,-0.6179553113346475,0.12591535285238056,55,8,12,station_x_block,20260921,2000,8bc742768f84e0cde5fbf4649429eaae5d0031446127da5adde987434322784b
Programme-matched,E_P_MATCHED,E_P|log1p|uniform|permissive|none,block30,daily_incomplete_pollutant_days,pollutant_availability_subset,nonindustrial_higher,bias,ng m-3,a_minus_b,-0.31605716076363627,-0.656457823961111,0.08461107126785665,55,8,12,station_x_block,20260921,2000,8bc742768f84e0cde5fbf4649429eaae5d0031446127da5adde987434322784b
Programme-matched,E_P_MATCHED,E_P|log1p|uniform|permissive|none,block30,daily_incomplete_pollutant_days,pollutant_availability_subset,nonindustrial_lower,RMSE,ng m-3,a_minus_b,-0.03439570164083755,-0.40138148639503524,0.0018320010267701488,489,10,25,station_x_block,20260921,2000,3bea97d4042a40fb665f8bdd3eec8d09bb4adce450c662958c3439560b610ceb
Programme-matched,E_P_MATCHED,E_P|log1p|uniform|permissive|none,block30,daily_incomplete_pollutant_days,pollutant_availability_subset,nonindustrial_lower,MAE,ng m-3,a_minus_b,-0.023036584884253558,-0.26509383396473213,0.004223405202719179,489,10,25,station_x_block,20260921,2000,3bea97d4042a40fb665f8bdd3eec8d09bb4adce450c662958c3439560b610ceb
Programme-matched,E_P_MATCHED,E_P|log1p|uniform|permissive|none,block30,daily_incomplete_pollutant_days,pollutant_availability_subset,nonindustrial_lower,bias,ng m-3,a_minus_b,-0.0169647745002045,-0.273605305975,0.02509307907105259,489,10,25,station_x_block,20260921,2000,3bea97d4042a40fb665f8bdd3eec8d09bb4adce450c662958c3439560b610ceb
Programme-matched,E_P_MATCHED,E_P|log1p|uniform|permissive|none,loso,daily,all_expected_targets,all_network,RMSE,ng m-3,a_minus_b,0.02349769863547868,-0.006328701336526088,0.142914594895478,5089,21,1,station,20260921,2000,49422f1082065a9d47ebdfaf52caf564b1c3e1dad3fba927ae8da3a978f385a0
Programme-matched,E_P_MATCHED,E_P|log1p|uniform|permissive|none,loso,daily,all_expected_targets,all_network,MAE,ng m-3,a_minus_b,0.02023087640632104,-0.013172762626505085,0.08163978227256496,5089,21,1,station,20260921,2000,49422f1082065a9d47ebdfaf52caf564b1c3e1dad3fba927ae8da3a978f385a0
Programme-matched,E_P_MATCHED,E_P|log1p|uniform|permissive|none,loso,daily,all_expected_targets,all_network,bias,ng m-3,a_minus_b,0.017821106816316046,-0.021652458942589714,0.08477047244498494,5089,21,1,station,20260921,2000,49422f1082065a9d47ebdfaf52caf564b1c3e1dad3fba927ae8da3a978f385a0
Programme-matched,E_P_MATCHED,E_P|log1p|uniform|permissive|none,loso,daily,all_expected_targets,nonindustrial,RMSE,ng m-3,a_minus_b,0.05308454520583106,-0.007544588726650464,0.18168009589964898,4852,20,1,station,20260921,2000,5d1137882eec8537744050437f9ce1b569790644db3bdcfe69d5597e07b2e781
Programme-matched,E_P_MATCHED,E_P|log1p|uniform|permissive|none,loso,daily,all_expected_targets,nonindustrial,MAE,ng m-3,a_minus_b,0.021104363695747808,-0.01408127689904573,0.0847108850671208,4852,20,1,station,20260921,2000,5d1137882eec8537744050437f9ce1b569790644db3bdcfe69d5597e07b2e781
Programme-matched,E_P_MATCHED,E_P|log1p|uniform|permissive|none,loso,daily,all_expected_targets,nonindustrial,bias,ng m-3,a_minus_b,0.019034853422966194,-0.02194474808828528,0.08860665179038035,4852,20,1,station,20260921,2000,5d1137882eec8537744050437f9ce1b569790644db3bdcfe69d5597e07b2e781
Programme-matched,E_P_MATCHED,E_P|log1p|uniform|permissive|none,loso,daily,all_expected_targets,nonindustrial_higher,RMSE,ng m-3,a_minus_b,-0.002306881661565674,-0.00615241119168968,-0.0002235476984332297,2394,10,1,station,20260921,2000,62f59d22b59dd9d7e2e072c7b3fe63144e2f3e8824a30706c4074510f362197d
Programme-matched,E_P_MATCHED,E_P|log1p|uniform|permissive|none,loso,daily,all_expected_targets,nonindustrial_higher,MAE,ng m-3,a_minus_b,-0.005106610550960733,-0.011632412780407978,-0.0004620306252627661,2394,10,1,station,20260921,2000,62f59d22b59dd9d7e2e072c7b3fe63144e2f3e8824a30706c4074510f362197d
Programme-matched,E_P_MATCHED,E_P|log1p|uniform|permissive|none,loso,daily,all_expected_targets,nonindustrial_higher,bias,ng m-3,a_minus_b,-0.007617305555137843,-0.01492126069998234,-0.00035880774651216447,2394,10,1,station,20260921,2000,62f59d22b59dd9d7e2e072c7b3fe63144e2f3e8824a30706c4074510f362197d
Programme-matched,E_P_MATCHED,E_P|log1p|uniform|permissive|none,loso,daily,all_expected_targets,nonindustrial_lower,RMSE,ng m-3,a_minus_b,0.1783241362284601,-0.02154307466284813,0.43180607132547316,2458,10,1,station,20260921,2000,b29a851546d291a0d2f7dfae9c12846445d0e09a394514e7c02a871b374d99af
Programme-matched,E_P_MATCHED,E_P|log1p|uniform|permissive|none,loso,daily,all_expected_targets,nonindustrial_lower,MAE,ng m-3,a_minus_b,0.046632871566626544,-0.02198749806320262,0.17131131397856153,2458,10,1,station,20260921,2000,b29a851546d291a0d2f7dfae9c12846445d0e09a394514e7c02a871b374d99af
Programme-matched,E_P_MATCHED,E_P|log1p|uniform|permissive|none,loso,daily,all_expected_targets,nonindustrial_lower,bias,ng m-3,a_minus_b,0.0449930587092075,-0.036095043397763836,0.1793426032559604,2458,10,1,station,20260921,2000,b29a851546d291a0d2f7dfae9c12846445d0e09a394514e7c02a871b374d99af
Programme-matched,E_P_MATCHED,E_P|log1p|uniform|permissive|none,loso,station_year_mean,all_sampled_dates,all_network,RMSE,ng m-3,a_minus_b,0.03178913055631272,-0.003622749761315208,0.2051978514087506,42,21,1,station,20260921,2000,a4b83f112a2a39d7bb39c1c70c56f5678dc7ac9449f27af54e02cbafaafd9a52
Programme-matched,E_P_MATCHED,E_P|log1p|uniform|permissive|none,loso,station_year_mean,all_sampled_dates,all_network,MAE,ng m-3,a_minus_b,0.027421531440475766,-0.016308453197233508,0.09973331530065459,42,21,1,station,20260921,2000,a4b83f112a2a39d7bb39c1c70c56f5678dc7ac9449f27af54e02cbafaafd9a52
Programme-matched,E_P_MATCHED,E_P|log1p|uniform|permissive|none,loso,station_year_mean,all_sampled_dates,all_network,bias,ng m-3,a_minus_b,0.021071906134442042,-0.022390594722582497,0.09450021776875568,42,21,1,station,20260921,2000,a4b83f112a2a39d7bb39c1c70c56f5678dc7ac9449f27af54e02cbafaafd9a52
Programme-matched,E_P_MATCHED,E_P|log1p|uniform|permissive|none,loso,station_year_mean,all_sampled_dates,nonindustrial,RMSE,ng m-3,a_minus_b,0.08408676250235564,-0.00644941109774419,0.25113388725718633,40,20,1,station,20260921,2000,75f77a11b57c142012fafa94a0442f20d6ba5eff6db77fdddfbfa204481e78df
Programme-matched,E_P_MATCHED,E_P|log1p|uniform|permissive|none,loso,station_year_mean,all_sampled_dates,nonindustrial,MAE,ng m-3,a_minus_b,0.02844244813226343,-0.016433031042736135,0.10322451668401916,40,20,1,station,20260921,2000,75f77a11b57c142012fafa94a0442f20d6ba5eff6db77fdddfbfa204481e78df
Programme-matched,E_P_MATCHED,E_P|log1p|uniform|permissive|none,loso,station_year_mean,all_sampled_dates,nonindustrial,bias,ng m-3,a_minus_b,0.02247566132140014,-0.022656765546314808,0.09822646578613313,40,20,1,station,20260921,2000,75f77a11b57c142012fafa94a0442f20d6ba5eff6db77fdddfbfa204481e78df
Programme-matched,E_P_MATCHED,E_P|log1p|uniform|permissive|none,loso,station_year_mean,all_sampled_dates,nonindustrial_higher,RMSE,ng m-3,a_minus_b,0.003375254747911227,-0.006381923955245309,0.011322315540035823,20,10,1,station,20260921,2000,54d313e95dc309aa2e8ef845fd41708208c653e62ac636636faccd8f7f1e8a69
Programme-matched,E_P_MATCHED,E_P|log1p|uniform|permissive|none,loso,station_year_mean,all_sampled_dates,nonindustrial_higher,MAE,ng m-3,a_minus_b,0.0014855948169185673,-0.007185057585564115,0.009761008966547224,20,10,1,station,20260921,2000,54d313e95dc309aa2e8ef845fd41708208c653e62ac636636faccd8f7f1e8a69
Programme-matched,E_P_MATCHED,E_P|log1p|uniform|permissive|none,loso,station_year_mean,all_sampled_dates,nonindustrial_higher,bias,ng m-3,a_minus_b,-0.007630749306415191,-0.015325558602153717,-0.00039621600294676985,20,10,1,station,20260921,2000,54d313e95dc309aa2e8ef845fd41708208c653e62ac636636faccd8f7f1e8a69
Programme-matched,E_P_MATCHED,E_P|log1p|uniform|permissive|none,loso,station_year_mean,all_sampled_dates,nonindustrial_lower,RMSE,ng m-3,a_minus_b,0.23698391755495007,-0.0256989911380621,0.48877087912360084,20,10,1,station,20260921,2000,670d7f6c2b4a419dd7125e6759a5a484d1cc22269df900a9e6b8100ba467cbdc
Programme-matched,E_P_MATCHED,E_P|log1p|uniform|permissive|none,loso,station_year_mean,all_sampled_dates,nonindustrial_lower,MAE,ng m-3,a_minus_b,0.05539930144760835,-0.0361129679349394,0.20562726510708196,20,10,1,station,20260921,2000,670d7f6c2b4a419dd7125e6759a5a484d1cc22269df900a9e6b8100ba467cbdc
Programme-matched,E_P_MATCHED,E_P|log1p|uniform|permissive|none,loso,station_year_mean,all_sampled_dates,nonindustrial_lower,bias,ng m-3,a_minus_b,0.052582071949215575,-0.0388569192278412,0.202810035608689,20,10,1,station,20260921,2000,670d7f6c2b4a419dd7125e6759a5a484d1cc22269df900a9e6b8100ba467cbdc
Programme-matched,E_P_MATCHED,E_P|log1p|uniform|permissive|none,loso,daily_complete_pollutant_days,pollutant_availability_subset,all_network,RMSE,ng m-3,a_minus_b,0.0,0.0,0.0,4308,19,1,station,20260921,2000,67faf505efd6f0d6bb0b3f597eb172f8146b2effb0c729e07c637195e3ebcb3e
Programme-matched,E_P_MATCHED,E_P|log1p|uniform|permissive|none,loso,daily_complete_pollutant_days,pollutant_availability_subset,all_network,MAE,ng m-3,a_minus_b,0.0,0.0,0.0,4308,19,1,station,20260921,2000,67faf505efd6f0d6bb0b3f597eb172f8146b2effb0c729e07c637195e3ebcb3e
Programme-matched,E_P_MATCHED,E_P|log1p|uniform|permissive|none,loso,daily_complete_pollutant_days,pollutant_availability_subset,all_network,bias,ng m-3,a_minus_b,0.0,0.0,0.0,4308,19,1,station,20260921,2000,67faf505efd6f0d6bb0b3f597eb172f8146b2effb0c729e07c637195e3ebcb3e
Programme-matched,E_P_MATCHED,E_P|log1p|uniform|permissive|none,loso,daily_complete_pollutant_days,pollutant_availability_subset,nonindustrial,RMSE,ng m-3,a_minus_b,0.0,0.0,0.0,4308,19,1,station,20260921,2000,67faf505efd6f0d6bb0b3f597eb172f8146b2effb0c729e07c637195e3ebcb3e
Programme-matched,E_P_MATCHED,E_P|log1p|uniform|permissive|none,loso,daily_complete_pollutant_days,pollutant_availability_subset,nonindustrial,MAE,ng m-3,a_minus_b,0.0,0.0,0.0,4308,19,1,station,20260921,2000,67faf505efd6f0d6bb0b3f597eb172f8146b2effb0c729e07c637195e3ebcb3e
Programme-matched,E_P_MATCHED,E_P|log1p|uniform|permissive|none,loso,daily_complete_pollutant_days,pollutant_availability_subset,nonindustrial,bias,ng m-3,a_minus_b,0.0,0.0,0.0,4308,19,1,station,20260921,2000,67faf505efd6f0d6bb0b3f597eb172f8146b2effb0c729e07c637195e3ebcb3e
Programme-matched,E_P_MATCHED,E_P|log1p|uniform|permissive|none,loso,daily_complete_pollutant_days,pollutant_availability_subset,nonindustrial_higher,RMSE,ng m-3,a_minus_b,0.0,0.0,0.0,2339,10,1,station,20260921,2000,534366f7de3dae0bdb8358ad917802203a80c1991867cd2e723a3bcff37b3d6c
Programme-matched,E_P_MATCHED,E_P|log1p|uniform|permissive|none,loso,daily_complete_pollutant_days,pollutant_availability_subset,nonindustrial_higher,MAE,ng m-3,a_minus_b,0.0,0.0,0.0,2339,10,1,station,20260921,2000,534366f7de3dae0bdb8358ad917802203a80c1991867cd2e723a3bcff37b3d6c
Programme-matched,E_P_MATCHED,E_P|log1p|uniform|permissive|none,loso,daily_complete_pollutant_days,pollutant_availability_subset,nonindustrial_higher,bias,ng m-3,a_minus_b,0.0,0.0,0.0,2339,10,1,station,20260921,2000,534366f7de3dae0bdb8358ad917802203a80c1991867cd2e723a3bcff37b3d6c
Programme-matched,E_P_MATCHED,E_P|log1p|uniform|permissive|none,loso,daily_complete_pollutant_days,pollutant_availability_subset,nonindustrial_lower,RMSE,ng m-3,a_minus_b,0.0,0.0,0.0,1969,9,1,station,20260921,2000,0368b43e687ddcdc6346fedbf5a156f1aba1be1fd1ba4380fd3274ff5dae8093
Programme-matched,E_P_MATCHED,E_P|log1p|uniform|permissive|none,loso,daily_complete_pollutant_days,pollutant_availability_subset,nonindustrial_lower,MAE,ng m-3,a_minus_b,0.0,0.0,0.0,1969,9,1,station,20260921,2000,0368b43e687ddcdc6346fedbf5a156f1aba1be1fd1ba4380fd3274ff5dae8093
Programme-matched,E_P_MATCHED,E_P|log1p|uniform|permissive|none,loso,daily_complete_pollutant_days,pollutant_availability_subset,nonindustrial_lower,bias,ng m-3,a_minus_b,0.0,0.0,0.0,1969,9,1,station,20260921,2000,0368b43e687ddcdc6346fedbf5a156f1aba1be1fd1ba4380fd3274ff5dae8093
Programme-matched,E_P_MATCHED,E_P|log1p|uniform|permissive|none,loso,daily_incomplete_pollutant_days,pollutant_availability_subset,all_network,RMSE,ng m-3,a_minus_b,0.06778391511367587,-0.17291505428793588,0.8274055210050686,781,19,1,station,20260921,2000,a75d46e1587e47378cd224d3428a99ff7be4ab89de4925dd4d16cf8a0d1c1e7e
Programme-matched,E_P_MATCHED,E_P|log1p|uniform|permissive|none,loso,daily_incomplete_pollutant_days,pollutant_availability_subset,all_network,MAE,ng m-3,a_minus_b,0.13182449427883247,-0.2063841374375,0.49050952854581137,781,19,1,station,20260921,2000,a75d46e1587e47378cd224d3428a99ff7be4ab89de4925dd4d16cf8a0d1c1e7e
Programme-matched,E_P_MATCHED,E_P|log1p|uniform|permissive|none,loso,daily_incomplete_pollutant_days,pollutant_availability_subset,all_network,bias,ng m-3,a_minus_b,0.11612242328838929,-0.2482692651577272,0.5178101541349701,781,19,1,station,20260921,2000,a75d46e1587e47378cd224d3428a99ff7be4ab89de4925dd4d16cf8a0d1c1e7e
Programme-matched,E_P_MATCHED,E_P|log1p|uniform|permissive|none,loso,daily_incomplete_pollutant_days,pollutant_availability_subset,nonindustrial,RMSE,ng m-3,a_minus_b,0.503781301185129,-0.21931495975451537,0.8910901071247022,544,18,1,station,20260921,2000,b15751201784f3ba52ed7b95fe535bf1bd6a7ec1b2945af9917f7dc1c7560180
Programme-matched,E_P_MATCHED,E_P|log1p|uniform|permissive|none,loso,daily_incomplete_pollutant_days,pollutant_availability_subset,nonindustrial,MAE,ng m-3,a_minus_b,0.18823230266869118,-0.2515743197508411,0.5616190750707326,544,18,1,station,20260921,2000,b15751201784f3ba52ed7b95fe535bf1bd6a7ec1b2945af9917f7dc1c7560180
Programme-matched,E_P_MATCHED,E_P|log1p|uniform|permissive|none,loso,daily_incomplete_pollutant_days,pollutant_availability_subset,nonindustrial,bias,ng m-3,a_minus_b,0.16977409707395585,-0.30979695086097414,0.5870475467800595,544,18,1,station,20260921,2000,b15751201784f3ba52ed7b95fe535bf1bd6a7ec1b2945af9917f7dc1c7560180
Programme-matched,E_P_MATCHED,E_P|log1p|uniform|permissive|none,loso,daily_incomplete_pollutant_days,pollutant_availability_subset,nonindustrial_higher,RMSE,ng m-3,a_minus_b,-0.14240749508614736,-0.22669214973226276,-0.03128647370446476,55,8,1,station,20260921,2000,8bc742768f84e0cde5fbf4649429eaae5d0031446127da5adde987434322784b
Programme-matched,E_P_MATCHED,E_P|log1p|uniform|permissive|none,loso,daily_incomplete_pollutant_days,pollutant_availability_subset,nonindustrial_higher,MAE,ng m-3,a_minus_b,-0.22227683016363636,-0.33428402417941616,-0.0482294005640625,55,8,1,station,20260921,2000,8bc742768f84e0cde5fbf4649429eaae5d0031446127da5adde987434322784b
Programme-matched,E_P_MATCHED,E_P|log1p|uniform|permissive|none,loso,daily_incomplete_pollutant_days,pollutant_availability_subset,nonindustrial_higher,bias,ng m-3,a_minus_b,-0.33156053634545457,-0.48531114604375,-0.11005554049167231,55,8,1,station,20260921,2000,8bc742768f84e0cde5fbf4649429eaae5d0031446127da5adde987434322784b
Programme-matched,E_P_MATCHED,E_P|log1p|uniform|permissive|none,loso,daily_incomplete_pollutant_days,pollutant_availability_subset,nonindustrial_lower,RMSE,ng m-3,a_minus_b,0.5779415266012503,-0.37058489447071746,0.9592307657720309,489,10,1,station,20260921,2000,3bea97d4042a40fb665f8bdd3eec8d09bb4adce450c662958c3439560b610ceb
Programme-matched,E_P_MATCHED,E_P|log1p|uniform|permissive|none,loso,daily_incomplete_pollutant_days,pollutant_availability_subset,nonindustrial_lower,MAE,ng m-3,a_minus_b,0.23440408652508793,-0.23291354119979027,0.6295070060264844,489,10,1,station,20260921,2000,3bea97d4042a40fb665f8bdd3eec8d09bb4adce450c662958c3439560b610ceb
Programme-matched,E_P_MATCHED,E_P|log1p|uniform|permissive|none,loso,daily_incomplete_pollutant_days,pollutant_availability_subset,nonindustrial_lower,bias,ng m-3,a_minus_b,0.22616142803114928,-0.21809142431415737,0.6688361033472329,489,10,1,station,20260921,2000,3bea97d4042a40fb665f8bdd3eec8d09bb4adce450c662958c3439560b610ceb
Support,E_P_500M,E_P|log1p|uniform|permissive|none,block30,daily,all_expected_targets,all_network,RMSE,ng m-3,a_minus_b,0.0008613039473301942,-0.0356472842181265,0.037191142713359014,5089,21,25,station_x_block,20260921,2000,49422f1082065a9d47ebdfaf52caf564b1c3e1dad3fba927ae8da3a978f385a0
Support,E_P_500M,E_P|log1p|uniform|permissive|none,block30,daily,all_expected_targets,all_network,MAE,ng m-3,a_minus_b,-0.0021110939023855635,-0.018271971052060264,0.013171233837353483,5089,21,25,station_x_block,20260921,2000,49422f1082065a9d47ebdfaf52caf564b1c3e1dad3fba927ae8da3a978f385a0
Support,E_P_500M,E_P|log1p|uniform|permissive|none,block30,daily,all_expected_targets,all_network,bias,ng m-3,a_minus_b,0.002529631436596569,-0.02560771206933604,0.0364848247047339,5089,21,25,station_x_block,20260921,2000,49422f1082065a9d47ebdfaf52caf564b1c3e1dad3fba927ae8da3a978f385a0
Support,E_P_500M,E_P|log1p|uniform|permissive|none,block30,daily,all_expected_targets,nonindustrial,RMSE,ng m-3,a_minus_b,-0.0061042543995778464,-0.04020366503417572,0.0313083124711372,4852,20,25,station_x_block,20260921,2000,5d1137882eec8537744050437f9ce1b569790644db3bdcfe69d5597e07b2e781
Support,E_P_500M,E_P|log1p|uniform|permissive|none,block30,daily,all_expected_targets,nonindustrial,MAE,ng m-3,a_minus_b,-0.0035223331099010213,-0.017674366251978046,0.010326507022636886,4852,20,25,station_x_block,20260921,2000,5d1137882eec8537744050437f9ce1b569790644db3bdcfe69d5597e07b2e781
Support,E_P_500M,E_P|log1p|uniform|permissive|none,block30,daily,all_expected_targets,nonindustrial,bias,ng m-3,a_minus_b,8.924439835944313e-05,-0.029563783935538768,0.0278909429866814,4852,20,25,station_x_block,20260921,2000,5d1137882eec8537744050437f9ce1b569790644db3bdcfe69d5597e07b2e781
Support,E_P_500M,E_P|log1p|uniform|permissive|none,block30,daily,all_expected_targets,nonindustrial_higher,RMSE,ng m-3,a_minus_b,-0.009788018046329783,-0.06063061910743751,0.04551361054667322,2394,10,25,station_x_block,20260921,2000,62f59d22b59dd9d7e2e072c7b3fe63144e2f3e8824a30706c4074510f362197d
Support,E_P_500M,E_P|log1p|uniform|permissive|none,block30,daily,all_expected_targets,nonindustrial_higher,MAE,ng m-3,a_minus_b,-0.009591731989765984,-0.03302379169340728,0.013507909422319353,2394,10,25,station_x_block,20260921,2000,62f59d22b59dd9d7e2e072c7b3fe63144e2f3e8824a30706c4074510f362197d
Support,E_P_500M,E_P|log1p|uniform|permissive|none,block30,daily,all_expected_targets,nonindustrial_higher,bias,ng m-3,a_minus_b,0.009370064821846276,-0.04646229975855412,0.06312620433999255,2394,10,25,station_x_block,20260921,2000,62f59d22b59dd9d7e2e072c7b3fe63144e2f3e8824a30706c4074510f362197d
Support,E_P_500M,E_P|log1p|uniform|permissive|none,block30,daily,all_expected_targets,nonindustrial_lower,RMSE,ng m-3,a_minus_b,0.0010213121757498556,-0.022668607146024117,0.02847159637944658,2458,10,25,station_x_block,20260921,2000,b29a851546d291a0d2f7dfae9c12846445d0e09a394514e7c02a871b374d99af
Support,E_P_500M,E_P|log1p|uniform|permissive|none,block30,daily,all_expected_targets,nonindustrial_lower,MAE,ng m-3,a_minus_b,0.002389034228746978,-0.009168864115711743,0.01491454232371099,2458,10,25,station_x_block,20260921,2000,b29a851546d291a0d2f7dfae9c12846445d0e09a394514e7c02a871b374d99af
Support,E_P_500M,E_P|log1p|uniform|permissive|none,block30,daily,all_expected_targets,nonindustrial_lower,bias,ng m-3,a_minus_b,-0.008949927324109031,-0.032771773290598376,0.009497908788491695,2458,10,25,station_x_block,20260921,2000,b29a851546d291a0d2f7dfae9c12846445d0e09a394514e7c02a871b374d99af
Support,E_P_500M,E_P|log1p|uniform|permissive|none,block30,station_year_mean,all_sampled_dates,all_network,RMSE,ng m-3,a_minus_b,-0.013900967559750566,-0.02516697533804764,0.002395781627155247,42,21,1,station,20260921,2000,a4b83f112a2a39d7bb39c1c70c56f5678dc7ac9449f27af54e02cbafaafd9a52
Support,E_P_500M,E_P|log1p|uniform|permissive|none,block30,station_year_mean,all_sampled_dates,all_network,MAE,ng m-3,a_minus_b,-0.011680975176733555,-0.025835169507588095,0.0013518253600359814,42,21,1,station,20260921,2000,a4b83f112a2a39d7bb39c1c70c56f5678dc7ac9449f27af54e02cbafaafd9a52
Support,E_P_500M,E_P|log1p|uniform|permissive|none,block30,station_year_mean,all_sampled_dates,all_network,bias,ng m-3,a_minus_b,0.0031655875246977966,-0.019781468585422388,0.025877521681760152,42,21,1,station,20260921,2000,a4b83f112a2a39d7bb39c1c70c56f5678dc7ac9449f27af54e02cbafaafd9a52
Support,E_P_500M,E_P|log1p|uniform|permissive|none,block30,station_year_mean,all_sampled_dates,nonindustrial,RMSE,ng m-3,a_minus_b,-0.009963914513217847,-0.02764366969272535,0.007421842359002743,40,20,1,station,20260921,2000,75f77a11b57c142012fafa94a0442f20d6ba5eff6db77fdddfbfa204481e78df
Support,E_P_500M,E_P|log1p|uniform|permissive|none,block30,station_year_mean,all_sampled_dates,nonindustrial,MAE,ng m-3,a_minus_b,-0.009653913845750386,-0.024523444170726435,0.0033224854018094182,40,20,1,station,20260921,2000,75f77a11b57c142012fafa94a0442f20d6ba5eff6db77fdddfbfa204481e78df
Support,E_P_500M,E_P|log1p|uniform|permissive|none,block30,station_year_mean,all_sampled_dates,nonindustrial,bias,ng m-3,a_minus_b,0.0007127568111128316,-0.023339326695331706,0.024291422351904773,40,20,1,station,20260921,2000,75f77a11b57c142012fafa94a0442f20d6ba5eff6db77fdddfbfa204481e78df
Support,E_P_500M,E_P|log1p|uniform|permissive|none,block30,station_year_mean,all_sampled_dates,nonindustrial_higher,RMSE,ng m-3,a_minus_b,-0.019336915106814304,-0.04593298080975934,0.007002081714168404,20,10,1,station,20260921,2000,54d313e95dc309aa2e8ef845fd41708208c653e62ac636636faccd8f7f1e8a69
Support,E_P_500M,E_P|log1p|uniform|permissive|none,block30,station_year_mean,all_sampled_dates,nonindustrial_higher,MAE,ng m-3,a_minus_b,-0.020786425901109573,-0.04536563927789028,0.0030630421813845877,20,10,1,station,20260921,2000,54d313e95dc309aa2e8ef845fd41708208c653e62ac636636faccd8f7f1e8a69
Support,E_P_500M,E_P|log1p|uniform|permissive|none,block30,station_year_mean,all_sampled_dates,nonindustrial_higher,bias,ng m-3,a_minus_b,0.011493420834219649,-0.032891281872888777,0.053215348072598416,20,10,1,station,20260921,2000,54d313e95dc309aa2e8ef845fd41708208c653e62ac636636faccd8f7f1e8a69
Support,E_P_500M,E_P|log1p|uniform|permissive|none,block30,station_year_mean,all_sampled_dates,nonindustrial_lower,RMSE,ng m-3,a_minus_b,0.004982716092103004,-0.0037528919233269058,0.01339979095978704,20,10,1,station,20260921,2000,670d7f6c2b4a419dd7125e6759a5a484d1cc22269df900a9e6b8100ba467cbdc
Support,E_P_500M,E_P|log1p|uniform|permissive|none,block30,station_year_mean,all_sampled_dates,nonindustrial_lower,MAE,ng m-3,a_minus_b,0.0014785982096087516,-0.008093408510654817,0.010625566039223494,20,10,1,station,20260921,2000,670d7f6c2b4a419dd7125e6759a5a484d1cc22269df900a9e6b8100ba467cbdc
Support,E_P_500M,E_P|log1p|uniform|permissive|none,block30,station_year_mean,all_sampled_dates,nonindustrial_lower,bias,ng m-3,a_minus_b,-0.010067907211993982,-0.027077063519750318,0.007137613487966147,20,10,1,station,20260921,2000,670d7f6c2b4a419dd7125e6759a5a484d1cc22269df900a9e6b8100ba467cbdc
Support,E_P_500M,E_P|log1p|uniform|permissive|none,loso,daily,all_expected_targets,all_network,RMSE,ng m-3,a_minus_b,-0.05397816948005962,-0.32936363752364517,0.0685465708964129,5089,21,1,station,20260921,2000,49422f1082065a9d47ebdfaf52caf564b1c3e1dad3fba927ae8da3a978f385a0
Support,E_P_500M,E_P|log1p|uniform|permissive|none,loso,daily,all_expected_targets,all_network,MAE,ng m-3,a_minus_b,-0.02704680227416223,-0.11915719480495289,0.04913391947725078,5089,21,1,station,20260921,2000,49422f1082065a9d47ebdfaf52caf564b1c3e1dad3fba927ae8da3a978f385a0
Support,E_P_500M,E_P|log1p|uniform|permissive|none,loso,daily,all_expected_targets,all_network,bias,ng m-3,a_minus_b,0.027128430719947333,-0.10974772444409842,0.1770371359417976,5089,21,1,station,20260921,2000,49422f1082065a9d47ebdfaf52caf564b1c3e1dad3fba927ae8da3a978f385a0
Support,E_P_500M,E_P|log1p|uniform|permissive|none,loso,daily,all_expected_targets,nonindustrial,RMSE,ng m-3,a_minus_b,-0.13450235536850008,-0.39391801577367996,0.10928692851369214,4852,20,1,station,20260921,2000,5d1137882eec8537744050437f9ce1b569790644db3bdcfe69d5597e07b2e781
Support,E_P_500M,E_P|log1p|uniform|permissive|none,loso,daily,all_expected_targets,nonindustrial,MAE,ng m-3,a_minus_b,-0.029538270260927812,-0.12458735797075393,0.04701765569952392,4852,20,1,station,20260921,2000,5d1137882eec8537744050437f9ce1b569790644db3bdcfe69d5597e07b2e781
Support,E_P_500M,E_P|log1p|uniform|permissive|none,loso,daily,all_expected_targets,nonindustrial,bias,ng m-3,a_minus_b,0.02964303989007048,-0.11728308275673618,0.1918431328496064,4852,20,1,station,20260921,2000,5d1137882eec8537744050437f9ce1b569790644db3bdcfe69d5597e07b2e781
Support,E_P_500M,E_P|log1p|uniform|permissive|none,loso,daily,all_expected_targets,nonindustrial_higher,RMSE,ng m-3,a_minus_b,-0.24231461247280972,-0.6144742367675984,0.12815327873578314,2394,10,1,station,20260921,2000,62f59d22b59dd9d7e2e072c7b3fe63144e2f3e8824a30706c4074510f362197d
Support,E_P_500M,E_P|log1p|uniform|permissive|none,loso,daily,all_expected_targets,nonindustrial_higher,MAE,ng m-3,a_minus_b,-0.0977765472811194,-0.2572273209602705,0.0388008519055388,2394,10,1,station,20260921,2000,62f59d22b59dd9d7e2e072c7b3fe63144e2f3e8824a30706c4074510f362197d
Support,E_P_500M,E_P|log1p|uniform|permissive|none,loso,daily,all_expected_targets,nonindustrial_higher,bias,ng m-3,a_minus_b,0.07134311194444443,-0.20153616593582388,0.369729220515349,2394,10,1,station,20260921,2000,62f59d22b59dd9d7e2e072c7b3fe63144e2f3e8824a30706c4074510f362197d
Support,E_P_500M,E_P|log1p|uniform|permissive|none,loso,daily,all_expected_targets,nonindustrial_lower,RMSE,ng m-3,a_minus_b,0.06200207746097541,-0.0387183156741592,0.1633378705431512,2458,10,1,station,20260921,2000,b29a851546d291a0d2f7dfae9c12846445d0e09a394514e7c02a871b374d99af
Support,E_P_500M,E_P|log1p|uniform|permissive|none,loso,daily,all_expected_targets,nonindustrial_lower,MAE,ng m-3,a_minus_b,0.03692325747964931,-0.022468742954228342,0.10572747811964864,2458,10,1,station,20260921,2000,b29a851546d291a0d2f7dfae9c12846445d0e09a394514e7c02a871b374d99af
Support,E_P_500M,E_P|log1p|uniform|permissive|none,loso,daily,all_expected_targets,nonindustrial_lower,bias,ng m-3,a_minus_b,-0.010971269507069947,-0.11880971355232295,0.09259137296695594,2458,10,1,station,20260921,2000,b29a851546d291a0d2f7dfae9c12846445d0e09a394514e7c02a871b374d99af
Support,E_P_500M,E_P|log1p|uniform|permissive|none,loso,station_year_mean,all_sampled_dates,all_network,RMSE,ng m-3,a_minus_b,-0.030024662165223814,-0.2623632891096006,0.04838088646864496,42,21,1,station,20260921,2000,a4b83f112a2a39d7bb39c1c70c56f5678dc7ac9449f27af54e02cbafaafd9a52
Support,E_P_500M,E_P|log1p|uniform|permissive|none,loso,station_year_mean,all_sampled_dates,all_network,MAE,ng m-3,a_minus_b,-0.04214265201233158,-0.18672296048064368,0.07762731185286413,42,21,1,station,20260921,2000,a4b83f112a2a39d7bb39c1c70c56f5678dc7ac9449f27af54e02cbafaafd9a52
Support,E_P_500M,E_P|log1p|uniform|permissive|none,loso,station_year_mean,all_sampled_dates,all_network,bias,ng m-3,a_minus_b,0.022888913931768007,-0.1168379212502972,0.17465345255464895,42,21,1,station,20260921,2000,a4b83f112a2a39d7bb39c1c70c56f5678dc7ac9449f27af54e02cbafaafd9a52
Support,E_P_500M,E_P|log1p|uniform|permissive|none,loso,station_year_mean,all_sampled_dates,nonindustrial,RMSE,ng m-3,a_minus_b,-0.12115860607788059,-0.3146443175378434,0.09361865471932986,40,20,1,station,20260921,2000,75f77a11b57c142012fafa94a0442f20d6ba5eff6db77fdddfbfa204481e78df
Support,E_P_500M,E_P|log1p|uniform|permissive|none,loso,station_year_mean,all_sampled_dates,nonindustrial,MAE,ng m-3,a_minus_b,-0.04546690642438028,-0.19758488825221276,0.0784307271177356,40,20,1,station,20260921,2000,75f77a11b57c142012fafa94a0442f20d6ba5eff6db77fdddfbfa204481e78df
Support,E_P_500M,E_P|log1p|uniform|permissive|none,loso,station_year_mean,all_sampled_dates,nonindustrial,bias,ng m-3,a_minus_b,0.025250481439788586,-0.12698486993404548,0.18805698493808362,40,20,1,station,20260921,2000,75f77a11b57c142012fafa94a0442f20d6ba5eff6db77fdddfbfa204481e78df
Support,E_P_500M,E_P|log1p|uniform|permissive|none,loso,station_year_mean,all_sampled_dates,nonindustrial_higher,RMSE,ng m-3,a_minus_b,-0.24250541148501192,-0.5087580112046768,0.0940751778338358,20,10,1,station,20260921,2000,54d313e95dc309aa2e8ef845fd41708208c653e62ac636636faccd8f7f1e8a69
Support,E_P_500M,E_P|log1p|uniform|permissive|none,loso,station_year_mean,all_sampled_dates,nonindustrial_higher,MAE,ng m-3,a_minus_b,-0.12945492927165853,-0.4085076326194196,0.11775683921011273,20,10,1,station,20260921,2000,54d313e95dc309aa2e8ef845fd41708208c653e62ac636636faccd8f7f1e8a69
Support,E_P_500M,E_P|log1p|uniform|permissive|none,loso,station_year_mean,all_sampled_dates,nonindustrial_higher,bias,ng m-3,a_minus_b,0.0672582667991159,-0.2100088171808381,0.37329366874605946,20,10,1,station,20260921,2000,54d313e95dc309aa2e8ef845fd41708208c653e62ac636636faccd8f7f1e8a69
Support,E_P_500M,E_P|log1p|uniform|permissive|none,loso,station_year_mean,all_sampled_dates,nonindustrial_lower,RMSE,ng m-3,a_minus_b,0.07900290976694485,-0.01990825561411423,0.15513921910715164,20,10,1,station,20260921,2000,670d7f6c2b4a419dd7125e6759a5a484d1cc22269df900a9e6b8100ba467cbdc
Support,E_P_500M,E_P|log1p|uniform|permissive|none,loso,station_year_mean,all_sampled_dates,nonindustrial_lower,MAE,ng m-3,a_minus_b,0.0385211164228981,-0.02720645052149723,0.1127212726907027,20,10,1,station,20260921,2000,670d7f6c2b4a419dd7125e6759a5a484d1cc22269df900a9e6b8100ba467cbdc
Support,E_P_500M,E_P|log1p|uniform|permissive|none,loso,station_year_mean,all_sampled_dates,nonindustrial_lower,bias,ng m-3,a_minus_b,-0.01675730391953867,-0.11952667577076934,0.08979470759595017,20,10,1,station,20260921,2000,670d7f6c2b4a419dd7125e6759a5a484d1cc22269df900a9e6b8100ba467cbdc
Stress,E_P|log1p|uniform|permissive|none,E|log1p|uniform|permissive|none,year_out,daily,all_expected_targets,all_network,RMSE,ng m-3,a_minus_b,-0.24399891140127572,-0.39986175704746707,-0.1686918919526531,5089,21,1,station,20260921,2000,49422f1082065a9d47ebdfaf52caf564b1c3e1dad3fba927ae8da3a978f385a0
Stress,E_P|log1p|uniform|permissive|none,E|log1p|uniform|permissive|none,year_out,daily,all_expected_targets,all_network,MAE,ng m-3,a_minus_b,-0.10713943385529778,-0.16156807533124604,-0.05275667997118897,5089,21,1,station,20260921,2000,49422f1082065a9d47ebdfaf52caf564b1c3e1dad3fba927ae8da3a978f385a0
Stress,E_P|log1p|uniform|permissive|none,E|log1p|uniform|permissive|none,year_out,daily,all_expected_targets,all_network,bias,ng m-3,a_minus_b,0.1150660051931637,0.05869250047338778,0.17734278474623733,5089,21,1,station,20260921,2000,49422f1082065a9d47ebdfaf52caf564b1c3e1dad3fba927ae8da3a978f385a0
Stress,E_P|log1p|uniform|permissive|none,E|log1p|uniform|permissive|none,year_out,daily,all_expected_targets,nonindustrial,RMSE,ng m-3,a_minus_b,-0.3163257680683089,-0.42695598851686956,-0.1934047512736928,4852,20,1,station,20260921,2000,5d1137882eec8537744050437f9ce1b569790644db3bdcfe69d5597e07b2e781
Stress,E_P|log1p|uniform|permissive|none,E|log1p|uniform|permissive|none,year_out,daily,all_expected_targets,nonindustrial,MAE,ng m-3,a_minus_b,-0.10077904017304412,-0.15470685628605516,-0.04605719035850232,4852,20,1,station,20260921,2000,5d1137882eec8537744050437f9ce1b569790644db3bdcfe69d5597e07b2e781
Stress,E_P|log1p|uniform|permissive|none,E|log1p|uniform|permissive|none,year_out,daily,all_expected_targets,nonindustrial,bias,ng m-3,a_minus_b,0.08954420903091714,0.049916401039752735,0.1316152735185061,4852,20,1,station,20260921,2000,5d1137882eec8537744050437f9ce1b569790644db3bdcfe69d5597e07b2e781
Stress,E_P|log1p|uniform|permissive|none,E|log1p|uniform|permissive|none,year_out,daily,all_expected_targets,nonindustrial_higher,RMSE,ng m-3,a_minus_b,-0.4741962609094179,-0.5764922808798348,-0.3630597952880051,2394,10,1,station,20260921,2000,62f59d22b59dd9d7e2e072c7b3fe63144e2f3e8824a30706c4074510f362197d
Stress,E_P|log1p|uniform|permissive|none,E|log1p|uniform|permissive|none,year_out,daily,all_expected_targets,nonindustrial_higher,MAE,ng m-3,a_minus_b,-0.2020979443648705,-0.24759683330135954,-0.15707702968383183,2394,10,1,station,20260921,2000,62f59d22b59dd9d7e2e072c7b3fe63144e2f3e8824a30706c4074510f362197d
Stress,E_P|log1p|uniform|permissive|none,E|log1p|uniform|permissive|none,year_out,daily,all_expected_targets,nonindustrial_higher,bias,ng m-3,a_minus_b,0.14453426705785294,0.10318432420834069,0.18690457594245619,2394,10,1,station,20260921,2000,62f59d22b59dd9d7e2e072c7b3fe63144e2f3e8824a30706c4074510f362197d
Stress,E_P|log1p|uniform|permissive|none,E|log1p|uniform|permissive|none,year_out,daily,all_expected_targets,nonindustrial_lower,RMSE,ng m-3,a_minus_b,-0.01920492961606579,-0.10965003564296372,0.08575347800612548,2458,10,1,station,20260921,2000,b29a851546d291a0d2f7dfae9c12846445d0e09a394514e7c02a871b374d99af
Stress,E_P|log1p|uniform|permissive|none,E|log1p|uniform|permissive|none,year_out,daily,all_expected_targets,nonindustrial_lower,MAE,ng m-3,a_minus_b,-0.0020982197356021193,-0.04749757789363357,0.06011023548179704,2458,10,1,station,20260921,2000,b29a851546d291a0d2f7dfae9c12846445d0e09a394514e7c02a871b374d99af
Stress,E_P|log1p|uniform|permissive|none,E|log1p|uniform|permissive|none,year_out,daily,all_expected_targets,nonindustrial_lower,bias,ng m-3,a_minus_b,0.03598595072478031,0.0009405543292815427,0.08336535139822115,2458,10,1,station,20260921,2000,b29a851546d291a0d2f7dfae9c12846445d0e09a394514e7c02a871b374d99af
Stress,E_P|log1p|uniform|permissive|none,E|log1p|uniform|permissive|none,season_year_out,daily,all_expected_targets,all_network,RMSE,ng m-3,a_minus_b,-0.2773728975904537,-0.3656626064504792,-0.17920182370464022,4975,21,1,station,20260921,2000,19a35dd1186b26b49235083be6f112b8c39c7e2e0145c1c965df4079bcf9eade
Stress,E_P|log1p|uniform|permissive|none,E|log1p|uniform|permissive|none,season_year_out,daily,all_expected_targets,all_network,MAE,ng m-3,a_minus_b,-0.09600718868408037,-0.1441238865006565,-0.05109256363855135,4975,21,1,station,20260921,2000,19a35dd1186b26b49235083be6f112b8c39c7e2e0145c1c965df4079bcf9eade
Stress,E_P|log1p|uniform|permissive|none,E|log1p|uniform|permissive|none,season_year_out,daily,all_expected_targets,all_network,bias,ng m-3,a_minus_b,0.07711797939435176,0.04723692204129859,0.1091873019405842,4975,21,1,station,20260921,2000,19a35dd1186b26b49235083be6f112b8c39c7e2e0145c1c965df4079bcf9eade
Stress,E_P|log1p|uniform|permissive|none,E|log1p|uniform|permissive|none,season_year_out,daily,all_expected_targets,nonindustrial,RMSE,ng m-3,a_minus_b,-0.25519261349096134,-0.33979125258759235,-0.16128933340048063,4748,20,1,station,20260921,2000,611ef75b58f8b3b6afbd585a0257e961a96926f46d6d389a1386ad2770fd3d16
Stress,E_P|log1p|uniform|permissive|none,E|log1p|uniform|permissive|none,season_year_out,daily,all_expected_targets,nonindustrial,MAE,ng m-3,a_minus_b,-0.0822315422226832,-0.12317657059046029,-0.04636998279005272,4748,20,1,station,20260921,2000,611ef75b58f8b3b6afbd585a0257e961a96926f46d6d389a1386ad2770fd3d16
Stress,E_P|log1p|uniform|permissive|none,E|log1p|uniform|permissive|none,season_year_out,daily,all_expected_targets,nonindustrial,bias,ng m-3,a_minus_b,0.06657577701703876,0.04208365517325134,0.0911228976549927,4748,20,1,station,20260921,2000,611ef75b58f8b3b6afbd585a0257e961a96926f46d6d389a1386ad2770fd3d16
Stress,E_P|log1p|uniform|permissive|none,E|log1p|uniform|permissive|none,season_year_out,daily,all_expected_targets,nonindustrial_higher,RMSE,ng m-3,a_minus_b,-0.37682657000021047,-0.462828090175322,-0.2816455928806311,2369,10,1,station,20260921,2000,15ca08eb0b081b2ef7b2625ca3e84358f127001b8ac16fc303e4501682b29cba
Stress,E_P|log1p|uniform|permissive|none,E|log1p|uniform|permissive|none,season_year_out,daily,all_expected_targets,nonindustrial_higher,MAE,ng m-3,a_minus_b,-0.1510696413620093,-0.19878772230025604,-0.10216968491348742,2369,10,1,station,20260921,2000,15ca08eb0b081b2ef7b2625ca3e84358f127001b8ac16fc303e4501682b29cba
Stress,E_P|log1p|uniform|permissive|none,E|log1p|uniform|permissive|none,season_year_out,daily,all_expected_targets,nonindustrial_higher,bias,ng m-3,a_minus_b,0.09944463381789785,0.06910765653731263,0.12836037632335062,2369,10,1,station,20260921,2000,15ca08eb0b081b2ef7b2625ca3e84358f127001b8ac16fc303e4501682b29cba
Stress,E_P|log1p|uniform|permissive|none,E|log1p|uniform|permissive|none,season_year_out,daily,all_expected_targets,nonindustrial_lower,RMSE,ng m-3,a_minus_b,-0.01945226261122618,-0.062228293115299635,0.03323599270434043,2379,10,1,station,20260921,2000,f1b601960a9973deafaebfad81ae10654638181d9c4f9178b446019ffca52cc0
Stress,E_P|log1p|uniform|permissive|none,E|log1p|uniform|permissive|none,season_year_out,daily,all_expected_targets,nonindustrial_lower,MAE,ng m-3,a_minus_b,-0.013682800372719628,-0.03301556690877956,0.0045538445919096286,2379,10,1,station,20260921,2000,f1b601960a9973deafaebfad81ae10654638181d9c4f9178b446019ffca52cc0
Stress,E_P|log1p|uniform|permissive|none,E|log1p|uniform|permissive|none,season_year_out,daily,all_expected_targets,nonindustrial_lower,bias,ng m-3,a_minus_b,0.03384508270798654,0.007191452312085564,0.06293638540712504,2379,10,1,station,20260921,2000,f1b601960a9973deafaebfad81ae10654638181d9c4f9178b446019ffca52cc0
Stress,E_P|log1p|uniform|permissive|none,E|log1p|uniform|permissive|none,calendar_season_out,daily,all_expected_targets,all_network,RMSE,ng m-3,a_minus_b,-0.2516600152828501,-0.33741861542817764,-0.17478934462921056,5089,21,1,station,20260921,2000,49422f1082065a9d47ebdfaf52caf564b1c3e1dad3fba927ae8da3a978f385a0
Stress,E_P|log1p|uniform|permissive|none,E|log1p|uniform|permissive|none,calendar_season_out,daily,all_expected_targets,all_network,MAE,ng m-3,a_minus_b,-0.0915317746040264,-0.14026418348788164,-0.049605962990970906,5089,21,1,station,20260921,2000,49422f1082065a9d47ebdfaf52caf564b1c3e1dad3fba927ae8da3a978f385a0
Stress,E_P|log1p|uniform|permissive|none,E|log1p|uniform|permissive|none,calendar_season_out,daily,all_expected_targets,all_network,bias,ng m-3,a_minus_b,0.053219265257396314,0.014037124062292482,0.09144042895342198,5089,21,1,station,20260921,2000,49422f1082065a9d47ebdfaf52caf564b1c3e1dad3fba927ae8da3a978f385a0
Stress,E_P|log1p|uniform|permissive|none,E|log1p|uniform|permissive|none,calendar_season_out,daily,all_expected_targets,nonindustrial,RMSE,ng m-3,a_minus_b,-0.26049024142294774,-0.3592448911163502,-0.15854281084426547,4852,20,1,station,20260921,2000,5d1137882eec8537744050437f9ce1b569790644db3bdcfe69d5597e07b2e781
Stress,E_P|log1p|uniform|permissive|none,E|log1p|uniform|permissive|none,calendar_season_out,daily,all_expected_targets,nonindustrial,MAE,ng m-3,a_minus_b,-0.07839256981654774,-0.11930323102171629,-0.04303436221296261,4852,20,1,station,20260921,2000,5d1137882eec8537744050437f9ce1b569790644db3bdcfe69d5597e07b2e781
Stress,E_P|log1p|uniform|permissive|none,E|log1p|uniform|permissive|none,calendar_season_out,daily,all_expected_targets,nonindustrial,bias,ng m-3,a_minus_b,0.04134442075121392,0.0064812457009748225,0.07566500040008126,4852,20,1,station,20260921,2000,5d1137882eec8537744050437f9ce1b569790644db3bdcfe69d5597e07b2e781
Stress,E_P|log1p|uniform|permissive|none,E|log1p|uniform|permissive|none,calendar_season_out,daily,all_expected_targets,nonindustrial_higher,RMSE,ng m-3,a_minus_b,-0.3800204891584722,-0.4867786145702477,-0.25867997958768524,2394,10,1,station,20260921,2000,62f59d22b59dd9d7e2e072c7b3fe63144e2f3e8824a30706c4074510f362197d
Stress,E_P|log1p|uniform|permissive|none,E|log1p|uniform|permissive|none,calendar_season_out,daily,all_expected_targets,nonindustrial_higher,MAE,ng m-3,a_minus_b,-0.14075535093855474,-0.19982769201376765,-0.08295175454285983,2394,10,1,station,20260921,2000,62f59d22b59dd9d7e2e072c7b3fe63144e2f3e8824a30706c4074510f362197d
Stress,E_P|log1p|uniform|permissive|none,E|log1p|uniform|permissive|none,calendar_season_out,daily,all_expected_targets,nonindustrial_higher,bias,ng m-3,a_minus_b,0.07062371949995824,0.013032121719801736,0.12522056527831738,2394,10,1,station,20260921,2000,62f59d22b59dd9d7e2e072c7b3fe63144e2f3e8824a30706c4074510f362197d
Stress,E_P|log1p|uniform|permissive|none,E|log1p|uniform|permissive|none,calendar_season_out,daily,all_expected_targets,nonindustrial_lower,RMSE,ng m-3,a_minus_b,-0.03540651188242888,-0.0667944127470573,-0.004360682373048594,2458,10,1,station,20260921,2000,b29a851546d291a0d2f7dfae9c12846445d0e09a394514e7c02a871b374d99af
Stress,E_P|log1p|uniform|permissive|none,E|log1p|uniform|permissive|none,calendar_season_out,daily,all_expected_targets,nonindustrial_lower,MAE,ng m-3,a_minus_b,-0.017653555168018725,-0.029657156026789314,-0.005305676772705789,2458,10,1,station,20260921,2000,b29a851546d291a0d2f7dfae9c12846445d0e09a394514e7c02a871b374d99af
Stress,E_P|log1p|uniform|permissive|none,E|log1p|uniform|permissive|none,calendar_season_out,daily,all_expected_targets,nonindustrial_lower,bias,ng m-3,a_minus_b,0.012827479659068348,-0.014713797069498871,0.04190555805037693,2458,10,1,station,20260921,2000,b29a851546d291a0d2f7dfae9c12846445d0e09a394514e7c02a871b374d99af
Gap vs simple,E_P|log1p|uniform|permissive|none,HARMONIC,block30,daily,common_bracketable,all_network,RMSE,ng m-3,a_minus_b,-0.44670699082280296,-0.7488629933302098,-0.2447596426827252,4928,21,24,station_x_block,20260921,2000,00bc7ae1984a0ce5cd9fd33e5d3083b04a748291b39f798dd2b4c7b6ce48c244
Gap vs simple,E_P|log1p|uniform|permissive|none,HARMONIC,block30,daily,common_bracketable,all_network,MAE,ng m-3,a_minus_b,-0.29528267065043606,-0.4920792741390878,-0.13925178901140683,4928,21,24,station_x_block,20260921,2000,00bc7ae1984a0ce5cd9fd33e5d3083b04a748291b39f798dd2b4c7b6ce48c244
Gap vs simple,E_P|log1p|uniform|permissive|none,HARMONIC,block30,daily,common_bracketable,all_network,bias,ng m-3,a_minus_b,-0.07027415908984026,-0.2629987318281294,0.08626399839037897,4928,21,24,station_x_block,20260921,2000,00bc7ae1984a0ce5cd9fd33e5d3083b04a748291b39f798dd2b4c7b6ce48c244
Gap vs simple,E_P|log1p|uniform|permissive|none,HARMONIC,block30,daily,common_bracketable,nonindustrial,RMSE,ng m-3,a_minus_b,-0.5241854594719976,-0.8100852119388142,-0.26753665289499196,4695,20,24,station_x_block,20260921,2000,8f5731751e0aaaccd47e8f85355f1f22d6c44b6617b465c186f9fe855288ecda
Gap vs simple,E_P|log1p|uniform|permissive|none,HARMONIC,block30,daily,common_bracketable,nonindustrial,MAE,ng m-3,a_minus_b,-0.25081387981642184,-0.44460949024691987,-0.11824333460531743,4695,20,24,station_x_block,20260921,2000,8f5731751e0aaaccd47e8f85355f1f22d6c44b6617b465c186f9fe855288ecda
Gap vs simple,E_P|log1p|uniform|permissive|none,HARMONIC,block30,daily,common_bracketable,nonindustrial,bias,ng m-3,a_minus_b,-0.01880491998393041,-0.1550921212340466,0.10102571410921782,4695,20,24,station_x_block,20260921,2000,8f5731751e0aaaccd47e8f85355f1f22d6c44b6617b465c186f9fe855288ecda
Gap vs simple,E_P|log1p|uniform|permissive|none,HARMONIC,block30,daily,common_bracketable,nonindustrial_higher,RMSE,ng m-3,a_minus_b,-0.7339751278226426,-1.0560481954171534,-0.37209439798538396,2334,10,24,station_x_block,20260921,2000,44fd68adb46568c297e40fc03608a790335f27e571c974e2857c24e6de9b3380
Gap vs simple,E_P|log1p|uniform|permissive|none,HARMONIC,block30,daily,common_bracketable,nonindustrial_higher,MAE,ng m-3,a_minus_b,-0.4230144333580756,-0.6661178359704406,-0.21315957353336348,2334,10,24,station_x_block,20260921,2000,44fd68adb46568c297e40fc03608a790335f27e571c974e2857c24e6de9b3380
Gap vs simple,E_P|log1p|uniform|permissive|none,HARMONIC,block30,daily,common_bracketable,nonindustrial_higher,bias,ng m-3,a_minus_b,-0.05574814787260029,-0.26538336954320235,0.13779053627475604,2334,10,24,station_x_block,20260921,2000,44fd68adb46568c297e40fc03608a790335f27e571c974e2857c24e6de9b3380
Gap vs simple,E_P|log1p|uniform|permissive|none,HARMONIC,block30,daily,common_bracketable,nonindustrial_lower,RMSE,ng m-3,a_minus_b,-0.14945319423550246,-0.2588049368623361,-0.038188419958806584,2361,10,24,station_x_block,20260921,2000,3fa9c653d9b1f90a03a3ab0218d295ce74075356d389dffcb62b95171e10d361
Gap vs simple,E_P|log1p|uniform|permissive|none,HARMONIC,block30,daily,common_bracketable,nonindustrial_lower,MAE,ng m-3,a_minus_b,-0.0805825829226394,-0.1563220778557279,-0.02719420506214016,2361,10,24,station_x_block,20260921,2000,3fa9c653d9b1f90a03a3ab0218d295ce74075356d389dffcb62b95171e10d361
Gap vs simple,E_P|log1p|uniform|permissive|none,HARMONIC,block30,daily,common_bracketable,nonindustrial_lower,bias,ng m-3,a_minus_b,0.017715831346927485,-0.034991354531429736,0.07216708048923366,2361,10,24,station_x_block,20260921,2000,3fa9c653d9b1f90a03a3ab0218d295ce74075356d389dffcb62b95171e10d361
Gap vs simple,E_P|log1p|uniform|permissive|none,INTERP_LINEAR,block30,daily,common_bracketable,all_network,RMSE,ng m-3,a_minus_b,-0.7536039504552665,-1.122181435578584,-0.4411466756969539,4928,21,24,station_x_block,20260921,2000,00bc7ae1984a0ce5cd9fd33e5d3083b04a748291b39f798dd2b4c7b6ce48c244
Gap vs simple,E_P|log1p|uniform|permissive|none,INTERP_LINEAR,block30,daily,common_bracketable,all_network,MAE,ng m-3,a_minus_b,-0.39409810695682407,-0.6594577799424456,-0.18828465719318258,4928,21,24,station_x_block,20260921,2000,00bc7ae1984a0ce5cd9fd33e5d3083b04a748291b39f798dd2b4c7b6ce48c244
Gap vs simple,E_P|log1p|uniform|permissive|none,INTERP_LINEAR,block30,daily,common_bracketable,all_network,bias,ng m-3,a_minus_b,-0.05918033633905046,-0.3112328221226355,0.1568469481770006,4928,21,24,station_x_block,20260921,2000,00bc7ae1984a0ce5cd9fd33e5d3083b04a748291b39f798dd2b4c7b6ce48c244
Gap vs simple,E_P|log1p|uniform|permissive|none,INTERP_LINEAR,block30,daily,common_bracketable,nonindustrial,RMSE,ng m-3,a_minus_b,-0.7128678735105457,-1.0559214299901447,-0.37606427533594483,4695,20,24,station_x_block,20260921,2000,8f5731751e0aaaccd47e8f85355f1f22d6c44b6617b465c186f9fe855288ecda
Gap vs simple,E_P|log1p|uniform|permissive|none,INTERP_LINEAR,block30,daily,common_bracketable,nonindustrial,MAE,ng m-3,a_minus_b,-0.3197151475772623,-0.5441574898214491,-0.1568232885901495,4695,20,24,station_x_block,20260921,2000,8f5731751e0aaaccd47e8f85355f1f22d6c44b6617b465c186f9fe855288ecda
Gap vs simple,E_P|log1p|uniform|permissive|none,INTERP_LINEAR,block30,daily,common_bracketable,nonindustrial,bias,ng m-3,a_minus_b,-0.029783062039166065,-0.2201192170189105,0.15245284736718998,4695,20,24,station_x_block,20260921,2000,8f5731751e0aaaccd47e8f85355f1f22d6c44b6617b465c186f9fe855288ecda
Gap vs simple,E_P|log1p|uniform|permissive|none,INTERP_LINEAR,block30,daily,common_bracketable,nonindustrial_higher,RMSE,ng m-3,a_minus_b,-0.9842883145827418,-1.385590442237331,-0.553103116123122,2334,10,24,station_x_block,20260921,2000,44fd68adb46568c297e40fc03608a790335f27e571c974e2857c24e6de9b3380
Gap vs simple,E_P|log1p|uniform|permissive|none,INTERP_LINEAR,block30,daily,common_bracketable,nonindustrial_higher,MAE,ng m-3,a_minus_b,-0.530195658768535,-0.8208617685201053,-0.27525709919574637,2334,10,24,station_x_block,20260921,2000,44fd68adb46568c297e40fc03608a790335f27e571c974e2857c24e6de9b3380
Gap vs simple,E_P|log1p|uniform|permissive|none,INTERP_LINEAR,block30,daily,common_bracketable,nonindustrial_higher,bias,ng m-3,a_minus_b,-0.09058024642024334,-0.4022704190508666,0.20236988597384364,2334,10,24,station_x_block,20260921,2000,44fd68adb46568c297e40fc03608a790335f27e571c974e2857c24e6de9b3380
Gap vs simple,E_P|log1p|uniform|permissive|none,INTERP_LINEAR,block30,daily,common_bracketable,nonindustrial_lower,RMSE,ng m-3,a_minus_b,-0.24518190202685347,-0.4327689152854556,-0.08783568673368977,2361,10,24,station_x_block,20260921,2000,3fa9c653d9b1f90a03a3ab0218d295ce74075356d389dffcb62b95171e10d361
Gap vs simple,E_P|log1p|uniform|permissive|none,INTERP_LINEAR,block30,daily,common_bracketable,nonindustrial_lower,MAE,ng m-3,a_minus_b,-0.1116416562090159,-0.21029061636685475,-0.04229788960836817,2361,10,24,station_x_block,20260921,2000,3fa9c653d9b1f90a03a3ab0218d295ce74075356d389dffcb62b95171e10d361
Gap vs simple,E_P|log1p|uniform|permissive|none,INTERP_LINEAR,block30,daily,common_bracketable,nonindustrial_lower,bias,ng m-3,a_minus_b,0.03031885593856978,-0.04535518337223467,0.1158517300301395,2361,10,24,station_x_block,20260921,2000,3fa9c653d9b1f90a03a3ab0218d295ce74075356d389dffcb62b95171e10d361
Gap vs simple,E_P|log1p|uniform|permissive|none,INTERP_LOGLINEAR,block30,daily,common_bracketable,all_network,RMSE,ng m-3,a_minus_b,-0.731118349739253,-1.090578216337508,-0.40948259271566045,4928,21,24,station_x_block,20260921,2000,00bc7ae1984a0ce5cd9fd33e5d3083b04a748291b39f798dd2b4c7b6ce48c244
Gap vs simple,E_P|log1p|uniform|permissive|none,INTERP_LOGLINEAR,block30,daily,common_bracketable,all_network,MAE,ng m-3,a_minus_b,-0.365732070804723,-0.619473703648872,-0.16410854062735555,4928,21,24,station_x_block,20260921,2000,00bc7ae1984a0ce5cd9fd33e5d3083b04a748291b39f798dd2b4c7b6ce48c244
Gap vs simple,E_P|log1p|uniform|permissive|none,INTERP_LOGLINEAR,block30,daily,common_bracketable,all_network,bias,ng m-3,a_minus_b,0.026247014664067578,-0.19394388134479426,0.22631543103371493,4928,21,24,station_x_block,20260921,2000,00bc7ae1984a0ce5cd9fd33e5d3083b04a748291b39f798dd2b4c7b6ce48c244
Gap vs simple,E_P|log1p|uniform|permissive|none,INTERP_LOGLINEAR,block30,daily,common_bracketable,nonindustrial,RMSE,ng m-3,a_minus_b,-0.6859092978444107,-1.0293653281191288,-0.35087987583297675,4695,20,24,station_x_block,20260921,2000,8f5731751e0aaaccd47e8f85355f1f22d6c44b6617b465c186f9fe855288ecda
Gap vs simple,E_P|log1p|uniform|permissive|none,INTERP_LOGLINEAR,block30,daily,common_bracketable,nonindustrial,MAE,ng m-3,a_minus_b,-0.2925737091840222,-0.5059229514987026,-0.13890355160068288,4695,20,24,station_x_block,20260921,2000,8f5731751e0aaaccd47e8f85355f1f22d6c44b6617b465c186f9fe855288ecda
Gap vs simple,E_P|log1p|uniform|permissive|none,INTERP_LOGLINEAR,block30,daily,common_bracketable,nonindustrial,bias,ng m-3,a_minus_b,0.048895522649067366,-0.11347379042869239,0.22181269517342536,4695,20,24,station_x_block,20260921,2000,8f5731751e0aaaccd47e8f85355f1f22d6c44b6617b465c186f9fe855288ecda
Gap vs simple,E_P|log1p|uniform|permissive|none,INTERP_LOGLINEAR,block30,daily,common_bracketable,nonindustrial_higher,RMSE,ng m-3,a_minus_b,-0.9510896520540889,-1.3603359312749836,-0.5151294523337479,2334,10,24,station_x_block,20260921,2000,44fd68adb46568c297e40fc03608a790335f27e571c974e2857c24e6de9b3380
Gap vs simple,E_P|log1p|uniform|permissive|none,INTERP_LOGLINEAR,block30,daily,common_bracketable,nonindustrial_higher,MAE,ng m-3,a_minus_b,-0.48619915153601895,-0.7674965875828956,-0.24361199093371647,2334,10,24,station_x_block,20260921,2000,44fd68adb46568c297e40fc03608a790335f27e571c974e2857c24e6de9b3380
Gap vs simple,E_P|log1p|uniform|permissive|none,INTERP_LOGLINEAR,block30,daily,common_bracketable,nonindustrial_higher,bias,ng m-3,a_minus_b,0.04749917282581271,-0.2306460457157196,0.3177858894767047,2334,10,24,station_x_block,20260921,2000,44fd68adb46568c297e40fc03608a790335f27e571c974e2857c24e6de9b3380
Gap vs simple,E_P|log1p|uniform|permissive|none,INTERP_LOGLINEAR,block30,daily,common_bracketable,nonindustrial_lower,RMSE,ng m-3,a_minus_b,-0.22335876757895973,-0.375130803290107,-0.08005870189284911,2361,10,24,station_x_block,20260921,2000,3fa9c653d9b1f90a03a3ab0218d295ce74075356d389dffcb62b95171e10d361
Gap vs simple,E_P|log1p|uniform|permissive|none,INTERP_LOGLINEAR,block30,daily,common_bracketable,nonindustrial_lower,MAE,ng m-3,a_minus_b,-0.1011625349148309,-0.19109218709022566,-0.0380196970876936,2361,10,24,station_x_block,20260921,2000,3fa9c653d9b1f90a03a3ab0218d295ce74075356d389dffcb62b95171e10d361
Gap vs simple,E_P|log1p|uniform|permissive|none,INTERP_LOGLINEAR,block30,daily,common_bracketable,nonindustrial_lower,bias,ng m-3,a_minus_b,0.05027590404994679,-0.01766228178434787,0.13710778036442103,2361,10,24,station_x_block,20260921,2000,3fa9c653d9b1f90a03a3ab0218d295ce74075356d389dffcb62b95171e10d361
Gap vs simple,E_P|log1p|uniform|permissive|none,PM_RIDGE,block30,daily,common_bracketable,all_network,RMSE,ng m-3,a_minus_b,-0.34618119509015166,-0.530143475834916,-0.1830447918188194,4928,21,24,station_x_block,20260921,2000,00bc7ae1984a0ce5cd9fd33e5d3083b04a748291b39f798dd2b4c7b6ce48c244
Gap vs simple,E_P|log1p|uniform|permissive|none,PM_RIDGE,block30,daily,common_bracketable,all_network,MAE,ng m-3,a_minus_b,-0.19736440290826857,-0.3189489165037193,-0.10948645594870071,4928,21,24,station_x_block,20260921,2000,00bc7ae1984a0ce5cd9fd33e5d3083b04a748291b39f798dd2b4c7b6ce48c244
Gap vs simple,E_P|log1p|uniform|permissive|none,PM_RIDGE,block30,daily,common_bracketable,all_network,bias,ng m-3,a_minus_b,0.10019909554391694,-0.013902076780225269,0.25096318017841446,4928,21,24,station_x_block,20260921,2000,00bc7ae1984a0ce5cd9fd33e5d3083b04a748291b39f798dd2b4c7b6ce48c244
Gap vs simple,E_P|log1p|uniform|permissive|none,PM_RIDGE,block30,daily,common_bracketable,nonindustrial,RMSE,ng m-3,a_minus_b,-0.28449920171983056,-0.4295641430138862,-0.15025529148711894,4695,20,24,station_x_block,20260921,2000,8f5731751e0aaaccd47e8f85355f1f22d6c44b6617b465c186f9fe855288ecda
Gap vs simple,E_P|log1p|uniform|permissive|none,PM_RIDGE,block30,daily,common_bracketable,nonindustrial,MAE,ng m-3,a_minus_b,-0.16017642087807038,-0.24767090816702117,-0.0949966520252537,4695,20,24,station_x_block,20260921,2000,8f5731751e0aaaccd47e8f85355f1f22d6c44b6617b465c186f9fe855288ecda
Gap vs simple,E_P|log1p|uniform|permissive|none,PM_RIDGE,block30,daily,common_bracketable,nonindustrial,bias,ng m-3,a_minus_b,0.11183760998399998,0.0023464707035099988,0.2763351279109653,4695,20,24,station_x_block,20260921,2000,8f5731751e0aaaccd47e8f85355f1f22d6c44b6617b465c186f9fe855288ecda
Gap vs simple,E_P|log1p|uniform|permissive|none,PM_RIDGE,block30,daily,common_bracketable,nonindustrial_higher,RMSE,ng m-3,a_minus_b,-0.38989556923589974,-0.5700858869826554,-0.19897868165208887,2334,10,24,station_x_block,20260921,2000,44fd68adb46568c297e40fc03608a790335f27e571c974e2857c24e6de9b3380
Gap vs simple,E_P|log1p|uniform|permissive|none,PM_RIDGE,block30,daily,common_bracketable,nonindustrial_higher,MAE,ng m-3,a_minus_b,-0.2219012319746803,-0.3529841757998956,-0.11711916320882496,2334,10,24,station_x_block,20260921,2000,44fd68adb46568c297e40fc03608a790335f27e571c974e2857c24e6de9b3380
Gap vs simple,E_P|log1p|uniform|permissive|none,PM_RIDGE,block30,daily,common_bracketable,nonindustrial_higher,bias,ng m-3,a_minus_b,0.27931156350489206,0.06234536122919795,0.548670010158529,2334,10,24,station_x_block,20260921,2000,44fd68adb46568c297e40fc03608a790335f27e571c974e2857c24e6de9b3380
Gap vs simple,E_P|log1p|uniform|permissive|none,PM_RIDGE,block30,daily,common_bracketable,nonindustrial_lower,RMSE,ng m-3,a_minus_b,-0.10807376266065982,-0.1883090883985961,-0.04675516325566447,2361,10,24,station_x_block,20260921,2000,3fa9c653d9b1f90a03a3ab0218d295ce74075356d389dffcb62b95171e10d361
Gap vs simple,E_P|log1p|uniform|permissive|none,PM_RIDGE,block30,daily,common_bracketable,nonindustrial_lower,MAE,ng m-3,a_minus_b,-0.09915748436833399,-0.14959704616561062,-0.059183008689428045,2361,10,24,station_x_block,20260921,2000,3fa9c653d9b1f90a03a3ab0218d295ce74075356d389dffcb62b95171e10d361
Gap vs simple,E_P|log1p|uniform|permissive|none,PM_RIDGE,block30,daily,common_bracketable,nonindustrial_lower,bias,ng m-3,a_minus_b,-0.05372113949408644,-0.13648430801243347,0.009362352200953897,2361,10,24,station_x_block,20260921,2000,3fa9c653d9b1f90a03a3ab0218d295ce74075356d389dffcb62b95171e10d361
Gap vs simple,E_P|log1p|uniform|permissive|none,HARMONIC,dispersed_mod9,daily,common_bracketable,all_network,RMSE,ng m-3,a_minus_b,-0.4695711909401301,-0.6763122491466265,-0.36776410713351365,5066,21,1,station,20260921,2000,1f7396fddbe1f06a63cffab833b0854bdf33f84b295f0c3534f07e9651d5a267
Gap vs simple,E_P|log1p|uniform|permissive|none,HARMONIC,dispersed_mod9,daily,common_bracketable,all_network,MAE,ng m-3,a_minus_b,-0.31014792851167944,-0.44150862201860225,-0.19241604047211644,5066,21,1,station,20260921,2000,1f7396fddbe1f06a63cffab833b0854bdf33f84b295f0c3534f07e9651d5a267
Gap vs simple,E_P|log1p|uniform|permissive|none,HARMONIC,dispersed_mod9,daily,common_bracketable,all_network,bias,ng m-3,a_minus_b,-0.08855730097653279,-0.21162612956881827,-0.010387765716060269,5066,21,1,station,20260921,2000,1f7396fddbe1f06a63cffab833b0854bdf33f84b295f0c3534f07e9651d5a267
Gap vs simple,E_P|log1p|uniform|permissive|none,HARMONIC,dispersed_mod9,daily,common_bracketable,nonindustrial,RMSE,ng m-3,a_minus_b,-0.5656296834698412,-0.7082068753109377,-0.413344274466033,4830,20,1,station,20260921,2000,65ee804fd05f6dd37764a755c988da2c0e677a3a4efc91304bf32cf63ecb3775
Gap vs simple,E_P|log1p|uniform|permissive|none,HARMONIC,dispersed_mod9,daily,common_bracketable,nonindustrial,MAE,ng m-3,a_minus_b,-0.26329571481956615,-0.354761251739538,-0.1786514349476658,4830,20,1,station,20260921,2000,65ee804fd05f6dd37764a755c988da2c0e677a3a4efc91304bf32cf63ecb3775
Gap vs simple,E_P|log1p|uniform|permissive|none,HARMONIC,dispersed_mod9,daily,common_bracketable,nonindustrial,bias,ng m-3,a_minus_b,-0.036079825898830555,-0.07851617963696539,-0.002446822826417128,4830,20,1,station,20260921,2000,65ee804fd05f6dd37764a755c988da2c0e677a3a4efc91304bf32cf63ecb3775
Gap vs simple,E_P|log1p|uniform|permissive|none,HARMONIC,dispersed_mod9,daily,common_bracketable,nonindustrial_higher,RMSE,ng m-3,a_minus_b,-0.7963491418022183,-0.9129481058237487,-0.6675564764417188,2382,10,1,station,20260921,2000,f9d27d8d2e57d861feb8b2cd904d1dd989292808e291cb4c44d0c4f55c2afeb4
Gap vs simple,E_P|log1p|uniform|permissive|none,HARMONIC,dispersed_mod9,daily,common_bracketable,nonindustrial_higher,MAE,ng m-3,a_minus_b,-0.4484714999722878,-0.5086865277867162,-0.38648980489104034,2382,10,1,station,20260921,2000,f9d27d8d2e57d861feb8b2cd904d1dd989292808e291cb4c44d0c4f55c2afeb4
Gap vs simple,E_P|log1p|uniform|permissive|none,HARMONIC,dispersed_mod9,daily,common_bracketable,nonindustrial_higher,bias,ng m-3,a_minus_b,-0.07980375516298019,-0.1499972630055585,-0.01679624365322756,2382,10,1,station,20260921,2000,f9d27d8d2e57d861feb8b2cd904d1dd989292808e291cb4c44d0c4f55c2afeb4
Gap vs simple,E_P|log1p|uniform|permissive|none,HARMONIC,dispersed_mod9,daily,common_bracketable,nonindustrial_lower,RMSE,ng m-3,a_minus_b,-0.16198540010727897,-0.21742549211289225,-0.09901267716101783,2448,10,1,station,20260921,2000,e4ea53c7bd0ea44a4667405875a76a389a0cd49b071a82da66a3670fbabfbcf3
Gap vs simple,E_P|log1p|uniform|permissive|none,HARMONIC,dispersed_mod9,daily,common_bracketable,nonindustrial_lower,MAE,ng m-3,a_minus_b,-0.0831124140704719,-0.1252832617997167,-0.04695325675818245,2448,10,1,station,20260921,2000,e4ea53c7bd0ea44a4667405875a76a389a0cd49b071a82da66a3670fbabfbcf3
Gap vs simple,E_P|log1p|uniform|permissive|none,HARMONIC,dispersed_mod9,daily,common_bracketable,nonindustrial_lower,bias,ng m-3,a_minus_b,0.0064652719390797505,-0.00874083587858378,0.022153760900089834,2448,10,1,station,20260921,2000,e4ea53c7bd0ea44a4667405875a76a389a0cd49b071a82da66a3670fbabfbcf3
Gap vs simple,E_P|log1p|uniform|permissive|none,INTERP_LINEAR,dispersed_mod9,daily,common_bracketable,all_network,RMSE,ng m-3,a_minus_b,-0.5646378047029421,-0.7276921041794858,-0.45239430474147313,5066,21,1,station,20260921,2000,1f7396fddbe1f06a63cffab833b0854bdf33f84b295f0c3534f07e9651d5a267
Gap vs simple,E_P|log1p|uniform|permissive|none,INTERP_LINEAR,dispersed_mod9,daily,common_bracketable,all_network,MAE,ng m-3,a_minus_b,-0.3044814392759531,-0.4765866676869568,-0.1755622510340212,5066,21,1,station,20260921,2000,1f7396fddbe1f06a63cffab833b0854bdf33f84b295f0c3534f07e9651d5a267
Gap vs simple,E_P|log1p|uniform|permissive|none,INTERP_LINEAR,dispersed_mod9,daily,common_bracketable,all_network,bias,ng m-3,a_minus_b,-0.09134827858890515,-0.2373973936117207,-0.00902696080553016,5066,21,1,station,20260921,2000,1f7396fddbe1f06a63cffab833b0854bdf33f84b295f0c3534f07e9651d5a267
Gap vs simple,E_P|log1p|uniform|permissive|none,INTERP_LINEAR,dispersed_mod9,daily,common_bracketable,nonindustrial,RMSE,ng m-3,a_minus_b,-0.5826680091557596,-0.734178320332958,-0.42337255474546404,4830,20,1,station,20260921,2000,65ee804fd05f6dd37764a755c988da2c0e677a3a4efc91304bf32cf63ecb3775
Gap vs simple,E_P|log1p|uniform|permissive|none,INTERP_LINEAR,dispersed_mod9,daily,common_bracketable,nonindustrial,MAE,ng m-3,a_minus_b,-0.2342790308706919,-0.32515903025404735,-0.15694518059569704,4830,20,1,station,20260921,2000,65ee804fd05f6dd37764a755c988da2c0e677a3a4efc91304bf32cf63ecb3775
Gap vs simple,E_P|log1p|uniform|permissive|none,INTERP_LINEAR,dispersed_mod9,daily,common_bracketable,nonindustrial,bias,ng m-3,a_minus_b,-0.02415262602762488,-0.04776629704938019,-0.003980033426312691,4830,20,1,station,20260921,2000,65ee804fd05f6dd37764a755c988da2c0e677a3a4efc91304bf32cf63ecb3775
Gap vs simple,E_P|log1p|uniform|permissive|none,INTERP_LINEAR,dispersed_mod9,daily,common_bracketable,nonindustrial_higher,RMSE,ng m-3,a_minus_b,-0.8112429541075511,-0.9602419123918479,-0.6532116347435504,2382,10,1,station,20260921,2000,f9d27d8d2e57d861feb8b2cd904d1dd989292808e291cb4c44d0c4f55c2afeb4
Gap vs simple,E_P|log1p|uniform|permissive|none,INTERP_LINEAR,dispersed_mod9,daily,common_bracketable,nonindustrial_higher,MAE,ng m-3,a_minus_b,-0.3951731683724175,-0.48458799114862516,-0.3096469490084066,2382,10,1,station,20260921,2000,f9d27d8d2e57d861feb8b2cd904d1dd989292808e291cb4c44d0c4f55c2afeb4
Gap vs simple,E_P|log1p|uniform|permissive|none,INTERP_LINEAR,dispersed_mod9,daily,common_bracketable,nonindustrial_higher,bias,ng m-3,a_minus_b,-0.053570685148504646,-0.09031027107869688,-0.019114812403733986,2382,10,1,station,20260921,2000,f9d27d8d2e57d861feb8b2cd904d1dd989292808e291cb4c44d0c4f55c2afeb4
Gap vs simple,E_P|log1p|uniform|permissive|none,INTERP_LINEAR,dispersed_mod9,daily,common_bracketable,nonindustrial_lower,RMSE,ng m-3,a_minus_b,-0.1943793633417678,-0.26204319399669995,-0.12453108054544917,2448,10,1,station,20260921,2000,e4ea53c7bd0ea44a4667405875a76a389a0cd49b071a82da66a3670fbabfbcf3
Gap vs simple,E_P|log1p|uniform|permissive|none,INTERP_LINEAR,dispersed_mod9,daily,common_bracketable,nonindustrial_lower,MAE,ng m-3,a_minus_b,-0.07772272550749323,-0.11351665000097196,-0.04466772261183219,2448,10,1,station,20260921,2000,e4ea53c7bd0ea44a4667405875a76a389a0cd49b071a82da66a3670fbabfbcf3
Gap vs simple,E_P|log1p|uniform|permissive|none,INTERP_LINEAR,dispersed_mod9,daily,common_bracketable,nonindustrial_lower,bias,ng m-3,a_minus_b,0.004472299146368413,-0.011419149050334218,0.018490147398123172,2448,10,1,station,20260921,2000,e4ea53c7bd0ea44a4667405875a76a389a0cd49b071a82da66a3670fbabfbcf3
Gap vs simple,E_P|log1p|uniform|permissive|none,INTERP_LOGLINEAR,dispersed_mod9,daily,common_bracketable,all_network,RMSE,ng m-3,a_minus_b,-0.5335889701037908,-0.6888575815743381,-0.4275315756962547,5066,21,1,station,20260921,2000,1f7396fddbe1f06a63cffab833b0854bdf33f84b295f0c3534f07e9651d5a267
Gap vs simple,E_P|log1p|uniform|permissive|none,INTERP_LOGLINEAR,dispersed_mod9,daily,common_bracketable,all_network,MAE,ng m-3,a_minus_b,-0.2807981144946163,-0.4364707110129296,-0.1637901921962853,5066,21,1,station,20260921,2000,1f7396fddbe1f06a63cffab833b0854bdf33f84b295f0c3534f07e9651d5a267
Gap vs simple,E_P|log1p|uniform|permissive|none,INTERP_LOGLINEAR,dispersed_mod9,daily,common_bracketable,all_network,bias,ng m-3,a_minus_b,0.023533400647785863,-0.03352513948134228,0.06325947480260478,5066,21,1,station,20260921,2000,1f7396fddbe1f06a63cffab833b0854bdf33f84b295f0c3534f07e9651d5a267
Gap vs simple,E_P|log1p|uniform|permissive|none,INTERP_LOGLINEAR,dispersed_mod9,daily,common_bracketable,nonindustrial,RMSE,ng m-3,a_minus_b,-0.563789096021874,-0.7090482993793298,-0.4102881687986734,4830,20,1,station,20260921,2000,65ee804fd05f6dd37764a755c988da2c0e677a3a4efc91304bf32cf63ecb3775
Gap vs simple,E_P|log1p|uniform|permissive|none,INTERP_LOGLINEAR,dispersed_mod9,daily,common_bracketable,nonindustrial,MAE,ng m-3,a_minus_b,-0.2204645117286944,-0.3090604468198509,-0.14571133181774493,4830,20,1,station,20260921,2000,65ee804fd05f6dd37764a755c988da2c0e677a3a4efc91304bf32cf63ecb3775
Gap vs simple,E_P|log1p|uniform|permissive|none,INTERP_LOGLINEAR,dispersed_mod9,daily,common_bracketable,nonindustrial,bias,ng m-3,a_minus_b,0.048963412288246286,0.029893271758848195,0.07002728302934075,4830,20,1,station,20260921,2000,65ee804fd05f6dd37764a755c988da2c0e677a3a4efc91304bf32cf63ecb3775
Gap vs simple,E_P|log1p|uniform|permissive|none,INTERP_LOGLINEAR,dispersed_mod9,daily,common_bracketable,nonindustrial_higher,RMSE,ng m-3,a_minus_b,-0.7899135879324813,-0.9345216071218352,-0.6409213344533865,2382,10,1,station,20260921,2000,f9d27d8d2e57d861feb8b2cd904d1dd989292808e291cb4c44d0c4f55c2afeb4
Gap vs simple,E_P|log1p|uniform|permissive|none,INTERP_LOGLINEAR,dispersed_mod9,daily,common_bracketable,nonindustrial_higher,MAE,ng m-3,a_minus_b,-0.3768572672335038,-0.4661829279471418,-0.29401689927902674,2382,10,1,station,20260921,2000,f9d27d8d2e57d861feb8b2cd904d1dd989292808e291cb4c44d0c4f55c2afeb4
Gap vs simple,E_P|log1p|uniform|permissive|none,INTERP_LOGLINEAR,dispersed_mod9,daily,common_bracketable,nonindustrial_higher,bias,ng m-3,a_minus_b,0.07019193683783917,0.03971594375577133,0.10143433703918765,2382,10,1,station,20260921,2000,f9d27d8d2e57d861feb8b2cd904d1dd989292808e291cb4c44d0c4f55c2afeb4
Gap vs simple,E_P|log1p|uniform|permissive|none,INTERP_LOGLINEAR,dispersed_mod9,daily,common_bracketable,nonindustrial_lower,RMSE,ng m-3,a_minus_b,-0.17339387018832902,-0.23810494367131854,-0.10820844944611238,2448,10,1,station,20260921,2000,e4ea53c7bd0ea44a4667405875a76a389a0cd49b071a82da66a3670fbabfbcf3
Gap vs simple,E_P|log1p|uniform|permissive|none,INTERP_LOGLINEAR,dispersed_mod9,daily,common_bracketable,nonindustrial_lower,MAE,ng m-3,a_minus_b,-0.06828822757327926,-0.10062518780086926,-0.03800945177369712,2448,10,1,station,20260921,2000,e4ea53c7bd0ea44a4667405875a76a389a0cd49b071a82da66a3670fbabfbcf3
Gap vs simple,E_P|log1p|uniform|permissive|none,INTERP_LOGLINEAR,dispersed_mod9,daily,common_bracketable,nonindustrial_lower,bias,ng m-3,a_minus_b,0.02830722541033365,0.01095049537107456,0.04889840752573594,2448,10,1,station,20260921,2000,e4ea53c7bd0ea44a4667405875a76a389a0cd49b071a82da66a3670fbabfbcf3
Gap vs simple,E_P|log1p|uniform|permissive|none,PM_RIDGE,dispersed_mod9,daily,common_bracketable,all_network,RMSE,ng m-3,a_minus_b,-0.3691885215400199,-0.4997440306777794,-0.24853373129957662,5066,21,1,station,20260921,2000,1f7396fddbe1f06a63cffab833b0854bdf33f84b295f0c3534f07e9651d5a267
Gap vs simple,E_P|log1p|uniform|permissive|none,PM_RIDGE,dispersed_mod9,daily,common_bracketable,all_network,MAE,ng m-3,a_minus_b,-0.21341659674971786,-0.3077166525687094,-0.1408322695603406,5066,21,1,station,20260921,2000,1f7396fddbe1f06a63cffab833b0854bdf33f84b295f0c3534f07e9651d5a267
Gap vs simple,E_P|log1p|uniform|permissive|none,PM_RIDGE,dispersed_mod9,daily,common_bracketable,all_network,bias,ng m-3,a_minus_b,0.08795922872159219,0.0020468383578545663,0.18133382887751273,5066,21,1,station,20260921,2000,1f7396fddbe1f06a63cffab833b0854bdf33f84b295f0c3534f07e9651d5a267
Gap vs simple,E_P|log1p|uniform|permissive|none,PM_RIDGE,dispersed_mod9,daily,common_bracketable,nonindustrial,RMSE,ng m-3,a_minus_b,-0.3272205441587609,-0.4229633023060282,-0.2261801215020978,4830,20,1,station,20260921,2000,65ee804fd05f6dd37764a755c988da2c0e677a3a4efc91304bf32cf63ecb3775
Gap vs simple,E_P|log1p|uniform|permissive|none,PM_RIDGE,dispersed_mod9,daily,common_bracketable,nonindustrial,MAE,ng m-3,a_minus_b,-0.17478828921071543,-0.2291619584576588,-0.12945805869893268,4830,20,1,station,20260921,2000,65ee804fd05f6dd37764a755c988da2c0e677a3a4efc91304bf32cf63ecb3775
Gap vs simple,E_P|log1p|uniform|permissive|none,PM_RIDGE,dispersed_mod9,daily,common_bracketable,nonindustrial,bias,ng m-3,a_minus_b,0.10109385684315783,0.017456966823212097,0.19420013909974615,4830,20,1,station,20260921,2000,65ee804fd05f6dd37764a755c988da2c0e677a3a4efc91304bf32cf63ecb3775
Gap vs simple,E_P|log1p|uniform|permissive|none,PM_RIDGE,dispersed_mod9,daily,common_bracketable,nonindustrial_higher,RMSE,ng m-3,a_minus_b,-0.45087046320193835,-0.5495130643722212,-0.3322010333652549,2382,10,1,station,20260921,2000,f9d27d8d2e57d861feb8b2cd904d1dd989292808e291cb4c44d0c4f55c2afeb4
Gap vs simple,E_P|log1p|uniform|permissive|none,PM_RIDGE,dispersed_mod9,daily,common_bracketable,nonindustrial_higher,MAE,ng m-3,a_minus_b,-0.24807279848757174,-0.3224697187365061,-0.17524034929437926,2382,10,1,station,20260921,2000,f9d27d8d2e57d861feb8b2cd904d1dd989292808e291cb4c44d0c4f55c2afeb4
Gap vs simple,E_P|log1p|uniform|permissive|none,PM_RIDGE,dispersed_mod9,daily,common_bracketable,nonindustrial_higher,bias,ng m-3,a_minus_b,0.27125760402904453,0.18160462273941716,0.37051721704331875,2382,10,1,station,20260921,2000,f9d27d8d2e57d861feb8b2cd904d1dd989292808e291cb4c44d0c4f55c2afeb4
Gap vs simple,E_P|log1p|uniform|permissive|none,PM_RIDGE,dispersed_mod9,daily,common_bracketable,nonindustrial_lower,RMSE,ng m-3,a_minus_b,-0.12419179836202315,-0.17729480920351426,-0.08445136070811933,2448,10,1,station,20260921,2000,e4ea53c7bd0ea44a4667405875a76a389a0cd49b071a82da66a3670fbabfbcf3
Gap vs simple,E_P|log1p|uniform|permissive|none,PM_RIDGE,dispersed_mod9,daily,common_bracketable,nonindustrial_lower,MAE,ng m-3,a_minus_b,-0.10347958778200952,-0.1297706514919452,-0.08016672378698553,2448,10,1,station,20260921,2000,e4ea53c7bd0ea44a4667405875a76a389a0cd49b071a82da66a3670fbabfbcf3
Gap vs simple,E_P|log1p|uniform|permissive|none,PM_RIDGE,dispersed_mod9,daily,common_bracketable,nonindustrial_lower,bias,ng m-3,a_minus_b,-0.0644821422568349,-0.10957415943009934,-0.015507082169602312,2448,10,1,station,20260921,2000,e4ea53c7bd0ea44a4667405875a76a389a0cd49b071a82da66a3670fbabfbcf3
Gap vs simple,E_P|log1p|uniform|permissive|none,HARMONIC,dispersed_mod9,reconstructed_mean,common_bracketable_replacements,all_network,RMSE,ng m-3,a_minus_b,0.00012824036514001713,-0.0203869582197191,0.011500195170736938,378,21,1,station,20260921,2000,c558913d93016eab3c3970ab4e8280b575332b339b25456a6ef9b1d60763b854
Gap vs simple,E_P|log1p|uniform|permissive|none,HARMONIC,dispersed_mod9,reconstructed_mean,common_bracketable_replacements,all_network,MAE,ng m-3,a_minus_b,-0.009234282052449857,-0.014502409657872495,-0.0038604105175367126,378,21,1,station,20260921,2000,c558913d93016eab3c3970ab4e8280b575332b339b25456a6ef9b1d60763b854
Gap vs simple,E_P|log1p|uniform|permissive|none,HARMONIC,dispersed_mod9,reconstructed_mean,common_bracketable_replacements,all_network,bias,ng m-3,a_minus_b,-0.010401406423373097,-0.023973903205154124,-0.001365689424560601,378,21,1,station,20260921,2000,c558913d93016eab3c3970ab4e8280b575332b339b25456a6ef9b1d60763b854
Gap vs simple,E_P|log1p|uniform|permissive|none,HARMONIC,dispersed_mod9,reconstructed_mean,common_bracketable_replacements,nonindustrial,RMSE,ng m-3,a_minus_b,-0.01675296239075728,-0.021769662614087335,-0.01090841732609551,360,20,1,station,20260921,2000,3e0ef5473342981884636471b6f5432f930a746d511ac18b3775e8a4f524d2af
Gap vs simple,E_P|log1p|uniform|permissive|none,HARMONIC,dispersed_mod9,reconstructed_mean,common_bracketable_replacements,nonindustrial,MAE,ng m-3,a_minus_b,-0.010711340249492442,-0.015404730383121838,-0.006435830918097798,360,20,1,station,20260921,2000,3e0ef5473342981884636471b6f5432f930a746d511ac18b3775e8a4f524d2af
Gap vs simple,E_P|log1p|uniform|permissive|none,HARMONIC,dispersed_mod9,reconstructed_mean,common_bracketable_replacements,nonindustrial,bias,ng m-3,a_minus_b,-0.004496109876472289,-0.00939099389148838,-0.0004032495185602963,360,20,1,station,20260921,2000,3e0ef5473342981884636471b6f5432f930a746d511ac18b3775e8a4f524d2af
Gap vs simple,E_P|log1p|uniform|permissive|none,HARMONIC,dispersed_mod9,reconstructed_mean,common_bracketable_replacements,nonindustrial_higher,RMSE,ng m-3,a_minus_b,-0.023678183618709218,-0.02873842156173779,-0.01747009005468806,180,10,1,station,20260921,2000,c164bb2bde69ef8518e826d607529421ee96e09ff1dd7c293101a71a99e140ed
Gap vs simple,E_P|log1p|uniform|permissive|none,HARMONIC,dispersed_mod9,reconstructed_mean,common_bracketable_replacements,nonindustrial_higher,MAE,ng m-3,a_minus_b,-0.01879359916584522,-0.024142463808904346,-0.013360388723975885,180,10,1,station,20260921,2000,c164bb2bde69ef8518e826d607529421ee96e09ff1dd7c293101a71a99e140ed
Gap vs simple,E_P|log1p|uniform|permissive|none,HARMONIC,dispersed_mod9,reconstructed_mean,common_bracketable_replacements,nonindustrial_higher,bias,ng m-3,a_minus_b,-0.009827011870527836,-0.017375783991492234,-0.0026890879206301318,180,10,1,station,20260921,2000,c164bb2bde69ef8518e826d607529421ee96e09ff1dd7c293101a71a99e140ed
Gap vs simple,E_P|log1p|uniform|permissive|none,HARMONIC,dispersed_mod9,reconstructed_mean,common_bracketable_replacements,nonindustrial_lower,RMSE,ng m-3,a_minus_b,-0.0039283081971787474,-0.007184459653379547,-0.001046315825022021,180,10,1,station,20260921,2000,94142f7594801b6401cf4038ee476c24288c1b33cbddb48e4734c11e005d7ac8
Gap vs simple,E_P|log1p|uniform|permissive|none,HARMONIC,dispersed_mod9,reconstructed_mean,common_bracketable_replacements,nonindustrial_lower,MAE,ng m-3,a_minus_b,-0.0026290813331396583,-0.0047628674340496335,-0.0006192440903772101,180,10,1,station,20260921,2000,94142f7594801b6401cf4038ee476c24288c1b33cbddb48e4734c11e005d7ac8
Gap vs simple,E_P|log1p|uniform|permissive|none,HARMONIC,dispersed_mod9,reconstructed_mean,common_bracketable_replacements,nonindustrial_lower,bias,ng m-3,a_minus_b,0.0008347921175832585,-0.0009653172400032566,0.0026536162110758336,180,10,1,station,20260921,2000,94142f7594801b6401cf4038ee476c24288c1b33cbddb48e4734c11e005d7ac8
Gap vs simple,E_P|log1p|uniform|permissive|none,INTERP_LINEAR,dispersed_mod9,reconstructed_mean,common_bracketable_replacements,all_network,RMSE,ng m-3,a_minus_b,-0.007362956571927315,-0.019465649451897108,-0.0035969151092879246,378,21,1,station,20260921,2000,c558913d93016eab3c3970ab4e8280b575332b339b25456a6ef9b1d60763b854
Gap vs simple,E_P|log1p|uniform|permissive|none,INTERP_LINEAR,dispersed_mod9,reconstructed_mean,common_bracketable_replacements,all_network,MAE,ng m-3,a_minus_b,-0.010628696734289369,-0.014850840148553087,-0.0065893752937375245,378,21,1,station,20260921,2000,c558913d93016eab3c3970ab4e8280b575332b339b25456a6ef9b1d60763b854
Gap vs simple,E_P|log1p|uniform|permissive|none,INTERP_LINEAR,dispersed_mod9,reconstructed_mean,common_bracketable_replacements,all_network,bias,ng m-3,a_minus_b,-0.010603584555726336,-0.026625642127623573,-0.0011910332536965618,378,21,1,station,20260921,2000,c558913d93016eab3c3970ab4e8280b575332b339b25456a6ef9b1d60763b854
Gap vs simple,E_P|log1p|uniform|permissive|none,INTERP_LINEAR,dispersed_mod9,reconstructed_mean,common_bracketable_replacements,nonindustrial,RMSE,ng m-3,a_minus_b,-0.015819107594282966,-0.020717040335073482,-0.009972087024694962,360,20,1,station,20260921,2000,3e0ef5473342981884636471b6f5432f930a746d511ac18b3775e8a4f524d2af
Gap vs simple,E_P|log1p|uniform|permissive|none,INTERP_LINEAR,dispersed_mod9,reconstructed_mean,common_bracketable_replacements,nonindustrial,MAE,ng m-3,a_minus_b,-0.00997594107807318,-0.014265128089697437,-0.005960058929411405,360,20,1,station,20260921,2000,3e0ef5473342981884636471b6f5432f930a746d511ac18b3775e8a4f524d2af
Gap vs simple,E_P|log1p|uniform|permissive|none,INTERP_LINEAR,dispersed_mod9,reconstructed_mean,common_bracketable_replacements,nonindustrial,bias,ng m-3,a_minus_b,-0.003021520508817892,-0.005738892510914148,-0.000640846109413539,360,20,1,station,20260921,2000,3e0ef5473342981884636471b6f5432f930a746d511ac18b3775e8a4f524d2af
Gap vs simple,E_P|log1p|uniform|permissive|none,INTERP_LINEAR,dispersed_mod9,reconstructed_mean,common_bracketable_replacements,nonindustrial_higher,RMSE,ng m-3,a_minus_b,-0.02206879346502166,-0.02760263905737526,-0.0154289920778249,180,10,1,station,20260921,2000,c164bb2bde69ef8518e826d607529421ee96e09ff1dd7c293101a71a99e140ed
Gap vs simple,E_P|log1p|uniform|permissive|none,INTERP_LINEAR,dispersed_mod9,reconstructed_mean,common_bracketable_replacements,nonindustrial_higher,MAE,ng m-3,a_minus_b,-0.016771672138405802,-0.021850420564718476,-0.011319258398380164,180,10,1,station,20260921,2000,c164bb2bde69ef8518e826d607529421ee96e09ff1dd7c293101a71a99e140ed
Gap vs simple,E_P|log1p|uniform|permissive|none,INTERP_LINEAR,dispersed_mod9,reconstructed_mean,common_bracketable_replacements,nonindustrial_higher,bias,ng m-3,a_minus_b,-0.006469640977646096,-0.010441244748522953,-0.0024126914439334696,180,10,1,station,20260921,2000,c164bb2bde69ef8518e826d607529421ee96e09ff1dd7c293101a71a99e140ed
Gap vs simple,E_P|log1p|uniform|permissive|none,INTERP_LINEAR,dispersed_mod9,reconstructed_mean,common_bracketable_replacements,nonindustrial_lower,RMSE,ng m-3,a_minus_b,-0.004674962965909198,-0.008995947822016492,-0.000565104908969754,180,10,1,station,20260921,2000,94142f7594801b6401cf4038ee476c24288c1b33cbddb48e4734c11e005d7ac8
Gap vs simple,E_P|log1p|uniform|permissive|none,INTERP_LINEAR,dispersed_mod9,reconstructed_mean,common_bracketable_replacements,nonindustrial_lower,MAE,ng m-3,a_minus_b,-0.0031802100177405687,-0.005866072257936515,-0.0007095671789313376,180,10,1,station,20260921,2000,94142f7594801b6401cf4038ee476c24288c1b33cbddb48e4734c11e005d7ac8
Gap vs simple,E_P|log1p|uniform|permissive|none,INTERP_LINEAR,dispersed_mod9,reconstructed_mean,common_bracketable_replacements,nonindustrial_lower,bias,ng m-3,a_minus_b,0.00042659996001031094,-0.0013121130920286936,0.001957575543463917,180,10,1,station,20260921,2000,94142f7594801b6401cf4038ee476c24288c1b33cbddb48e4734c11e005d7ac8
Gap vs simple,E_P|log1p|uniform|permissive|none,INTERP_LOGLINEAR,dispersed_mod9,reconstructed_mean,common_bracketable_replacements,all_network,RMSE,ng m-3,a_minus_b,-0.010536827440113292,-0.020502998912547622,-0.00791484527425675,378,21,1,station,20260921,2000,c558913d93016eab3c3970ab4e8280b575332b339b25456a6ef9b1d60763b854
Gap vs simple,E_P|log1p|uniform|permissive|none,INTERP_LOGLINEAR,dispersed_mod9,reconstructed_mean,common_bracketable_replacements,all_network,MAE,ng m-3,a_minus_b,-0.010150128957691972,-0.014214020018619303,-0.006270412308617338,378,21,1,station,20260921,2000,c558913d93016eab3c3970ab4e8280b575332b339b25456a6ef9b1d60763b854
Gap vs simple,E_P|log1p|uniform|permissive|none,INTERP_LOGLINEAR,dispersed_mod9,reconstructed_mean,common_bracketable_replacements,all_network,bias,ng m-3,a_minus_b,0.002335362392221955,-0.004023473012086238,0.00673632846802207,378,21,1,station,20260921,2000,c558913d93016eab3c3970ab4e8280b575332b339b25456a6ef9b1d60763b854
Gap vs simple,E_P|log1p|uniform|permissive|none,INTERP_LOGLINEAR,dispersed_mod9,reconstructed_mean,common_bracketable_replacements,nonindustrial,RMSE,ng m-3,a_minus_b,-0.016693333848963942,-0.021460151288623098,-0.010814193265108551,360,20,1,station,20260921,2000,3e0ef5473342981884636471b6f5432f930a746d511ac18b3775e8a4f524d2af
Gap vs simple,E_P|log1p|uniform|permissive|none,INTERP_LOGLINEAR,dispersed_mod9,reconstructed_mean,common_bracketable_replacements,nonindustrial,MAE,ng m-3,a_minus_b,-0.009832755277697473,-0.014254973987941507,-0.005785136371649443,360,20,1,station,20260921,2000,3e0ef5473342981884636471b6f5432f930a746d511ac18b3775e8a4f524d2af
Gap vs simple,E_P|log1p|uniform|permissive|none,INTERP_LOGLINEAR,dispersed_mod9,reconstructed_mean,common_bracketable_replacements,nonindustrial,bias,ng m-3,a_minus_b,0.005198092037813982,0.003106268588040481,0.007597136136672896,360,20,1,station,20260921,2000,3e0ef5473342981884636471b6f5432f930a746d511ac18b3775e8a4f524d2af
Gap vs simple,E_P|log1p|uniform|permissive|none,INTERP_LOGLINEAR,dispersed_mod9,reconstructed_mean,common_bracketable_replacements,nonindustrial_higher,RMSE,ng m-3,a_minus_b,-0.023529207920873606,-0.028069442727689516,-0.0171075617661225,180,10,1,station,20260921,2000,c164bb2bde69ef8518e826d607529421ee96e09ff1dd7c293101a71a99e140ed
Gap vs simple,E_P|log1p|uniform|permissive|none,INTERP_LOGLINEAR,dispersed_mod9,reconstructed_mean,common_bracketable_replacements,nonindustrial_higher,MAE,ng m-3,a_minus_b,-0.01711314905424638,-0.021685576847463615,-0.011770014662610143,180,10,1,station,20260921,2000,c164bb2bde69ef8518e826d607529421ee96e09ff1dd7c293101a71a99e140ed
Gap vs simple,E_P|log1p|uniform|permissive|none,INTERP_LOGLINEAR,dispersed_mod9,reconstructed_mean,common_bracketable_replacements,nonindustrial_higher,bias,ng m-3,a_minus_b,0.0072926184291412215,0.003810295871739478,0.011097237101742322,180,10,1,station,20260921,2000,c164bb2bde69ef8518e826d607529421ee96e09ff1dd7c293101a71a99e140ed
Gap vs simple,E_P|log1p|uniform|permissive|none,INTERP_LOGLINEAR,dispersed_mod9,reconstructed_mean,common_bracketable_replacements,nonindustrial_lower,RMSE,ng m-3,a_minus_b,-0.004134077384071719,-0.007875399779945702,-0.0006815479851493237,180,10,1,station,20260921,2000,94142f7594801b6401cf4038ee476c24288c1b33cbddb48e4734c11e005d7ac8
Gap vs simple,E_P|log1p|uniform|permissive|none,INTERP_LOGLINEAR,dispersed_mod9,reconstructed_mean,common_bracketable_replacements,nonindustrial_lower,MAE,ng m-3,a_minus_b,-0.0025523615011485666,-0.004860246743983714,-0.00024670390108034416,180,10,1,station,20260921,2000,94142f7594801b6401cf4038ee476c24288c1b33cbddb48e4734c11e005d7ac8
Gap vs simple,E_P|log1p|uniform|permissive|none,INTERP_LOGLINEAR,dispersed_mod9,reconstructed_mean,common_bracketable_replacements,nonindustrial_lower,bias,ng m-3,a_minus_b,0.00310356564648674,0.0012915099434934857,0.005181426552507215,180,10,1,station,20260921,2000,94142f7594801b6401cf4038ee476c24288c1b33cbddb48e4734c11e005d7ac8
Gap vs simple,E_P|log1p|uniform|permissive|none,PM_RIDGE,dispersed_mod9,reconstructed_mean,common_bracketable_replacements,all_network,RMSE,ng m-3,a_minus_b,-0.011495566925075779,-0.025737940607823362,-0.0073450170032876155,378,21,1,station,20260921,2000,c558913d93016eab3c3970ab4e8280b575332b339b25456a6ef9b1d60763b854
Gap vs simple,E_P|log1p|uniform|permissive|none,PM_RIDGE,dispersed_mod9,reconstructed_mean,common_bracketable_replacements,all_network,MAE,ng m-3,a_minus_b,-0.013759658379890006,-0.019616204487757295,-0.008917161639161645,378,21,1,station,20260921,2000,c558913d93016eab3c3970ab4e8280b575332b339b25456a6ef9b1d60763b854
Gap vs simple,E_P|log1p|uniform|permissive|none,PM_RIDGE,dispersed_mod9,reconstructed_mean,common_bracketable_replacements,all_network,bias,ng m-3,a_minus_b,0.010037683756175662,0.00025159284757400607,0.020613661490457607,378,21,1,station,20260921,2000,c558913d93016eab3c3970ab4e8280b575332b339b25456a6ef9b1d60763b854
Gap vs simple,E_P|log1p|uniform|permissive|none,PM_RIDGE,dispersed_mod9,reconstructed_mean,common_bracketable_replacements,nonindustrial,RMSE,ng m-3,a_minus_b,-0.020149111285592842,-0.028060004304295203,-0.012183446846763401,360,20,1,station,20260921,2000,3e0ef5473342981884636471b6f5432f930a746d511ac18b3775e8a4f524d2af
Gap vs simple,E_P|log1p|uniform|permissive|none,PM_RIDGE,dispersed_mod9,reconstructed_mean,common_bracketable_replacements,nonindustrial,MAE,ng m-3,a_minus_b,-0.013605136981736146,-0.01983090451384537,-0.008470629650248569,360,20,1,station,20260921,2000,3e0ef5473342981884636471b6f5432f930a746d511ac18b3775e8a4f524d2af
Gap vs simple,E_P|log1p|uniform|permissive|none,PM_RIDGE,dispersed_mod9,reconstructed_mean,common_bracketable_replacements,nonindustrial,bias,ng m-3,a_minus_b,0.011533880440800216,0.002129504352540889,0.022296447661755762,360,20,1,station,20260921,2000,3e0ef5473342981884636471b6f5432f930a746d511ac18b3775e8a4f524d2af
Gap vs simple,E_P|log1p|uniform|permissive|none,PM_RIDGE,dispersed_mod9,reconstructed_mean,common_bracketable_replacements,nonindustrial_higher,RMSE,ng m-3,a_minus_b,-0.027765833097738907,-0.037418387755903997,-0.017330285826006143,180,10,1,station,20260921,2000,c164bb2bde69ef8518e826d607529421ee96e09ff1dd7c293101a71a99e140ed
Gap vs simple,E_P|log1p|uniform|permissive|none,PM_RIDGE,dispersed_mod9,reconstructed_mean,common_bracketable_replacements,nonindustrial_higher,MAE,ng m-3,a_minus_b,-0.021144346206767556,-0.030573064615793788,-0.012545258066969116,180,10,1,station,20260921,2000,c164bb2bde69ef8518e826d607529421ee96e09ff1dd7c293101a71a99e140ed
Gap vs simple,E_P|log1p|uniform|permissive|none,PM_RIDGE,dispersed_mod9,reconstructed_mean,common_bracketable_replacements,nonindustrial_higher,bias,ng m-3,a_minus_b,0.030384723827855842,0.020178559521643435,0.04105246772833842,180,10,1,station,20260921,2000,c164bb2bde69ef8518e826d607529421ee96e09ff1dd7c293101a71a99e140ed
Gap vs simple,E_P|log1p|uniform|permissive|none,PM_RIDGE,dispersed_mod9,reconstructed_mean,common_bracketable_replacements,nonindustrial_lower,RMSE,ng m-3,a_minus_b,-0.006961265831627685,-0.010390903542553735,-0.0037254387025251524,180,10,1,station,20260921,2000,94142f7594801b6401cf4038ee476c24288c1b33cbddb48e4734c11e005d7ac8
Gap vs simple,E_P|log1p|uniform|permissive|none,PM_RIDGE,dispersed_mod9,reconstructed_mean,common_bracketable_replacements,nonindustrial_lower,MAE,ng m-3,a_minus_b,-0.006065927756704743,-0.00889079071911178,-0.0033509489316334005,180,10,1,station,20260921,2000,94142f7594801b6401cf4038ee476c24288c1b33cbddb48e4734c11e005d7ac8
Gap vs simple,E_P|log1p|uniform|permissive|none,PM_RIDGE,dispersed_mod9,reconstructed_mean,common_bracketable_replacements,nonindustrial_lower,bias,ng m-3,a_minus_b,-0.007316962946255413,-0.012093125115570912,-0.002039764275870203,180,10,1,station,20260921,2000,94142f7594801b6401cf4038ee476c24288c1b33cbddb48e4734c11e005d7ac8
