eoi,year,observed,prediction,n,n_sampled,stratum,method,protocol
SK0002A,2024,0.48551416666666664,0.43915721715,120,120,lower,E_NO2|log1p|uniform|permissive|none,block30
SK0002A,2025,0.3338931297709924,0.42927680713740457,131,131,lower,E_NO2|log1p|uniform|permissive|none,block30
SK0004R,2024,0.2383132530120482,0.22674500971084338,166,166,lower,E_NO2|log1p|uniform|permissive|none,block30
SK0004R,2025,0.23638787878787879,0.24706909580909092,165,165,lower,E_NO2|log1p|uniform|permissive|none,block30
SK0006R,2024,0.2191146551724138,0.2292378224784483,116,116,lower,E_NO2|log1p|uniform|permissive|none,block30
SK0006R,2025,0.30306722689075627,0.2548485898067227,119,119,lower,E_NO2|log1p|uniform|permissive|none,block30
SK0008A,2024,1.7399993589743592,1.6992139126294872,156,156,higher,E_NO2|log1p|uniform|permissive|none,block30
SK0008A,2025,1.419208,1.47178922012,125,125,higher,E_NO2|log1p|uniform|permissive|none,block30
SK0018A,2024,6.173277118644068,4.123664501186441,118,118,higher,E_NO2|log1p|uniform|permissive|none,block30
SK0018A,2025,5.750974789915967,4.299932086302522,119,119,higher,E_NO2|log1p|uniform|permissive|none,block30
SK0020A,2024,1.3145647540983607,1.198898038557377,122,122,higher,E_NO2|log1p|uniform|permissive|none,block30
SK0020A,2025,1.554148514851485,1.5394642367128712,101,101,higher,E_NO2|log1p|uniform|permissive|none,block30
SK0025A,2024,3.4843,3.326188274752066,121,121,higher,E_NO2|log1p|uniform|permissive|none,block30
SK0025A,2025,2.374333333333333,2.393714796236842,114,114,higher,E_NO2|log1p|uniform|permissive|none,block30
SK0039A,2024,1.0412450381679388,0.9734599016717558,131,131,higher,E_NO2|log1p|uniform|permissive|none,block30
SK0039A,2025,1.1465474860335196,1.0594077997793296,179,179,higher,E_NO2|log1p|uniform|permissive|none,block30
SK0045A,2024,0.5517336538461538,0.4579308411923077,104,104,lower,E_NO2|log1p|uniform|permissive|none,block30
SK0045A,2025,0.4586486486486486,0.5015214586216216,74,74,lower,E_NO2|log1p|uniform|permissive|none,block30
SK0048A,2024,0.19027164179104478,0.1925886428022388,134,134,lower,E_NO2|log1p|uniform|permissive|none,block30
SK0048A,2025,0.19674789915966387,0.2662595664159664,119,119,lower,E_NO2|log1p|uniform|permissive|none,block30
SK0050A,2024,0.9373400000000001,0.9055003409151514,165,165,lower,E_NO2|log1p|uniform|permissive|none,block30
SK0050A,2025,0.855475,0.9049504296083334,120,120,lower,E_NO2|log1p|uniform|permissive|none,block30
SK0061A,2024,0.3596550458715596,0.31567446388073395,109,109,lower,E_NO2|log1p|uniform|permissive|none,block30
SK0061A,2025,0.28588617886178863,0.39110226872357723,123,123,lower,E_NO2|log1p|uniform|permissive|none,block30
SK0066A,2024,1.408934328358209,1.367672129664179,134,134,higher,E_NO2|log1p|uniform|permissive|none,block30
SK0066A,2025,1.2047874015748032,1.2332475854409448,127,127,higher,E_NO2|log1p|uniform|permissive|none,block30
SK0070A,2024,2.183129166666667,2.0807409148541667,96,96,higher,E_NO2|log1p|uniform|permissive|none,block30
SK0070A,2025,1.8754318181818184,1.7800507977386362,88,88,higher,E_NO2|log1p|uniform|permissive|none,block30
SK0071A,2024,2.0584204918032785,1.6128062374836065,122,122,higher,E_NO2|log1p|uniform|permissive|none,block30
SK0071A,2025,1.5632685185185184,1.5174003378703704,108,108,higher,E_NO2|log1p|uniform|permissive|none,block30
SK0076A,2024,0.49729646017699114,0.33230008492920354,113,113,lower,E_NO2|log1p|uniform|permissive|none,block30
SK0076A,2025,0.39205555555555555,0.5369032391981482,108,108,lower,E_NO2|log1p|uniform|permissive|none,block30
SK0078A,2024,2.155560344827586,1.922674294301724,116,116,higher,E_NO2|log1p|uniform|permissive|none,block30
SK0078A,2025,2.0732371134020617,1.9402953272989691,97,97,higher,E_NO2|log1p|uniform|permissive|none,block30
SK0214A,2024,1.0126264462809917,1.0135705005454545,121,121,higher,E_NO2|log1p|uniform|permissive|none,block30
SK0214A,2025,1.1335981308411216,0.9725560984018692,107,107,higher,E_NO2|log1p|uniform|permissive|none,block30
SK0263A,2024,0.7357486725663717,0.7873536724610619,113,113,lower,E_NO2|log1p|uniform|permissive|none,block30
SK0263A,2025,0.7383177570093458,0.6925818393364486,107,107,lower,E_NO2|log1p|uniform|permissive|none,block30
SK0265A,2024,1.7921026785714285,1.6836651990714286,112,112,higher,E_NO2|log1p|uniform|permissive|none,block30
SK0265A,2025,1.9814957264957265,1.8986768888034187,117,117,higher,E_NO2|log1p|uniform|permissive|none,block30
SK0269A,2024,0.5201866071428571,0.46919355811607144,112,112,lower,E_NO2|log1p|uniform|permissive|none,block30
SK0269A,2025,0.46375714285714287,0.44942737688571427,140,140,lower,E_NO2|log1p|uniform|permissive|none,block30
SK0002A,2024,0.48551416666666664,0.5547105625333334,120,120,lower,E_NO2|log1p|uniform|permissive|none,loso
SK0002A,2025,0.3338931297709924,0.45616706396946566,131,131,lower,E_NO2|log1p|uniform|permissive|none,loso
SK0004R,2024,0.2383132530120482,0.3674489098259036,166,166,lower,E_NO2|log1p|uniform|permissive|none,loso
SK0004R,2025,0.23638787878787879,0.4187181200345454,165,165,lower,E_NO2|log1p|uniform|permissive|none,loso
SK0006R,2024,0.2191146551724138,0.31931646711206896,116,116,lower,E_NO2|log1p|uniform|permissive|none,loso
SK0006R,2025,0.30306722689075627,0.32881955863025214,119,119,lower,E_NO2|log1p|uniform|permissive|none,loso
SK0008A,2024,1.7399993589743592,2.8821872738333334,156,156,higher,E_NO2|log1p|uniform|permissive|none,loso
SK0008A,2025,1.419208,2.169002157728,125,125,higher,E_NO2|log1p|uniform|permissive|none,loso
SK0018A,2024,6.173277118644068,0.48129288560169486,118,118,higher,E_NO2|log1p|uniform|permissive|none,loso
SK0018A,2025,5.750974789915967,0.5548333908487395,119,119,higher,E_NO2|log1p|uniform|permissive|none,loso
SK0020A,2024,1.3145647540983607,1.251623736262295,122,122,higher,E_NO2|log1p|uniform|permissive|none,loso
SK0020A,2025,1.554148514851485,1.479477634960396,101,101,higher,E_NO2|log1p|uniform|permissive|none,loso
SK0025A,2024,3.4843,1.1447476618264463,121,121,higher,E_NO2|log1p|uniform|permissive|none,loso
SK0025A,2025,2.374333333333333,0.8612266239122807,114,114,higher,E_NO2|log1p|uniform|permissive|none,loso
SK0039A,2024,1.0412450381679388,1.184660299778626,131,131,higher,E_NO2|log1p|uniform|permissive|none,loso
SK0039A,2025,1.1465474860335196,1.3402949481340782,179,179,higher,E_NO2|log1p|uniform|permissive|none,loso
SK0045A,2024,0.5517336538461538,0.49827511823076925,104,104,lower,E_NO2|log1p|uniform|permissive|none,loso
SK0045A,2025,0.4586486486486486,0.49568499108783787,74,74,lower,E_NO2|log1p|uniform|permissive|none,loso
SK0048A,2024,0.19027164179104478,0.3534171186940298,134,134,lower,E_NO2|log1p|uniform|permissive|none,loso
SK0048A,2025,0.19674789915966387,0.4737799060537815,119,119,lower,E_NO2|log1p|uniform|permissive|none,loso
SK0050A,2024,0.9373400000000001,1.6694154290060605,165,165,lower,E_NO2|log1p|uniform|permissive|none,loso
SK0050A,2025,0.855475,1.6369619613666666,120,120,lower,E_NO2|log1p|uniform|permissive|none,loso
SK0061A,2024,0.3596550458715596,0.5878710124036697,109,109,lower,E_NO2|log1p|uniform|permissive|none,loso
SK0061A,2025,0.28588617886178863,0.6042509981869919,123,123,lower,E_NO2|log1p|uniform|permissive|none,loso
SK0066A,2024,1.408934328358209,1.9983217798059703,134,134,higher,E_NO2|log1p|uniform|permissive|none,loso
SK0066A,2025,1.2047874015748032,1.7812589596377952,127,127,higher,E_NO2|log1p|uniform|permissive|none,loso
SK0070A,2024,2.183129166666667,2.065277816489583,96,96,higher,E_NO2|log1p|uniform|permissive|none,loso
SK0070A,2025,1.8754318181818184,1.8071499267386364,88,88,higher,E_NO2|log1p|uniform|permissive|none,loso
SK0071A,2024,2.0584204918032785,0.7914799767213115,122,122,higher,E_NO2|log1p|uniform|permissive|none,loso
SK0071A,2025,1.5632685185185184,0.7060733692129629,108,108,higher,E_NO2|log1p|uniform|permissive|none,loso
SK0076A,2024,0.49729646017699114,0.32818015402123896,113,113,lower,E_NO2|log1p|uniform|permissive|none,loso
SK0076A,2025,0.39205555555555555,1.949266233148148,108,108,lower,E_NO2|log1p|uniform|permissive|none,loso
SK0078A,2024,2.155560344827586,1.441435001387931,116,116,higher,E_NO2|log1p|uniform|permissive|none,loso
SK0078A,2025,2.0732371134020617,1.3694475665360824,97,97,higher,E_NO2|log1p|uniform|permissive|none,loso
SK0214A,2024,1.0126264462809917,0.6486464493636364,121,121,higher,E_NO2|log1p|uniform|permissive|none,loso
SK0214A,2025,1.1335981308411216,0.6462184012056075,107,107,higher,E_NO2|log1p|uniform|permissive|none,loso
SK0263A,2024,0.7357486725663717,1.265047660318584,113,113,lower,E_NO2|log1p|uniform|permissive|none,loso
SK0263A,2025,0.7383177570093458,1.051519913775701,107,107,lower,E_NO2|log1p|uniform|permissive|none,loso
SK0265A,2024,1.7921026785714285,1.6202935226964286,112,112,higher,E_NO2|log1p|uniform|permissive|none,loso
SK0265A,2025,1.9814957264957265,1.8103046929230768,117,117,higher,E_NO2|log1p|uniform|permissive|none,loso
SK0269A,2024,0.5201866071428571,0.5156615495535715,112,112,lower,E_NO2|log1p|uniform|permissive|none,loso
SK0269A,2025,0.46375714285714287,0.4347452893857143,140,140,lower,E_NO2|log1p|uniform|permissive|none,loso
SK0002A,2024,0.48551416666666664,0.4339985339333333,120,120,lower,E_PM|log1p|uniform|permissive|none,block30
SK0002A,2025,0.3338931297709924,0.39709533483206105,131,131,lower,E_PM|log1p|uniform|permissive|none,block30
SK0004R,2024,0.2383132530120482,0.24314978233734938,166,166,lower,E_PM|log1p|uniform|permissive|none,block30
SK0004R,2025,0.23638787878787879,0.2713589485539394,165,165,lower,E_PM|log1p|uniform|permissive|none,block30
SK0006R,2024,0.2191146551724138,0.2559145498965517,116,116,lower,E_PM|log1p|uniform|permissive|none,block30
SK0006R,2025,0.30306722689075627,0.2521845972689076,119,119,lower,E_PM|log1p|uniform|permissive|none,block30
SK0008A,2024,1.7399993589743592,1.7218794937243591,156,156,higher,E_PM|log1p|uniform|permissive|none,block30
SK0008A,2025,1.419208,1.432298265968,125,125,higher,E_PM|log1p|uniform|permissive|none,block30
SK0018A,2024,6.173277118644068,4.859892252288136,118,118,higher,E_PM|log1p|uniform|permissive|none,block30
SK0018A,2025,5.750974789915967,4.20709885907563,119,119,higher,E_PM|log1p|uniform|permissive|none,block30
SK0020A,2024,1.3145647540983607,1.371082298032787,122,122,higher,E_PM|log1p|uniform|permissive|none,block30
SK0020A,2025,1.554148514851485,1.3992085596930695,101,101,higher,E_PM|log1p|uniform|permissive|none,block30
SK0025A,2024,3.4843,3.5083621294049587,121,121,higher,E_PM|log1p|uniform|permissive|none,block30
SK0025A,2025,2.374333333333333,2.165280128859649,114,114,higher,E_PM|log1p|uniform|permissive|none,block30
SK0039A,2024,1.0412450381679388,1.0630033333587787,131,131,higher,E_PM|log1p|uniform|permissive|none,block30
SK0039A,2025,1.1465474860335196,1.2004633520988828,179,179,higher,E_PM|log1p|uniform|permissive|none,block30
SK0045A,2024,0.5517336538461538,0.4909286579038462,104,104,lower,E_PM|log1p|uniform|permissive|none,block30
SK0045A,2025,0.4586486486486486,0.5196245302432433,74,74,lower,E_PM|log1p|uniform|permissive|none,block30
SK0048A,2024,0.19027164179104478,0.1947278643402985,134,134,lower,E_PM|log1p|uniform|permissive|none,block30
SK0048A,2025,0.19674789915966387,0.2767848319159664,119,119,lower,E_PM|log1p|uniform|permissive|none,block30
SK0050A,2024,0.9373400000000001,1.0203181391575757,165,165,lower,E_PM|log1p|uniform|permissive|none,block30
SK0050A,2025,0.855475,0.8664069088749999,120,120,lower,E_PM|log1p|uniform|permissive|none,block30
SK0061A,2024,0.3596550458715596,0.3698344792110092,109,109,lower,E_PM|log1p|uniform|permissive|none,block30
SK0061A,2025,0.28588617886178863,0.37438245333577236,123,123,lower,E_PM|log1p|uniform|permissive|none,block30
SK0066A,2024,1.408934328358209,1.5052640181940298,134,134,higher,E_PM|log1p|uniform|permissive|none,block30
SK0066A,2025,1.2047874015748032,1.1015335729055118,127,127,higher,E_PM|log1p|uniform|permissive|none,block30
SK0070A,2024,2.183129166666667,2.331197651145833,96,96,higher,E_PM|log1p|uniform|permissive|none,block30
SK0070A,2025,1.8754318181818184,1.7638603776477273,88,88,higher,E_PM|log1p|uniform|permissive|none,block30
SK0071A,2024,2.0584204918032785,1.9557436576885245,122,122,higher,E_PM|log1p|uniform|permissive|none,block30
SK0071A,2025,1.5632685185185184,1.410803682425926,108,108,higher,E_PM|log1p|uniform|permissive|none,block30
SK0076A,2024,0.49729646017699114,0.38450925594690266,113,113,lower,E_PM|log1p|uniform|permissive|none,block30
SK0076A,2025,0.39205555555555555,0.43497431821296295,108,108,lower,E_PM|log1p|uniform|permissive|none,block30
SK0078A,2024,2.155560344827586,2.0985382425431034,116,116,higher,E_PM|log1p|uniform|permissive|none,block30
SK0078A,2025,2.0732371134020617,1.977200258886598,97,97,higher,E_PM|log1p|uniform|permissive|none,block30
SK0214A,2024,1.0126264462809917,1.0297569387603305,121,121,higher,E_PM|log1p|uniform|permissive|none,block30
SK0214A,2025,1.1335981308411216,0.980000861635514,107,107,higher,E_PM|log1p|uniform|permissive|none,block30
SK0263A,2024,0.7357486725663717,0.8276064682831857,113,113,lower,E_PM|log1p|uniform|permissive|none,block30
SK0263A,2025,0.7383177570093458,0.7923853348915887,107,107,lower,E_PM|log1p|uniform|permissive|none,block30
SK0265A,2024,1.7921026785714285,1.8306425509017856,112,112,higher,E_PM|log1p|uniform|permissive|none,block30
SK0265A,2025,1.9814957264957265,1.8675320622606837,117,117,higher,E_PM|log1p|uniform|permissive|none,block30
SK0269A,2024,0.5201866071428571,0.46875001815178574,112,112,lower,E_PM|log1p|uniform|permissive|none,block30
SK0269A,2025,0.46375714285714287,0.46219658005714287,140,140,lower,E_PM|log1p|uniform|permissive|none,block30
SK0002A,2024,0.48551416666666664,0.5150075688166666,120,120,lower,E_PM|log1p|uniform|permissive|none,loso
SK0002A,2025,0.3338931297709924,0.3840090140687023,131,131,lower,E_PM|log1p|uniform|permissive|none,loso
SK0004R,2024,0.2383132530120482,0.2863396753018072,166,166,lower,E_PM|log1p|uniform|permissive|none,loso
SK0004R,2025,0.23638787878787879,0.3549191978358788,165,165,lower,E_PM|log1p|uniform|permissive|none,loso
SK0006R,2024,0.2191146551724138,0.5424005100362069,116,116,lower,E_PM|log1p|uniform|permissive|none,loso
SK0006R,2025,0.30306722689075627,0.5457737060310924,119,119,lower,E_PM|log1p|uniform|permissive|none,loso
SK0008A,2024,1.7399993589743592,1.617196736596154,156,156,higher,E_PM|log1p|uniform|permissive|none,loso
SK0008A,2025,1.419208,1.37518495732,125,125,higher,E_PM|log1p|uniform|permissive|none,loso
SK0018A,2024,6.173277118644068,0.7151797919491526,118,118,higher,E_PM|log1p|uniform|permissive|none,loso
SK0018A,2025,5.750974789915967,0.7934458441848738,119,119,higher,E_PM|log1p|uniform|permissive|none,loso
SK0020A,2024,1.3145647540983607,1.4296649092295082,122,122,higher,E_PM|log1p|uniform|permissive|none,loso
SK0020A,2025,1.554148514851485,1.4660687633267329,101,101,higher,E_PM|log1p|uniform|permissive|none,loso
SK0025A,2024,3.4843,2.4372482383471072,121,121,higher,E_PM|log1p|uniform|permissive|none,loso
SK0025A,2025,2.374333333333333,1.5840657951929824,114,114,higher,E_PM|log1p|uniform|permissive|none,loso
SK0039A,2024,1.0412450381679388,1.3687447558015269,131,131,higher,E_PM|log1p|uniform|permissive|none,loso
SK0039A,2025,1.1465474860335196,1.5764187958268157,179,179,higher,E_PM|log1p|uniform|permissive|none,loso
SK0045A,2024,0.5517336538461538,0.6305726852019231,104,104,lower,E_PM|log1p|uniform|permissive|none,loso
SK0045A,2025,0.4586486486486486,0.5726972546351352,74,74,lower,E_PM|log1p|uniform|permissive|none,loso
SK0048A,2024,0.19027164179104478,0.5411048426044776,134,134,lower,E_PM|log1p|uniform|permissive|none,loso
SK0048A,2025,0.19674789915966387,0.6243852721512606,119,119,lower,E_PM|log1p|uniform|permissive|none,loso
SK0050A,2024,0.9373400000000001,1.2274373051272727,165,165,lower,E_PM|log1p|uniform|permissive|none,loso
SK0050A,2025,0.855475,1.0899500858666669,120,120,lower,E_PM|log1p|uniform|permissive|none,loso
SK0061A,2024,0.3596550458715596,0.5858526655229358,109,109,lower,E_PM|log1p|uniform|permissive|none,loso
SK0061A,2025,0.28588617886178863,0.5176452257235773,123,123,lower,E_PM|log1p|uniform|permissive|none,loso
SK0066A,2024,1.408934328358209,1.7887311872537315,134,134,higher,E_PM|log1p|uniform|permissive|none,loso
SK0066A,2025,1.2047874015748032,1.360322512,127,127,higher,E_PM|log1p|uniform|permissive|none,loso
SK0070A,2024,2.183129166666667,2.7328629721874997,96,96,higher,E_PM|log1p|uniform|permissive|none,loso
SK0070A,2025,1.8754318181818184,2.2888668004545454,88,88,higher,E_PM|log1p|uniform|permissive|none,loso
SK0071A,2024,2.0584204918032785,0.9540487351639344,122,122,higher,E_PM|log1p|uniform|permissive|none,loso
SK0071A,2025,1.5632685185185184,0.7679315299074074,108,108,higher,E_PM|log1p|uniform|permissive|none,loso
SK0076A,2024,0.49729646017699114,1.2441978275221237,113,113,lower,E_PM|log1p|uniform|permissive|none,loso
SK0076A,2025,0.39205555555555555,1.9402994228703705,108,108,lower,E_PM|log1p|uniform|permissive|none,loso
SK0078A,2024,2.155560344827586,1.8845407634913793,116,116,higher,E_PM|log1p|uniform|permissive|none,loso
SK0078A,2025,2.0732371134020617,1.842790059185567,97,97,higher,E_PM|log1p|uniform|permissive|none,loso
SK0214A,2024,1.0126264462809917,0.42356162813884296,121,121,higher,E_PM|log1p|uniform|permissive|none,loso
SK0214A,2025,1.1335981308411216,0.3646930063925234,107,107,higher,E_PM|log1p|uniform|permissive|none,loso
SK0263A,2024,0.7357486725663717,0.9843942206017698,113,113,lower,E_PM|log1p|uniform|permissive|none,loso
SK0263A,2025,0.7383177570093458,0.9501176466261683,107,107,lower,E_PM|log1p|uniform|permissive|none,loso
SK0265A,2024,1.7921026785714285,1.5688999339285714,112,112,higher,E_PM|log1p|uniform|permissive|none,loso
SK0265A,2025,1.9814957264957265,1.623961827888889,117,117,higher,E_PM|log1p|uniform|permissive|none,loso
SK0269A,2024,0.5201866071428571,0.5280094740625,112,112,lower,E_PM|log1p|uniform|permissive|none,loso
SK0269A,2025,0.46375714285714287,0.4667148112214286,140,140,lower,E_PM|log1p|uniform|permissive|none,loso
SK0002A,2024,0.48551416666666664,0.47151868714999995,120,120,lower,E_P_500M,block30
SK0002A,2025,0.3338931297709924,0.42939127585496184,131,131,lower,E_P_500M,block30
SK0004R,2024,0.2383132530120482,0.23477626234337348,166,166,lower,E_P_500M,block30
SK0004R,2025,0.23638787878787879,0.2647672923775758,165,165,lower,E_P_500M,block30
SK0006R,2024,0.2191146551724138,0.2416276429172414,116,116,lower,E_P_500M,block30
SK0006R,2025,0.30306722689075627,0.2429935544537815,119,119,lower,E_P_500M,block30
SK0008A,2024,1.7399993589743592,1.8071167594679487,156,156,higher,E_P_500M,block30
SK0008A,2025,1.419208,1.4219202494799998,125,125,higher,E_P_500M,block30
SK0018A,2024,6.173277118644068,4.840476466694915,118,118,higher,E_P_500M,block30
SK0018A,2025,5.750974789915967,4.378900931932773,119,119,higher,E_P_500M,block30
SK0020A,2024,1.3145647540983607,1.2810561156885245,122,122,higher,E_P_500M,block30
SK0020A,2025,1.554148514851485,1.3844026326039605,101,101,higher,E_P_500M,block30
SK0025A,2024,3.4843,3.5468330156198347,121,121,higher,E_P_500M,block30
SK0025A,2025,2.374333333333333,2.297695944017544,114,114,higher,E_P_500M,block30
SK0039A,2024,1.0412450381679388,1.0406394033816795,131,131,higher,E_P_500M,block30
SK0039A,2025,1.1465474860335196,1.1664043986089385,179,179,higher,E_P_500M,block30
SK0045A,2024,0.5517336538461538,0.46903488883653843,104,104,lower,E_P_500M,block30
SK0045A,2025,0.4586486486486486,0.4653190847702703,74,74,lower,E_P_500M,block30
SK0048A,2024,0.19027164179104478,0.22000508310074626,134,134,lower,E_P_500M,block30
SK0048A,2025,0.19674789915966387,0.2957657257672269,119,119,lower,E_P_500M,block30
SK0050A,2024,0.9373400000000001,0.933060840260606,165,165,lower,E_P_500M,block30
SK0050A,2025,0.855475,0.848064098375,120,120,lower,E_P_500M,block30
SK0061A,2024,0.3596550458715596,0.33842652018348623,109,109,lower,E_P_500M,block30
SK0061A,2025,0.28588617886178863,0.38604910087317074,123,123,lower,E_P_500M,block30
SK0066A,2024,1.408934328358209,1.3826458872910448,134,134,higher,E_P_500M,block30
SK0066A,2025,1.2047874015748032,1.0273694344960629,127,127,higher,E_P_500M,block30
SK0070A,2024,2.183129166666667,2.2294719567291668,96,96,higher,E_P_500M,block30
SK0070A,2025,1.8754318181818184,1.7588068735681817,88,88,higher,E_P_500M,block30
SK0071A,2024,2.0584204918032785,2.0001057954508195,122,122,higher,E_P_500M,block30
SK0071A,2025,1.5632685185185184,1.5118976603055556,108,108,higher,E_P_500M,block30
SK0076A,2024,0.49729646017699114,0.364383201661062,113,113,lower,E_P_500M,block30
SK0076A,2025,0.39205555555555555,0.428674597812037,108,108,lower,E_P_500M,block30
SK0078A,2024,2.155560344827586,2.159832292887931,116,116,higher,E_P_500M,block30
SK0078A,2025,2.0732371134020617,2.040168580402062,97,97,higher,E_P_500M,block30
SK0214A,2024,1.0126264462809917,1.1185684349586777,121,121,higher,E_P_500M,block30
SK0214A,2025,1.1335981308411216,1.0369966826448598,107,107,higher,E_P_500M,block30
SK0263A,2024,0.7357486725663717,0.7826599151150443,113,113,lower,E_P_500M,block30
SK0263A,2025,0.7383177570093458,0.7088904015981309,107,107,lower,E_P_500M,block30
SK0265A,2024,1.7921026785714285,1.754990241080357,112,112,higher,E_P_500M,block30
SK0265A,2025,1.9814957264957265,1.843769043059829,117,117,higher,E_P_500M,block30
SK0269A,2024,0.5201866071428571,0.4746034255803572,112,112,lower,E_P_500M,block30
SK0269A,2025,0.46375714285714287,0.46286720309285717,140,140,lower,E_P_500M,block30
SK0002A,2024,0.48551416666666664,0.6927199626308334,120,120,lower,E_P_500M,loso
SK0002A,2025,0.3338931297709924,0.5175694760381679,131,131,lower,E_P_500M,loso
SK0004R,2024,0.2383132530120482,0.45474781956626503,166,166,lower,E_P_500M,loso
SK0004R,2025,0.23638787878787879,0.5174774064052121,165,165,lower,E_P_500M,loso
SK0006R,2024,0.2191146551724138,0.4731781485741379,116,116,lower,E_P_500M,loso
SK0006R,2025,0.30306722689075627,0.48506015888235293,119,119,lower,E_P_500M,loso
SK0008A,2024,1.7399993589743592,2.0752608778269233,156,156,higher,E_P_500M,loso
SK0008A,2025,1.419208,1.677138058168,125,125,higher,E_P_500M,loso
SK0018A,2024,6.173277118644068,0.6943903922657627,118,118,higher,E_P_500M,loso
SK0018A,2025,5.750974789915967,0.7795567666204202,119,119,higher,E_P_500M,loso
SK0020A,2024,1.3145647540983607,0.9853071449672132,122,122,higher,E_P_500M,loso
SK0020A,2025,1.554148514851485,1.1002016016633662,101,101,higher,E_P_500M,loso
SK0025A,2024,3.4843,2.980483855305785,121,121,higher,E_P_500M,loso
SK0025A,2025,2.374333333333333,2.117851683850877,114,114,higher,E_P_500M,loso
SK0039A,2024,1.0412450381679388,1.237463189793893,131,131,higher,E_P_500M,loso
SK0039A,2025,1.1465474860335196,1.4454382573519553,179,179,higher,E_P_500M,loso
SK0045A,2024,0.5517336538461538,0.48572088819230774,104,104,lower,E_P_500M,loso
SK0045A,2025,0.4586486486486486,0.43945128189189187,74,74,lower,E_P_500M,loso
SK0048A,2024,0.19027164179104478,0.7263441529179104,134,134,lower,E_P_500M,loso
SK0048A,2025,0.19674789915966387,0.8347200229327731,119,119,lower,E_P_500M,loso
SK0050A,2024,0.9373400000000001,0.8487317222909091,165,165,lower,E_P_500M,loso
SK0050A,2025,0.855475,0.7936216037916667,120,120,lower,E_P_500M,loso
SK0061A,2024,0.3596550458715596,0.4954627260963303,109,109,lower,E_P_500M,loso
SK0061A,2025,0.28588617886178863,0.49550322688617887,123,123,lower,E_P_500M,loso
SK0066A,2024,1.408934328358209,1.2262930970597015,134,134,higher,E_P_500M,loso
SK0066A,2025,1.2047874015748032,0.9230867828582677,127,127,higher,E_P_500M,loso
SK0070A,2024,2.183129166666667,2.042772560770833,96,96,higher,E_P_500M,loso
SK0070A,2025,1.8754318181818184,1.6058785792045454,88,88,higher,E_P_500M,loso
SK0071A,2024,2.0584204918032785,1.9241504371065574,122,122,higher,E_P_500M,loso
SK0071A,2025,1.5632685185185184,1.4334804274814814,108,108,higher,E_P_500M,loso
SK0076A,2024,0.49729646017699114,0.2403229825115044,113,113,lower,E_P_500M,loso
SK0076A,2025,0.39205555555555555,1.0498010687962962,108,108,lower,E_P_500M,loso
SK0078A,2024,2.155560344827586,1.861475972551724,116,116,higher,E_P_500M,loso
SK0078A,2025,2.0732371134020617,1.751917784041237,97,97,higher,E_P_500M,loso
SK0214A,2024,1.0126264462809917,0.9892820649793389,121,121,higher,E_P_500M,loso
SK0214A,2025,1.1335981308411216,0.9470763996682243,107,107,higher,E_P_500M,loso
SK0263A,2024,0.7357486725663717,0.6764721850442478,113,113,lower,E_P_500M,loso
SK0263A,2025,0.7383177570093458,0.5963643446168224,107,107,lower,E_P_500M,loso
SK0265A,2024,1.7921026785714285,1.274947003375,112,112,higher,E_P_500M,loso
SK0265A,2025,1.9814957264957265,1.3636984879316238,117,117,higher,E_P_500M,loso
SK0269A,2024,0.5201866071428571,0.47384186823214286,112,112,lower,E_P_500M,loso
SK0269A,2025,0.46375714285714287,0.4270818428428571,140,140,lower,E_P_500M,loso
SK0002A,2024,0.48551416666666664,0.4523394494083333,120,120,lower,E_P_MATCHED,block30
SK0002A,2025,0.3338931297709924,0.39597727922137405,131,131,lower,E_P_MATCHED,block30
SK0004R,2024,0.2383132530120482,0.23685613971084335,166,166,lower,E_P_MATCHED,block30
SK0004R,2025,0.23638787878787879,0.2671305426387879,165,165,lower,E_P_MATCHED,block30
SK0006R,2024,0.2191146551724138,0.22894427334051726,116,116,lower,E_P_MATCHED,block30
SK0006R,2025,0.30306722689075627,0.2548485898067227,119,119,lower,E_P_MATCHED,block30
SK0008A,2024,1.7399993589743592,1.7254702897435896,156,156,higher,E_P_MATCHED,block30
SK0008A,2025,1.419208,1.4096300157200001,125,125,higher,E_P_MATCHED,block30
SK0018A,2024,6.173277118644068,4.859892252288136,118,118,higher,E_P_MATCHED,block30
SK0018A,2025,5.750974789915967,4.20709885907563,119,119,higher,E_P_MATCHED,block30
SK0020A,2024,1.3145647540983607,1.373678936647541,122,122,higher,E_P_MATCHED,block30
SK0020A,2025,1.554148514851485,1.384560605980198,101,101,higher,E_P_MATCHED,block30
SK0025A,2024,3.4843,3.4748297140578512,121,121,higher,E_P_MATCHED,block30
SK0025A,2025,2.374333333333333,2.138290290622807,114,114,higher,E_P_MATCHED,block30
SK0039A,2024,1.0412450381679388,1.0134000938244274,131,131,higher,E_P_MATCHED,block30
SK0039A,2025,1.1465474860335196,1.1921484142039105,179,179,higher,E_P_MATCHED,block30
SK0045A,2024,0.5517336538461538,0.4852588261826923,104,104,lower,E_P_MATCHED,block30
SK0045A,2025,0.4586486486486486,0.5112325549864865,74,74,lower,E_P_MATCHED,block30
SK0048A,2024,0.19027164179104478,0.1892650043977612,134,134,lower,E_P_MATCHED,block30
SK0048A,2025,0.19674789915966387,0.2625595962716807,119,119,lower,E_P_MATCHED,block30
SK0050A,2024,0.9373400000000001,0.992226383630303,165,165,lower,E_P_MATCHED,block30
SK0050A,2025,0.855475,0.863283985175,120,120,lower,E_P_MATCHED,block30
SK0061A,2024,0.3596550458715596,0.3500678240642202,109,109,lower,E_P_MATCHED,block30
SK0061A,2025,0.28588617886178863,0.37980810772357726,123,123,lower,E_P_MATCHED,block30
SK0066A,2024,1.408934328358209,1.5146800303731345,134,134,higher,E_P_MATCHED,block30
SK0066A,2025,1.2047874015748032,1.1140421644173228,127,127,higher,E_P_MATCHED,block30
SK0070A,2024,2.183129166666667,2.2853398135625,96,96,higher,E_P_MATCHED,block30
SK0070A,2025,1.8754318181818184,1.7335399988863636,88,88,higher,E_P_MATCHED,block30
SK0071A,2024,2.0584204918032785,1.911776595967213,122,122,higher,E_P_MATCHED,block30
SK0071A,2025,1.5632685185185184,1.4209508867685186,108,108,higher,E_P_MATCHED,block30
SK0076A,2024,0.49729646017699114,0.367613450761062,113,113,lower,E_P_MATCHED,block30
SK0076A,2025,0.39205555555555555,0.4589351072314815,108,108,lower,E_P_MATCHED,block30
SK0078A,2024,2.155560344827586,2.0862729817413794,116,116,higher,E_P_MATCHED,block30
SK0078A,2025,2.0732371134020617,1.938497076298969,97,97,higher,E_P_MATCHED,block30
SK0214A,2024,1.0126264462809917,1.0483649715289256,121,121,higher,E_P_MATCHED,block30
SK0214A,2025,1.1335981308411216,0.9612786770373831,107,107,higher,E_P_MATCHED,block30
SK0263A,2024,0.7357486725663717,0.8099897614424778,113,113,lower,E_P_MATCHED,block30
SK0263A,2025,0.7383177570093458,0.7586764139423365,107,107,lower,E_P_MATCHED,block30
SK0265A,2024,1.7921026785714285,1.8168237712678572,112,112,higher,E_P_MATCHED,block30
SK0265A,2025,1.9814957264957265,1.893440869957265,117,117,higher,E_P_MATCHED,block30
SK0269A,2024,0.5201866071428571,0.4768745102589286,112,112,lower,E_P_MATCHED,block30
SK0269A,2025,0.46375714285714287,0.4507256065285714,140,140,lower,E_P_MATCHED,block30
SK0002A,2024,0.48551416666666664,0.6262623344958332,120,120,lower,E_P_MATCHED,loso
SK0002A,2025,0.3338931297709924,0.4645886563755725,131,131,lower,E_P_MATCHED,loso
SK0004R,2024,0.2383132530120482,0.3593047752789157,166,166,lower,E_P_MATCHED,loso
SK0004R,2025,0.23638787878787879,0.40536732560909094,165,165,lower,E_P_MATCHED,loso
SK0006R,2024,0.2191146551724138,0.31983648375,116,116,lower,E_P_MATCHED,loso
SK0006R,2025,0.30306722689075627,0.32881955863025214,119,119,lower,E_P_MATCHED,loso
SK0008A,2024,1.7399993589743592,1.786371656352564,156,156,higher,E_P_MATCHED,loso
SK0008A,2025,1.419208,1.501803171448,125,125,higher,E_P_MATCHED,loso
SK0018A,2024,6.173277118644068,0.7151797919491526,118,118,higher,E_P_MATCHED,loso
SK0018A,2025,5.750974789915967,0.7934458441848738,119,119,higher,E_P_MATCHED,loso
SK0020A,2024,1.3145647540983607,1.3281871792459017,122,122,higher,E_P_MATCHED,loso
SK0020A,2025,1.554148514851485,1.3593307906633663,101,101,higher,E_P_MATCHED,loso
SK0025A,2024,3.4843,2.2036736907024794,121,121,higher,E_P_MATCHED,loso
SK0025A,2025,2.374333333333333,1.425808432385965,114,114,higher,E_P_MATCHED,loso
SK0039A,2024,1.0412450381679388,1.3363445020076337,131,131,higher,E_P_MATCHED,loso
SK0039A,2025,1.1465474860335196,1.5420885755530727,179,179,higher,E_P_MATCHED,loso
SK0045A,2024,0.5517336538461538,0.5722004397980769,104,104,lower,E_P_MATCHED,loso
SK0045A,2025,0.4586486486486486,0.5399498588243243,74,74,lower,E_P_MATCHED,loso
SK0048A,2024,0.19027164179104478,0.39807797075149254,134,134,lower,E_P_MATCHED,loso
SK0048A,2025,0.19674789915966387,0.5632418771260504,119,119,lower,E_P_MATCHED,loso
SK0050A,2024,0.9373400000000001,1.107555349769697,165,165,lower,E_P_MATCHED,loso
SK0050A,2025,0.855475,0.9857266324583333,120,120,lower,E_P_MATCHED,loso
SK0061A,2024,0.3596550458715596,0.5864890948715596,109,109,lower,E_P_MATCHED,loso
SK0061A,2025,0.28588617886178863,0.5291937674308943,123,123,lower,E_P_MATCHED,loso
SK0066A,2024,1.408934328358209,1.7560545378880597,134,134,higher,E_P_MATCHED,loso
SK0066A,2025,1.2047874015748032,1.339657367519685,127,127,higher,E_P_MATCHED,loso
SK0070A,2024,2.183129166666667,2.430312418802083,96,96,higher,E_P_MATCHED,loso
SK0070A,2025,1.8754318181818184,1.9618435230340907,88,88,higher,E_P_MATCHED,loso
SK0071A,2024,2.0584204918032785,0.7588026884180328,122,122,higher,E_P_MATCHED,loso
SK0071A,2025,1.5632685185185184,0.6400763423981481,108,108,higher,E_P_MATCHED,loso
SK0076A,2024,0.49729646017699114,0.28240254183185837,113,113,lower,E_P_MATCHED,loso
SK0076A,2025,0.39205555555555555,2.2141730749074076,108,108,lower,E_P_MATCHED,loso
SK0078A,2024,2.155560344827586,1.9047050116896551,116,116,higher,E_P_MATCHED,loso
SK0078A,2025,2.0732371134020617,1.8308717580618556,97,97,higher,E_P_MATCHED,loso
SK0214A,2024,1.0126264462809917,0.5323713638181818,121,121,higher,E_P_MATCHED,loso
SK0214A,2025,1.1335981308411216,0.533569699682243,107,107,higher,E_P_MATCHED,loso
SK0263A,2024,0.7357486725663717,0.9796229871681417,113,113,lower,E_P_MATCHED,loso
SK0263A,2025,0.7383177570093458,0.9016133234859813,107,107,lower,E_P_MATCHED,loso
SK0265A,2024,1.7921026785714285,1.623908416892857,112,112,higher,E_P_MATCHED,loso
SK0265A,2025,1.9814957264957265,1.6696428172820514,117,117,higher,E_P_MATCHED,loso
SK0269A,2024,0.5201866071428571,0.4944474561238393,112,112,lower,E_P_MATCHED,loso
SK0269A,2025,0.46375714285714287,0.45210689782857144,140,140,lower,E_P_MATCHED,loso
SK0002A,2024,0.48551416666666664,0.4609460071333333,120,120,lower,E_P_M_I|log1p|uniform|permissive|none,block30
SK0002A,2025,0.3338931297709924,0.39440355316793896,131,131,lower,E_P_M_I|log1p|uniform|permissive|none,block30
SK0004R,2024,0.2383132530120482,0.23066161400000001,166,166,lower,E_P_M_I|log1p|uniform|permissive|none,block30
SK0004R,2025,0.23638787878787879,0.26605735161515154,165,165,lower,E_P_M_I|log1p|uniform|permissive|none,block30
SK0006R,2024,0.2191146551724138,0.24415877692241378,116,116,lower,E_P_M_I|log1p|uniform|permissive|none,block30
SK0006R,2025,0.30306722689075627,0.2426621378907563,119,119,lower,E_P_M_I|log1p|uniform|permissive|none,block30
SK0008A,2024,1.7399993589743592,1.7627750077884616,156,156,higher,E_P_M_I|log1p|uniform|permissive|none,block30
SK0008A,2025,1.419208,1.40688445912,125,125,higher,E_P_M_I|log1p|uniform|permissive|none,block30
SK0018A,2024,6.173277118644068,4.950707317966102,118,118,higher,E_P_M_I|log1p|uniform|permissive|none,block30
SK0018A,2025,5.750974789915967,4.497580378739496,119,119,higher,E_P_M_I|log1p|uniform|permissive|none,block30
SK0020A,2024,1.3145647540983607,1.3706332024590164,122,122,higher,E_P_M_I|log1p|uniform|permissive|none,block30
SK0020A,2025,1.554148514851485,1.4001845968415843,101,101,higher,E_P_M_I|log1p|uniform|permissive|none,block30
SK0025A,2024,3.4843,3.4848974743305785,121,121,higher,E_P_M_I|log1p|uniform|permissive|none,block30
SK0025A,2025,2.374333333333333,2.169763253605263,114,114,higher,E_P_M_I|log1p|uniform|permissive|none,block30
SK0039A,2024,1.0412450381679388,1.0434028720458015,131,131,higher,E_P_M_I|log1p|uniform|permissive|none,block30
SK0039A,2025,1.1465474860335196,1.1304797235921786,179,179,higher,E_P_M_I|log1p|uniform|permissive|none,block30
SK0045A,2024,0.5517336538461538,0.4890255042788461,104,104,lower,E_P_M_I|log1p|uniform|permissive|none,block30
SK0045A,2025,0.4586486486486486,0.5009460095,74,74,lower,E_P_M_I|log1p|uniform|permissive|none,block30
SK0048A,2024,0.19027164179104478,0.18506251249179106,134,134,lower,E_P_M_I|log1p|uniform|permissive|none,block30
SK0048A,2025,0.19674789915966387,0.261638804492437,119,119,lower,E_P_M_I|log1p|uniform|permissive|none,block30
SK0050A,2024,0.9373400000000001,0.9904514303151516,165,165,lower,E_P_M_I|log1p|uniform|permissive|none,block30
SK0050A,2025,0.855475,0.8410052609416667,120,120,lower,E_P_M_I|log1p|uniform|permissive|none,block30
SK0061A,2024,0.3596550458715596,0.34713614789908254,109,109,lower,E_P_M_I|log1p|uniform|permissive|none,block30
SK0061A,2025,0.28588617886178863,0.3759980534552846,123,123,lower,E_P_M_I|log1p|uniform|permissive|none,block30
SK0066A,2024,1.408934328358209,1.4941358518283583,134,134,higher,E_P_M_I|log1p|uniform|permissive|none,block30
SK0066A,2025,1.2047874015748032,1.1110054695984253,127,127,higher,E_P_M_I|log1p|uniform|permissive|none,block30
SK0070A,2024,2.183129166666667,2.280951515854167,96,96,higher,E_P_M_I|log1p|uniform|permissive|none,block30
SK0070A,2025,1.8754318181818184,1.749284335,88,88,higher,E_P_M_I|log1p|uniform|permissive|none,block30
SK0071A,2024,2.0584204918032785,1.9264072283360656,122,122,higher,E_P_M_I|log1p|uniform|permissive|none,block30
SK0071A,2025,1.5632685185185184,1.4239335731111111,108,108,higher,E_P_M_I|log1p|uniform|permissive|none,block30
SK0076A,2024,0.49729646017699114,0.36300278319469026,113,113,lower,E_P_M_I|log1p|uniform|permissive|none,block30
SK0076A,2025,0.39205555555555555,0.39251919362962967,108,108,lower,E_P_M_I|log1p|uniform|permissive|none,block30
SK0078A,2024,2.155560344827586,2.0898872399827586,116,116,higher,E_P_M_I|log1p|uniform|permissive|none,block30
SK0078A,2025,2.0732371134020617,1.9370316190618555,97,97,higher,E_P_M_I|log1p|uniform|permissive|none,block30
SK0214A,2024,1.0126264462809917,1.060895739,121,121,higher,E_P_M_I|log1p|uniform|permissive|none,block30
SK0214A,2025,1.1335981308411216,0.977770634564486,107,107,higher,E_P_M_I|log1p|uniform|permissive|none,block30
SK0263A,2024,0.7357486725663717,0.806399733259292,113,113,lower,E_P_M_I|log1p|uniform|permissive|none,block30
SK0263A,2025,0.7383177570093458,0.7591213183299066,107,107,lower,E_P_M_I|log1p|uniform|permissive|none,block30
SK0265A,2024,1.7921026785714285,1.8179004744285714,112,112,higher,E_P_M_I|log1p|uniform|permissive|none,block30
SK0265A,2025,1.9814957264957265,1.8896021323931624,117,117,higher,E_P_M_I|log1p|uniform|permissive|none,block30
SK0269A,2024,0.5201866071428571,0.461284131875,112,112,lower,E_P_M_I|log1p|uniform|permissive|none,block30
SK0269A,2025,0.46375714285714287,0.4530115868642857,140,140,lower,E_P_M_I|log1p|uniform|permissive|none,block30
SK0002A,2024,0.48551416666666664,0.45728406962499996,120,120,lower,E_P_M|log1p|uniform|permissive|none,block30
SK0002A,2025,0.3338931297709924,0.4031781180839695,131,131,lower,E_P_M|log1p|uniform|permissive|none,block30
SK0004R,2024,0.2383132530120482,0.23710040418072287,166,166,lower,E_P_M|log1p|uniform|permissive|none,block30
SK0004R,2025,0.23638787878787879,0.26519412828363637,165,165,lower,E_P_M|log1p|uniform|permissive|none,block30
SK0006R,2024,0.2191146551724138,0.23889177689655175,116,116,lower,E_P_M|log1p|uniform|permissive|none,block30
SK0006R,2025,0.30306722689075627,0.24225617593781512,119,119,lower,E_P_M|log1p|uniform|permissive|none,block30
SK0008A,2024,1.7399993589743592,1.7446346939102564,156,156,higher,E_P_M|log1p|uniform|permissive|none,block30
SK0008A,2025,1.419208,1.410550011608,125,125,higher,E_P_M|log1p|uniform|permissive|none,block30
SK0018A,2024,6.173277118644068,4.841861121271187,118,118,higher,E_P_M|log1p|uniform|permissive|none,block30
SK0018A,2025,5.750974789915967,4.262393692184874,119,119,higher,E_P_M|log1p|uniform|permissive|none,block30
SK0020A,2024,1.3145647540983607,1.3631625673606558,122,122,higher,E_P_M|log1p|uniform|permissive|none,block30
SK0020A,2025,1.554148514851485,1.437058485019802,101,101,higher,E_P_M|log1p|uniform|permissive|none,block30
SK0025A,2024,3.4843,3.4864385808347107,121,121,higher,E_P_M|log1p|uniform|permissive|none,block30
SK0025A,2025,2.374333333333333,2.2089423855701753,114,114,higher,E_P_M|log1p|uniform|permissive|none,block30
SK0039A,2024,1.0412450381679388,1.0846357335114505,131,131,higher,E_P_M|log1p|uniform|permissive|none,block30
SK0039A,2025,1.1465474860335196,1.174692234244134,179,179,higher,E_P_M|log1p|uniform|permissive|none,block30
SK0045A,2024,0.5517336538461538,0.5279452850576922,104,104,lower,E_P_M|log1p|uniform|permissive|none,block30
SK0045A,2025,0.4586486486486486,0.5113060078459459,74,74,lower,E_P_M|log1p|uniform|permissive|none,block30
SK0048A,2024,0.19027164179104478,0.18722033720597014,134,134,lower,E_P_M|log1p|uniform|permissive|none,block30
SK0048A,2025,0.19674789915966387,0.2644842091789916,119,119,lower,E_P_M|log1p|uniform|permissive|none,block30
SK0050A,2024,0.9373400000000001,1.0097518683939395,165,165,lower,E_P_M|log1p|uniform|permissive|none,block30
SK0050A,2025,0.855475,0.8631909785249999,120,120,lower,E_P_M|log1p|uniform|permissive|none,block30
SK0061A,2024,0.3596550458715596,0.3542810599449541,109,109,lower,E_P_M|log1p|uniform|permissive|none,block30
SK0061A,2025,0.28588617886178863,0.38050492727967483,123,123,lower,E_P_M|log1p|uniform|permissive|none,block30
SK0066A,2024,1.408934328358209,1.5188741641417909,134,134,higher,E_P_M|log1p|uniform|permissive|none,block30
SK0066A,2025,1.2047874015748032,1.1416913705039369,127,127,higher,E_P_M|log1p|uniform|permissive|none,block30
SK0070A,2024,2.183129166666667,2.291570165125,96,96,higher,E_P_M|log1p|uniform|permissive|none,block30
SK0070A,2025,1.8754318181818184,1.7467600563749999,88,88,higher,E_P_M|log1p|uniform|permissive|none,block30
SK0071A,2024,2.0584204918032785,1.9131880436557376,122,122,higher,E_P_M|log1p|uniform|permissive|none,block30
SK0071A,2025,1.5632685185185184,1.4102428580648148,108,108,higher,E_P_M|log1p|uniform|permissive|none,block30
SK0076A,2024,0.49729646017699114,0.3719979334424779,113,113,lower,E_P_M|log1p|uniform|permissive|none,block30
SK0076A,2025,0.39205555555555555,0.4314385031759259,108,108,lower,E_P_M|log1p|uniform|permissive|none,block30
SK0078A,2024,2.155560344827586,2.0645426960172415,116,116,higher,E_P_M|log1p|uniform|permissive|none,block30
SK0078A,2025,2.0732371134020617,1.9840353704432987,97,97,higher,E_P_M|log1p|uniform|permissive|none,block30
SK0214A,2024,1.0126264462809917,1.0459265395950412,121,121,higher,E_P_M|log1p|uniform|permissive|none,block30
SK0214A,2025,1.1335981308411216,0.9597038926046729,107,107,higher,E_P_M|log1p|uniform|permissive|none,block30
SK0263A,2024,0.7357486725663717,0.8039435939070796,113,113,lower,E_P_M|log1p|uniform|permissive|none,block30
SK0263A,2025,0.7383177570093458,0.7697455146308412,107,107,lower,E_P_M|log1p|uniform|permissive|none,block30
SK0265A,2024,1.7921026785714285,1.7969875500892858,112,112,higher,E_P_M|log1p|uniform|permissive|none,block30
SK0265A,2025,1.9814957264957265,1.8725455684700854,117,117,higher,E_P_M|log1p|uniform|permissive|none,block30
SK0269A,2024,0.5201866071428571,0.49003332438303576,112,112,lower,E_P_M|log1p|uniform|permissive|none,block30
SK0269A,2025,0.46375714285714287,0.4604412965214286,140,140,lower,E_P_M|log1p|uniform|permissive|none,block30
SK0002A,2024,0.48551416666666664,0.6173653567583333,120,120,lower,E_P_M|log1p|uniform|permissive|none,loso
SK0002A,2025,0.3338931297709924,0.4714080203053435,131,131,lower,E_P_M|log1p|uniform|permissive|none,loso
SK0004R,2024,0.2383132530120482,0.3612725348626024,166,166,lower,E_P_M|log1p|uniform|permissive|none,loso
SK0004R,2025,0.23638787878787879,0.41351672705151515,165,165,lower,E_P_M|log1p|uniform|permissive|none,loso
SK0006R,2024,0.2191146551724138,0.44311482948189657,116,116,lower,E_P_M|log1p|uniform|permissive|none,loso
SK0006R,2025,0.30306722689075627,0.45516008109968065,119,119,lower,E_P_M|log1p|uniform|permissive|none,loso
SK0008A,2024,1.7399993589743592,1.7548845978653849,156,156,higher,E_P_M|log1p|uniform|permissive|none,loso
SK0008A,2025,1.419208,1.457118391784,125,125,higher,E_P_M|log1p|uniform|permissive|none,loso
SK0018A,2024,6.173277118644068,0.7338011247372881,118,118,higher,E_P_M|log1p|uniform|permissive|none,loso
SK0018A,2025,5.750974789915967,0.8346757220756302,119,119,higher,E_P_M|log1p|uniform|permissive|none,loso
SK0020A,2024,1.3145647540983607,1.3453481585,122,122,higher,E_P_M|log1p|uniform|permissive|none,loso
SK0020A,2025,1.554148514851485,1.4300294750396039,101,101,higher,E_P_M|log1p|uniform|permissive|none,loso
SK0025A,2024,3.4843,2.192528077876033,121,121,higher,E_P_M|log1p|uniform|permissive|none,loso
SK0025A,2025,2.374333333333333,1.4511806256666666,114,114,higher,E_P_M|log1p|uniform|permissive|none,loso
SK0039A,2024,1.0412450381679388,1.3771120211984733,131,131,higher,E_P_M|log1p|uniform|permissive|none,loso
SK0039A,2025,1.1465474860335196,1.542102261039106,179,179,higher,E_P_M|log1p|uniform|permissive|none,loso
SK0045A,2024,0.5517336538461538,0.5811261844519231,104,104,lower,E_P_M|log1p|uniform|permissive|none,loso
SK0045A,2025,0.4586486486486486,0.5364729121891892,74,74,lower,E_P_M|log1p|uniform|permissive|none,loso
SK0048A,2024,0.19027164179104478,0.40453701213432836,134,134,lower,E_P_M|log1p|uniform|permissive|none,loso
SK0048A,2025,0.19674789915966387,0.5736957653865545,119,119,lower,E_P_M|log1p|uniform|permissive|none,loso
SK0050A,2024,0.9373400000000001,1.1063874624,165,165,lower,E_P_M|log1p|uniform|permissive|none,loso
SK0050A,2025,0.855475,0.9991568283166666,120,120,lower,E_P_M|log1p|uniform|permissive|none,loso
SK0061A,2024,0.3596550458715596,0.5916163243486239,109,109,lower,E_P_M|log1p|uniform|permissive|none,loso
SK0061A,2025,0.28588617886178863,0.5349323768861788,123,123,lower,E_P_M|log1p|uniform|permissive|none,loso
SK0066A,2024,1.408934328358209,1.783053769164179,134,134,higher,E_P_M|log1p|uniform|permissive|none,loso
SK0066A,2025,1.2047874015748032,1.3607896632283465,127,127,higher,E_P_M|log1p|uniform|permissive|none,loso
SK0070A,2024,2.183129166666667,2.3829422252916665,96,96,higher,E_P_M|log1p|uniform|permissive|none,loso
SK0070A,2025,1.8754318181818184,1.9701155337500003,88,88,higher,E_P_M|log1p|uniform|permissive|none,loso
SK0071A,2024,2.0584204918032785,0.7663280249836066,122,122,higher,E_P_M|log1p|uniform|permissive|none,loso
SK0071A,2025,1.5632685185185184,0.6436580601203703,108,108,higher,E_P_M|log1p|uniform|permissive|none,loso
SK0076A,2024,0.49729646017699114,0.2769948066902655,113,113,lower,E_P_M|log1p|uniform|permissive|none,loso
SK0076A,2025,0.39205555555555555,0.8087556354629629,108,108,lower,E_P_M|log1p|uniform|permissive|none,loso
SK0078A,2024,2.155560344827586,1.9157232416810344,116,116,higher,E_P_M|log1p|uniform|permissive|none,loso
SK0078A,2025,2.0732371134020617,1.8643189394742268,97,97,higher,E_P_M|log1p|uniform|permissive|none,loso
SK0214A,2024,1.0126264462809917,0.5157610975123966,121,121,higher,E_P_M|log1p|uniform|permissive|none,loso
SK0214A,2025,1.1335981308411216,0.5102248783831776,107,107,higher,E_P_M|log1p|uniform|permissive|none,loso
SK0263A,2024,0.7357486725663717,0.9598184875929204,113,113,lower,E_P_M|log1p|uniform|permissive|none,loso
SK0263A,2025,0.7383177570093458,0.8864667955140187,107,107,lower,E_P_M|log1p|uniform|permissive|none,loso
SK0265A,2024,1.7921026785714285,1.6133357212589288,112,112,higher,E_P_M|log1p|uniform|permissive|none,loso
SK0265A,2025,1.9814957264957265,1.6692202585897435,117,117,higher,E_P_M|log1p|uniform|permissive|none,loso
SK0269A,2024,0.5201866071428571,0.5142841204732143,112,112,lower,E_P_M|log1p|uniform|permissive|none,loso
SK0269A,2025,0.46375714285714287,0.4640423590357143,140,140,lower,E_P_M|log1p|uniform|permissive|none,loso
SK0002A,2024,0.48551416666666664,0.6002572206833333,120,120,lower,E_P|identity|uniform|permissive|none,block30
SK0002A,2025,0.3338931297709924,0.48344299740076335,131,131,lower,E_P|identity|uniform|permissive|none,block30
SK0004R,2024,0.2383132530120482,0.2838784204427711,166,166,lower,E_P|identity|uniform|permissive|none,block30
SK0004R,2025,0.23638787878787879,0.2813041766482424,165,165,lower,E_P|identity|uniform|permissive|none,block30
SK0006R,2024,0.2191146551724138,0.2592916541574138,116,116,lower,E_P|identity|uniform|permissive|none,block30
SK0006R,2025,0.30306722689075627,0.29054320058571426,119,119,lower,E_P|identity|uniform|permissive|none,block30
SK0008A,2024,1.7399993589743592,1.8309566280416665,156,156,higher,E_P|identity|uniform|permissive|none,block30
SK0008A,2025,1.419208,1.491334248392,125,125,higher,E_P|identity|uniform|permissive|none,block30
SK0018A,2024,6.173277118644068,6.068474448644068,118,118,higher,E_P|identity|uniform|permissive|none,block30
SK0018A,2025,5.750974789915967,5.207807428571428,119,119,higher,E_P|identity|uniform|permissive|none,block30
SK0020A,2024,1.3145647540983607,1.458019226181967,122,122,higher,E_P|identity|uniform|permissive|none,block30
SK0020A,2025,1.554148514851485,1.6131547232574257,101,101,higher,E_P|identity|uniform|permissive|none,block30
SK0025A,2024,3.4843,3.7274959883305785,121,121,higher,E_P|identity|uniform|permissive|none,block30
SK0025A,2025,2.374333333333333,2.3042804506201753,114,114,higher,E_P|identity|uniform|permissive|none,block30
SK0039A,2024,1.0412450381679388,1.323767039538168,131,131,higher,E_P|identity|uniform|permissive|none,block30
SK0039A,2025,1.1465474860335196,1.3682053683106143,179,179,higher,E_P|identity|uniform|permissive|none,block30
SK0045A,2024,0.5517336538461538,0.7527970146519232,104,104,lower,E_P|identity|uniform|permissive|none,block30
SK0045A,2025,0.4586486486486486,0.5669311640351351,74,74,lower,E_P|identity|uniform|permissive|none,block30
SK0048A,2024,0.19027164179104478,0.29390828545671643,134,134,lower,E_P|identity|uniform|permissive|none,block30
SK0048A,2025,0.19674789915966387,0.35533244062554625,119,119,lower,E_P|identity|uniform|permissive|none,block30
SK0050A,2024,0.9373400000000001,1.109893428369697,165,165,lower,E_P|identity|uniform|permissive|none,block30
SK0050A,2025,0.855475,0.8890593965,120,120,lower,E_P|identity|uniform|permissive|none,block30
SK0061A,2024,0.3596550458715596,0.45065925939174317,109,109,lower,E_P|identity|uniform|permissive|none,block30
SK0061A,2025,0.28588617886178863,0.4159586884674797,123,123,lower,E_P|identity|uniform|permissive|none,block30
SK0066A,2024,1.408934328358209,1.7184169191567165,134,134,higher,E_P|identity|uniform|permissive|none,block30
SK0066A,2025,1.2047874015748032,1.163244964535433,127,127,higher,E_P|identity|uniform|permissive|none,block30
SK0070A,2024,2.183129166666667,2.5168788110520834,96,96,higher,E_P|identity|uniform|permissive|none,block30
SK0070A,2025,1.8754318181818184,1.8209360394204546,88,88,higher,E_P|identity|uniform|permissive|none,block30
SK0071A,2024,2.0584204918032785,2.1145674216803276,122,122,higher,E_P|identity|uniform|permissive|none,block30
SK0071A,2025,1.5632685185185184,1.558551131972222,108,108,higher,E_P|identity|uniform|permissive|none,block30
SK0076A,2024,0.49729646017699114,0.41204135596460173,113,113,lower,E_P|identity|uniform|permissive|none,block30
SK0076A,2025,0.39205555555555555,0.5669102897127778,108,108,lower,E_P|identity|uniform|permissive|none,block30
SK0078A,2024,2.155560344827586,2.3423675435689653,116,116,higher,E_P|identity|uniform|permissive|none,block30
SK0078A,2025,2.0732371134020617,2.0456335213505157,97,97,higher,E_P|identity|uniform|permissive|none,block30
SK0214A,2024,1.0126264462809917,1.1124928704487604,121,121,higher,E_P|identity|uniform|permissive|none,block30
SK0214A,2025,1.1335981308411216,1.0528113334962617,107,107,higher,E_P|identity|uniform|permissive|none,block30
SK0263A,2024,0.7357486725663717,0.9617575907203539,113,113,lower,E_P|identity|uniform|permissive|none,block30
SK0263A,2025,0.7383177570093458,0.9216193390366356,107,107,lower,E_P|identity|uniform|permissive|none,block30
SK0265A,2024,1.7921026785714285,2.024990735544643,112,112,higher,E_P|identity|uniform|permissive|none,block30
SK0265A,2025,1.9814957264957265,1.9926376794188034,117,117,higher,E_P|identity|uniform|permissive|none,block30
SK0269A,2024,0.5201866071428571,0.6334764815892857,112,112,lower,E_P|identity|uniform|permissive|none,block30
SK0269A,2025,0.46375714285714287,0.5925943861142857,140,140,lower,E_P|identity|uniform|permissive|none,block30
SK0002A,2024,0.48551416666666664,0.7428170583416667,120,120,lower,E_P|identity|uniform|permissive|none,loso
SK0002A,2025,0.3338931297709924,0.5791091430638168,131,131,lower,E_P|identity|uniform|permissive|none,loso
SK0004R,2024,0.2383132530120482,0.3473680479427711,166,166,lower,E_P|identity|uniform|permissive|none,loso
SK0004R,2025,0.23638787878787879,0.42558650064848486,165,165,lower,E_P|identity|uniform|permissive|none,loso
SK0006R,2024,0.2191146551724138,0.518536941588793,116,116,lower,E_P|identity|uniform|permissive|none,loso
SK0006R,2025,0.30306722689075627,0.5376632150277311,119,119,lower,E_P|identity|uniform|permissive|none,loso
SK0008A,2024,1.7399993589743592,2.0066056770256413,156,156,higher,E_P|identity|uniform|permissive|none,loso
SK0008A,2025,1.419208,1.667720899392,125,125,higher,E_P|identity|uniform|permissive|none,loso
SK0018A,2024,6.173277118644068,1.0614426026440678,118,118,higher,E_P|identity|uniform|permissive|none,loso
SK0018A,2025,5.750974789915967,1.1743244435210085,119,119,higher,E_P|identity|uniform|permissive|none,loso
SK0020A,2024,1.3145647540983607,1.3937076823442622,122,122,higher,E_P|identity|uniform|permissive|none,loso
SK0020A,2025,1.554148514851485,1.5763400891980197,101,101,higher,E_P|identity|uniform|permissive|none,loso
SK0025A,2024,3.4843,2.580618016181818,121,121,higher,E_P|identity|uniform|permissive|none,loso
SK0025A,2025,2.374333333333333,1.7205314165175438,114,114,higher,E_P|identity|uniform|permissive|none,loso
SK0039A,2024,1.0412450381679388,1.5349412368778628,131,131,higher,E_P|identity|uniform|permissive|none,loso
SK0039A,2025,1.1465474860335196,1.732788253319553,179,179,higher,E_P|identity|uniform|permissive|none,loso
SK0045A,2024,0.5517336538461538,0.8276993653942307,104,104,lower,E_P|identity|uniform|permissive|none,loso
SK0045A,2025,0.4586486486486486,0.6462784066527026,74,74,lower,E_P|identity|uniform|permissive|none,loso
SK0048A,2024,0.19027164179104478,0.7115123449716417,134,134,lower,E_P|identity|uniform|permissive|none,loso
SK0048A,2025,0.19674789915966387,0.8317571048067227,119,119,lower,E_P|identity|uniform|permissive|none,loso
SK0050A,2024,0.9373400000000001,1.211611502578897,165,165,lower,E_P|identity|uniform|permissive|none,loso
SK0050A,2025,0.855475,1.076436110625,120,120,lower,E_P|identity|uniform|permissive|none,loso
SK0061A,2024,0.3596550458715596,0.6037861333669725,109,109,lower,E_P|identity|uniform|permissive|none,loso
SK0061A,2025,0.28588617886178863,0.6326019058455284,123,123,lower,E_P|identity|uniform|permissive|none,loso
SK0066A,2024,1.408934328358209,1.8117741550522388,134,134,higher,E_P|identity|uniform|permissive|none,loso
SK0066A,2025,1.2047874015748032,1.3689112542795276,127,127,higher,E_P|identity|uniform|permissive|none,loso
SK0070A,2024,2.183129166666667,2.7343140906250003,96,96,higher,E_P|identity|uniform|permissive|none,loso
SK0070A,2025,1.8754318181818184,2.169202378636364,88,88,higher,E_P|identity|uniform|permissive|none,loso
SK0071A,2024,2.0584204918032785,1.7166141342213115,122,122,higher,E_P|identity|uniform|permissive|none,loso
SK0071A,2025,1.5632685185185184,1.1487547865185184,108,108,higher,E_P|identity|uniform|permissive|none,loso
SK0076A,2024,0.49729646017699114,0.44558465259292035,113,113,lower,E_P|identity|uniform|permissive|none,loso
SK0076A,2025,0.39205555555555555,1.8594437741666667,108,108,lower,E_P|identity|uniform|permissive|none,loso
SK0078A,2024,2.155560344827586,2.0562683008448275,116,116,higher,E_P|identity|uniform|permissive|none,loso
SK0078A,2025,2.0732371134020617,1.9353154785103093,97,97,higher,E_P|identity|uniform|permissive|none,loso
SK0214A,2024,1.0126264462809917,0.6050598453272727,121,121,higher,E_P|identity|uniform|permissive|none,loso
SK0214A,2025,1.1335981308411216,0.618637471182243,107,107,higher,E_P|identity|uniform|permissive|none,loso
SK0263A,2024,0.7357486725663717,1.0577612239115044,113,113,lower,E_P|identity|uniform|permissive|none,loso
SK0263A,2025,0.7383177570093458,0.9727876789439253,107,107,lower,E_P|identity|uniform|permissive|none,loso
SK0265A,2024,1.7921026785714285,1.8430095843839285,112,112,higher,E_P|identity|uniform|permissive|none,loso
SK0265A,2025,1.9814957264957265,1.8814483605811967,117,117,higher,E_P|identity|uniform|permissive|none,loso
SK0269A,2024,0.5201866071428571,0.6202821345,112,112,lower,E_P|identity|uniform|permissive|none,loso
SK0269A,2025,0.46375714285714287,0.5389295938278571,140,140,lower,E_P|identity|uniform|permissive|none,loso
SK0002A,2024,0.48551416666666664,0.457559257775,120,120,lower,E_P|log1p|inverse_1_over_bap_plus_0_5|permissive|none,block30
SK0002A,2025,0.3338931297709924,0.3855180379312977,131,131,lower,E_P|log1p|inverse_1_over_bap_plus_0_5|permissive|none,block30
SK0004R,2024,0.2383132530120482,0.2334174048614458,166,166,lower,E_P|log1p|inverse_1_over_bap_plus_0_5|permissive|none,block30
SK0004R,2025,0.23638787878787879,0.2568513410060606,165,165,lower,E_P|log1p|inverse_1_over_bap_plus_0_5|permissive|none,block30
SK0006R,2024,0.2191146551724138,0.2350042529310345,116,116,lower,E_P|log1p|inverse_1_over_bap_plus_0_5|permissive|none,block30
SK0006R,2025,0.30306722689075627,0.22383355183193276,119,119,lower,E_P|log1p|inverse_1_over_bap_plus_0_5|permissive|none,block30
SK0008A,2024,1.7399993589743592,1.6616996618653848,156,156,higher,E_P|log1p|inverse_1_over_bap_plus_0_5|permissive|none,block30
SK0008A,2025,1.419208,1.425186739816,125,125,higher,E_P|log1p|inverse_1_over_bap_plus_0_5|permissive|none,block30
SK0018A,2024,6.173277118644068,3.7144081670338984,118,118,higher,E_P|log1p|inverse_1_over_bap_plus_0_5|permissive|none,block30
SK0018A,2025,5.750974789915967,3.467471871764706,119,119,higher,E_P|log1p|inverse_1_over_bap_plus_0_5|permissive|none,block30
SK0020A,2024,1.3145647540983607,1.2367420782213114,122,122,higher,E_P|log1p|inverse_1_over_bap_plus_0_5|permissive|none,block30
SK0020A,2025,1.554148514851485,1.4320820731584158,101,101,higher,E_P|log1p|inverse_1_over_bap_plus_0_5|permissive|none,block30
SK0025A,2024,3.4843,3.4233177830743804,121,121,higher,E_P|log1p|inverse_1_over_bap_plus_0_5|permissive|none,block30
SK0025A,2025,2.374333333333333,2.2452526305438596,114,114,higher,E_P|log1p|inverse_1_over_bap_plus_0_5|permissive|none,block30
SK0039A,2024,1.0412450381679388,0.9527118753664122,131,131,higher,E_P|log1p|inverse_1_over_bap_plus_0_5|permissive|none,block30
SK0039A,2025,1.1465474860335196,1.214579315111732,179,179,higher,E_P|log1p|inverse_1_over_bap_plus_0_5|permissive|none,block30
SK0045A,2024,0.5517336538461538,0.5039757149519231,104,104,lower,E_P|log1p|inverse_1_over_bap_plus_0_5|permissive|none,block30
SK0045A,2025,0.4586486486486486,0.4782749592162162,74,74,lower,E_P|log1p|inverse_1_over_bap_plus_0_5|permissive|none,block30
SK0048A,2024,0.19027164179104478,0.1964962458432836,134,134,lower,E_P|log1p|inverse_1_over_bap_plus_0_5|permissive|none,block30
SK0048A,2025,0.19674789915966387,0.246431031394958,119,119,lower,E_P|log1p|inverse_1_over_bap_plus_0_5|permissive|none,block30
SK0050A,2024,0.9373400000000001,0.9295933368121212,165,165,lower,E_P|log1p|inverse_1_over_bap_plus_0_5|permissive|none,block30
SK0050A,2025,0.855475,0.8329399720333334,120,120,lower,E_P|log1p|inverse_1_over_bap_plus_0_5|permissive|none,block30
SK0061A,2024,0.3596550458715596,0.3331657258715597,109,109,lower,E_P|log1p|inverse_1_over_bap_plus_0_5|permissive|none,block30
SK0061A,2025,0.28588617886178863,0.3689071801300813,123,123,lower,E_P|log1p|inverse_1_over_bap_plus_0_5|permissive|none,block30
SK0066A,2024,1.408934328358209,1.3637076572761195,134,134,higher,E_P|log1p|inverse_1_over_bap_plus_0_5|permissive|none,block30
SK0066A,2025,1.2047874015748032,1.0811797342362206,127,127,higher,E_P|log1p|inverse_1_over_bap_plus_0_5|permissive|none,block30
SK0070A,2024,2.183129166666667,2.1206612036666668,96,96,higher,E_P|log1p|inverse_1_over_bap_plus_0_5|permissive|none,block30
SK0070A,2025,1.8754318181818184,1.7175920448295456,88,88,higher,E_P|log1p|inverse_1_over_bap_plus_0_5|permissive|none,block30
SK0071A,2024,2.0584204918032785,1.773826152967213,122,122,higher,E_P|log1p|inverse_1_over_bap_plus_0_5|permissive|none,block30
SK0071A,2025,1.5632685185185184,1.366195200074074,108,108,higher,E_P|log1p|inverse_1_over_bap_plus_0_5|permissive|none,block30
SK0076A,2024,0.49729646017699114,0.3486095852831858,113,113,lower,E_P|log1p|inverse_1_over_bap_plus_0_5|permissive|none,block30
SK0076A,2025,0.39205555555555555,0.39004589034259257,108,108,lower,E_P|log1p|inverse_1_over_bap_plus_0_5|permissive|none,block30
SK0078A,2024,2.155560344827586,1.9328749904310343,116,116,higher,E_P|log1p|inverse_1_over_bap_plus_0_5|permissive|none,block30
SK0078A,2025,2.0732371134020617,1.857935954731959,97,97,higher,E_P|log1p|inverse_1_over_bap_plus_0_5|permissive|none,block30
SK0214A,2024,1.0126264462809917,0.989849770338843,121,121,higher,E_P|log1p|inverse_1_over_bap_plus_0_5|permissive|none,block30
SK0214A,2025,1.1335981308411216,0.9325061202803738,107,107,higher,E_P|log1p|inverse_1_over_bap_plus_0_5|permissive|none,block30
SK0263A,2024,0.7357486725663717,0.7430291413982302,113,113,lower,E_P|log1p|inverse_1_over_bap_plus_0_5|permissive|none,block30
SK0263A,2025,0.7383177570093458,0.6605741379467289,107,107,lower,E_P|log1p|inverse_1_over_bap_plus_0_5|permissive|none,block30
SK0265A,2024,1.7921026785714285,1.7551937819553571,112,112,higher,E_P|log1p|inverse_1_over_bap_plus_0_5|permissive|none,block30
SK0265A,2025,1.9814957264957265,1.854829499897436,117,117,higher,E_P|log1p|inverse_1_over_bap_plus_0_5|permissive|none,block30
SK0269A,2024,0.5201866071428571,0.4656723749464286,112,112,lower,E_P|log1p|inverse_1_over_bap_plus_0_5|permissive|none,block30
SK0269A,2025,0.46375714285714287,0.43390337043571425,140,140,lower,E_P|log1p|inverse_1_over_bap_plus_0_5|permissive|none,block30
SK0002A,2024,0.48551416666666664,0.519690682925,120,120,lower,E_P|log1p|inverse_1_over_bap_plus_0_5|permissive|none,loso
SK0002A,2025,0.3338931297709924,0.3914981102442748,131,131,lower,E_P|log1p|inverse_1_over_bap_plus_0_5|permissive|none,loso
SK0004R,2024,0.2383132530120482,0.3813220525825301,166,166,lower,E_P|log1p|inverse_1_over_bap_plus_0_5|permissive|none,loso
SK0004R,2025,0.23638787878787879,0.40502948766666663,165,165,lower,E_P|log1p|inverse_1_over_bap_plus_0_5|permissive|none,loso
SK0006R,2024,0.2191146551724138,0.5167553050086207,116,116,lower,E_P|log1p|inverse_1_over_bap_plus_0_5|permissive|none,loso
SK0006R,2025,0.30306722689075627,0.5406260626302521,119,119,lower,E_P|log1p|inverse_1_over_bap_plus_0_5|permissive|none,loso
SK0008A,2024,1.7399993589743592,1.8055423089807692,156,156,higher,E_P|log1p|inverse_1_over_bap_plus_0_5|permissive|none,loso
SK0008A,2025,1.419208,1.501073595312,125,125,higher,E_P|log1p|inverse_1_over_bap_plus_0_5|permissive|none,loso
SK0018A,2024,6.173277118644068,0.7263043041101696,118,118,higher,E_P|log1p|inverse_1_over_bap_plus_0_5|permissive|none,loso
SK0018A,2025,5.750974789915967,0.8031157462352941,119,119,higher,E_P|log1p|inverse_1_over_bap_plus_0_5|permissive|none,loso
SK0020A,2024,1.3145647540983607,1.2511619178278688,122,122,higher,E_P|log1p|inverse_1_over_bap_plus_0_5|permissive|none,loso
SK0020A,2025,1.554148514851485,1.4015884287920792,101,101,higher,E_P|log1p|inverse_1_over_bap_plus_0_5|permissive|none,loso
SK0025A,2024,3.4843,2.1562395407272725,121,121,higher,E_P|log1p|inverse_1_over_bap_plus_0_5|permissive|none,loso
SK0025A,2025,2.374333333333333,1.3680745879035088,114,114,higher,E_P|log1p|inverse_1_over_bap_plus_0_5|permissive|none,loso
SK0039A,2024,1.0412450381679388,1.167247912961832,131,131,higher,E_P|log1p|inverse_1_over_bap_plus_0_5|permissive|none,loso
SK0039A,2025,1.1465474860335196,1.4624790862681565,179,179,higher,E_P|log1p|inverse_1_over_bap_plus_0_5|permissive|none,loso
SK0045A,2024,0.5517336538461538,0.5501422032788461,104,104,lower,E_P|log1p|inverse_1_over_bap_plus_0_5|permissive|none,loso
SK0045A,2025,0.4586486486486486,0.5195704269054054,74,74,lower,E_P|log1p|inverse_1_over_bap_plus_0_5|permissive|none,loso
SK0048A,2024,0.19027164179104478,0.34949976752985074,134,134,lower,E_P|log1p|inverse_1_over_bap_plus_0_5|permissive|none,loso
SK0048A,2025,0.19674789915966387,0.4788614698403361,119,119,lower,E_P|log1p|inverse_1_over_bap_plus_0_5|permissive|none,loso
SK0050A,2024,0.9373400000000001,0.9665127552969697,165,165,lower,E_P|log1p|inverse_1_over_bap_plus_0_5|permissive|none,loso
SK0050A,2025,0.855475,0.8683687755833333,120,120,lower,E_P|log1p|inverse_1_over_bap_plus_0_5|permissive|none,loso
SK0061A,2024,0.3596550458715596,0.5713750239816514,109,109,lower,E_P|log1p|inverse_1_over_bap_plus_0_5|permissive|none,loso
SK0061A,2025,0.28588617886178863,0.5303192630406504,123,123,lower,E_P|log1p|inverse_1_over_bap_plus_0_5|permissive|none,loso
SK0066A,2024,1.408934328358209,1.5763347592014927,134,134,higher,E_P|log1p|inverse_1_over_bap_plus_0_5|permissive|none,loso
SK0066A,2025,1.2047874015748032,1.2046833813385827,127,127,higher,E_P|log1p|inverse_1_over_bap_plus_0_5|permissive|none,loso
SK0070A,2024,2.183129166666667,2.0578355118020832,96,96,higher,E_P|log1p|inverse_1_over_bap_plus_0_5|permissive|none,loso
SK0070A,2025,1.8754318181818184,1.7902236991477274,88,88,higher,E_P|log1p|inverse_1_over_bap_plus_0_5|permissive|none,loso
SK0071A,2024,2.0584204918032785,0.5951886588032786,122,122,higher,E_P|log1p|inverse_1_over_bap_plus_0_5|permissive|none,loso
SK0071A,2025,1.5632685185185184,0.5090823059351851,108,108,higher,E_P|log1p|inverse_1_over_bap_plus_0_5|permissive|none,loso
SK0076A,2024,0.49729646017699114,0.2847278791415929,113,113,lower,E_P|log1p|inverse_1_over_bap_plus_0_5|permissive|none,loso
SK0076A,2025,0.39205555555555555,0.6050698539814815,108,108,lower,E_P|log1p|inverse_1_over_bap_plus_0_5|permissive|none,loso
SK0078A,2024,2.155560344827586,1.7692023719482757,116,116,higher,E_P|log1p|inverse_1_over_bap_plus_0_5|permissive|none,loso
SK0078A,2025,2.0732371134020617,1.8104501996082474,97,97,higher,E_P|log1p|inverse_1_over_bap_plus_0_5|permissive|none,loso
SK0214A,2024,1.0126264462809917,0.5911606160082645,121,121,higher,E_P|log1p|inverse_1_over_bap_plus_0_5|permissive|none,loso
SK0214A,2025,1.1335981308411216,0.5555162120934579,107,107,higher,E_P|log1p|inverse_1_over_bap_plus_0_5|permissive|none,loso
SK0263A,2024,0.7357486725663717,0.9655138179380531,113,113,lower,E_P|log1p|inverse_1_over_bap_plus_0_5|permissive|none,loso
SK0263A,2025,0.7383177570093458,0.8976200189158878,107,107,lower,E_P|log1p|inverse_1_over_bap_plus_0_5|permissive|none,loso
SK0265A,2024,1.7921026785714285,1.5127891047142856,112,112,higher,E_P|log1p|inverse_1_over_bap_plus_0_5|permissive|none,loso
SK0265A,2025,1.9814957264957265,1.6915785505897436,117,117,higher,E_P|log1p|inverse_1_over_bap_plus_0_5|permissive|none,loso
SK0269A,2024,0.5201866071428571,0.5009043953125,112,112,lower,E_P|log1p|inverse_1_over_bap_plus_0_5|permissive|none,loso
SK0269A,2025,0.46375714285714287,0.42803739009999997,140,140,lower,E_P|log1p|inverse_1_over_bap_plus_0_5|permissive|none,loso
SK0002A,2024,0.48551416666666664,0.45189390918333333,120,120,lower,E_P|log1p|uniform|permissive|mask,block30
SK0002A,2025,0.3338931297709924,0.4211784187099237,131,131,lower,E_P|log1p|uniform|permissive|mask,block30
SK0004R,2024,0.2383132530120482,0.23222588329518074,166,166,lower,E_P|log1p|uniform|permissive|mask,block30
SK0004R,2025,0.23638787878787879,0.23983172475757575,165,165,lower,E_P|log1p|uniform|permissive|mask,block30
SK0006R,2024,0.2191146551724138,0.23624172249568964,116,116,lower,E_P|log1p|uniform|permissive|mask,block30
SK0006R,2025,0.30306722689075627,0.24895286591596638,119,119,lower,E_P|log1p|uniform|permissive|mask,block30
SK0008A,2024,1.7399993589743592,1.7636631772948717,156,156,higher,E_P|log1p|uniform|permissive|mask,block30
SK0008A,2025,1.419208,1.447571514912,125,125,higher,E_P|log1p|uniform|permissive|mask,block30
SK0018A,2024,6.173277118644068,4.68627039398305,118,118,higher,E_P|log1p|uniform|permissive|mask,block30
SK0018A,2025,5.750974789915967,4.308190821848739,119,119,higher,E_P|log1p|uniform|permissive|mask,block30
SK0020A,2024,1.3145647540983607,1.3166169568196722,122,122,higher,E_P|log1p|uniform|permissive|mask,block30
SK0020A,2025,1.554148514851485,1.4570057472686138,101,101,higher,E_P|log1p|uniform|permissive|mask,block30
SK0025A,2024,3.4843,3.5279014406115703,121,121,higher,E_P|log1p|uniform|permissive|mask,block30
SK0025A,2025,2.374333333333333,2.241929609078947,114,114,higher,E_P|log1p|uniform|permissive|mask,block30
SK0039A,2024,1.0412450381679388,1.090286541206107,131,131,higher,E_P|log1p|uniform|permissive|mask,block30
SK0039A,2025,1.1465474860335196,1.1920037817597766,179,179,higher,E_P|log1p|uniform|permissive|mask,block30
SK0045A,2024,0.5517336538461538,0.4653321841442307,104,104,lower,E_P|log1p|uniform|permissive|mask,block30
SK0045A,2025,0.4586486486486486,0.49296397963513516,74,74,lower,E_P|log1p|uniform|permissive|mask,block30
SK0048A,2024,0.19027164179104478,0.2013086473977612,134,134,lower,E_P|log1p|uniform|permissive|mask,block30
SK0048A,2025,0.19674789915966387,0.27747378994537814,119,119,lower,E_P|log1p|uniform|permissive|mask,block30
SK0050A,2024,0.9373400000000001,0.9977101990787879,165,165,lower,E_P|log1p|uniform|permissive|mask,block30
SK0050A,2025,0.855475,0.88436903615,120,120,lower,E_P|log1p|uniform|permissive|mask,block30
SK0061A,2024,0.3596550458715596,0.3322151301009174,109,109,lower,E_P|log1p|uniform|permissive|mask,block30
SK0061A,2025,0.28588617886178863,0.3935500192926829,123,123,lower,E_P|log1p|uniform|permissive|mask,block30
SK0066A,2024,1.408934328358209,1.4195265322537314,134,134,higher,E_P|log1p|uniform|permissive|mask,block30
SK0066A,2025,1.2047874015748032,1.1018620079370078,127,127,higher,E_P|log1p|uniform|permissive|mask,block30
SK0070A,2024,2.183129166666667,2.3144653333020835,96,96,higher,E_P|log1p|uniform|permissive|mask,block30
SK0070A,2025,1.8754318181818184,1.800496015068182,88,88,higher,E_P|log1p|uniform|permissive|mask,block30
SK0071A,2024,2.0584204918032785,1.893431400032787,122,122,higher,E_P|log1p|uniform|permissive|mask,block30
SK0071A,2025,1.5632685185185184,1.5165558818981482,108,108,higher,E_P|log1p|uniform|permissive|mask,block30
SK0076A,2024,0.49729646017699114,0.3670773423362832,113,113,lower,E_P|log1p|uniform|permissive|mask,block30
SK0076A,2025,0.39205555555555555,0.4669966031944444,108,108,lower,E_P|log1p|uniform|permissive|mask,block30
SK0078A,2024,2.155560344827586,2.06608368087931,116,116,higher,E_P|log1p|uniform|permissive|mask,block30
SK0078A,2025,2.0732371134020617,2.023511222969072,97,97,higher,E_P|log1p|uniform|permissive|mask,block30
SK0214A,2024,1.0126264462809917,1.0066506505123967,121,121,higher,E_P|log1p|uniform|permissive|mask,block30
SK0214A,2025,1.1335981308411216,0.9470462459392522,107,107,higher,E_P|log1p|uniform|permissive|mask,block30
SK0263A,2024,0.7357486725663717,0.7655607334513275,113,113,lower,E_P|log1p|uniform|permissive|mask,block30
SK0263A,2025,0.7383177570093458,0.7266427516252336,107,107,lower,E_P|log1p|uniform|permissive|mask,block30
SK0265A,2024,1.7921026785714285,1.7721289571428573,112,112,higher,E_P|log1p|uniform|permissive|mask,block30
SK0265A,2025,1.9814957264957265,1.9092773313247864,117,117,higher,E_P|log1p|uniform|permissive|mask,block30
SK0269A,2024,0.5201866071428571,0.47531849942410714,112,112,lower,E_P|log1p|uniform|permissive|mask,block30
SK0269A,2025,0.46375714285714287,0.4543706240357143,140,140,lower,E_P|log1p|uniform|permissive|mask,block30
SK0002A,2024,0.48551416666666664,0.5355317651166666,120,120,lower,E_P|log1p|uniform|permissive|mask,loso
SK0002A,2025,0.3338931297709924,0.4187160442366412,131,131,lower,E_P|log1p|uniform|permissive|mask,loso
SK0004R,2024,0.2383132530120482,0.23845025028240965,166,166,lower,E_P|log1p|uniform|permissive|mask,loso
SK0004R,2025,0.23638787878787879,0.2833982889088485,165,165,lower,E_P|log1p|uniform|permissive|mask,loso
SK0006R,2024,0.2191146551724138,0.5262247927327587,116,116,lower,E_P|log1p|uniform|permissive|mask,loso
SK0006R,2025,0.30306722689075627,0.5551356072184874,119,119,lower,E_P|log1p|uniform|permissive|mask,loso
SK0008A,2024,1.7399993589743592,2.0487022496410257,156,156,higher,E_P|log1p|uniform|permissive|mask,loso
SK0008A,2025,1.419208,1.5462597222960002,125,125,higher,E_P|log1p|uniform|permissive|mask,loso
SK0018A,2024,6.173277118644068,0.5599058208703389,118,118,higher,E_P|log1p|uniform|permissive|mask,loso
SK0018A,2025,5.750974789915967,0.63184357102521,119,119,higher,E_P|log1p|uniform|permissive|mask,loso
SK0020A,2024,1.3145647540983607,1.3236334085409838,122,122,higher,E_P|log1p|uniform|permissive|mask,loso
SK0020A,2025,1.554148514851485,1.3990026176039605,101,101,higher,E_P|log1p|uniform|permissive|mask,loso
SK0025A,2024,3.4843,2.03680499803719,121,121,higher,E_P|log1p|uniform|permissive|mask,loso
SK0025A,2025,2.374333333333333,1.3762531554473685,114,114,higher,E_P|log1p|uniform|permissive|mask,loso
SK0039A,2024,1.0412450381679388,1.267720371396183,131,131,higher,E_P|log1p|uniform|permissive|mask,loso
SK0039A,2025,1.1465474860335196,1.499110496575419,179,179,higher,E_P|log1p|uniform|permissive|mask,loso
SK0045A,2024,0.5517336538461538,0.5199006420576923,104,104,lower,E_P|log1p|uniform|permissive|mask,loso
SK0045A,2025,0.4586486486486486,0.49201318271621625,74,74,lower,E_P|log1p|uniform|permissive|mask,loso
SK0048A,2024,0.19027164179104478,0.4138464749723881,134,134,lower,E_P|log1p|uniform|permissive|mask,loso
SK0048A,2025,0.19674789915966387,0.4797133452605042,119,119,lower,E_P|log1p|uniform|permissive|mask,loso
SK0050A,2024,0.9373400000000001,1.4070139363151515,165,165,lower,E_P|log1p|uniform|permissive|mask,loso
SK0050A,2025,0.855475,1.253336983725,120,120,lower,E_P|log1p|uniform|permissive|mask,loso
SK0061A,2024,0.3596550458715596,0.5552721782018348,109,109,lower,E_P|log1p|uniform|permissive|mask,loso
SK0061A,2025,0.28588617886178863,0.5402596210731707,123,123,lower,E_P|log1p|uniform|permissive|mask,loso
SK0066A,2024,1.408934328358209,1.7944078656268656,134,134,higher,E_P|log1p|uniform|permissive|mask,loso
SK0066A,2025,1.2047874015748032,1.3993540033937009,127,127,higher,E_P|log1p|uniform|permissive|mask,loso
SK0070A,2024,2.183129166666667,2.5833096169791667,96,96,higher,E_P|log1p|uniform|permissive|mask,loso
SK0070A,2025,1.8754318181818184,2.0062136301136366,88,88,higher,E_P|log1p|uniform|permissive|mask,loso
SK0071A,2024,2.0584204918032785,1.2939001797131147,122,122,higher,E_P|log1p|uniform|permissive|mask,loso
SK0071A,2025,1.5632685185185184,0.966445041138889,108,108,higher,E_P|log1p|uniform|permissive|mask,loso
SK0076A,2024,0.49729646017699114,1.8622501761061947,113,113,lower,E_P|log1p|uniform|permissive|mask,loso
SK0076A,2025,0.39205555555555555,2.1833531106481483,108,108,lower,E_P|log1p|uniform|permissive|mask,loso
SK0078A,2024,2.155560344827586,1.7163151336293103,116,116,higher,E_P|log1p|uniform|permissive|mask,loso
SK0078A,2025,2.0732371134020617,1.7482432713917526,97,97,higher,E_P|log1p|uniform|permissive|mask,loso
SK0214A,2024,1.0126264462809917,0.38667588890909094,121,121,higher,E_P|log1p|uniform|permissive|mask,loso
SK0214A,2025,1.1335981308411216,0.3673767340280374,107,107,higher,E_P|log1p|uniform|permissive|mask,loso
SK0263A,2024,0.7357486725663717,1.0802634591327434,113,113,lower,E_P|log1p|uniform|permissive|mask,loso
SK0263A,2025,0.7383177570093458,1.0123980966074766,107,107,lower,E_P|log1p|uniform|permissive|mask,loso
SK0265A,2024,1.7921026785714285,1.4729922226160714,112,112,higher,E_P|log1p|uniform|permissive|mask,loso
SK0265A,2025,1.9814957264957265,1.6489538717179488,117,117,higher,E_P|log1p|uniform|permissive|mask,loso
SK0269A,2024,0.5201866071428571,0.49249959586607145,112,112,lower,E_P|log1p|uniform|permissive|mask,loso
SK0269A,2025,0.46375714285714287,0.4272879611142857,140,140,lower,E_P|log1p|uniform|permissive|mask,loso
SK0002A,2024,0.48551416666666664,0.4529224277416667,120,120,lower,E_P|log1p|uniform|permissive|none,block30
SK0002A,2025,0.3338931297709924,0.3945165864732824,131,131,lower,E_P|log1p|uniform|permissive|none,block30
SK0004R,2024,0.2383132530120482,0.23685613971084335,166,166,lower,E_P|log1p|uniform|permissive|none,block30
SK0004R,2025,0.23638787878787879,0.2673964925842424,165,165,lower,E_P|log1p|uniform|permissive|none,block30
SK0006R,2024,0.2191146551724138,0.23989464544913794,116,116,lower,E_P|log1p|uniform|permissive|none,block30
SK0006R,2025,0.30306722689075627,0.24401583451260503,119,119,lower,E_P|log1p|uniform|permissive|none,block30
SK0008A,2024,1.7399993589743592,1.7254702897435896,156,156,higher,E_P|log1p|uniform|permissive|none,block30
SK0008A,2025,1.419208,1.40992631532,125,125,higher,E_P|log1p|uniform|permissive|none,block30
SK0018A,2024,6.173277118644068,4.851872999152542,118,118,higher,E_P|log1p|uniform|permissive|none,block30
SK0018A,2025,5.750974789915967,4.263059995882353,119,119,higher,E_P|log1p|uniform|permissive|none,block30
SK0020A,2024,1.3145647540983607,1.3720671464836065,122,122,higher,E_P|log1p|uniform|permissive|none,block30
SK0020A,2025,1.554148514851485,1.4216498841980196,101,101,higher,E_P|log1p|uniform|permissive|none,block30
SK0025A,2024,3.4843,3.475736139181818,121,121,higher,E_P|log1p|uniform|permissive|none,block30
SK0025A,2025,2.374333333333333,2.183367163254386,114,114,higher,E_P|log1p|uniform|permissive|none,block30
SK0039A,2024,1.0412450381679388,1.0785923364122136,131,131,higher,E_P|log1p|uniform|permissive|none,block30
SK0039A,2025,1.1465474860335196,1.1943300341871508,179,179,higher,E_P|log1p|uniform|permissive|none,block30
SK0045A,2024,0.5517336538461538,0.5282709846153846,104,104,lower,E_P|log1p|uniform|permissive|none,block30
SK0045A,2025,0.4586486486486486,0.5112325549864865,74,74,lower,E_P|log1p|uniform|permissive|none,block30
SK0048A,2024,0.19027164179104478,0.18924429577089552,134,134,lower,E_P|log1p|uniform|permissive|none,block30
SK0048A,2025,0.19674789915966387,0.26231919879268906,119,119,lower,E_P|log1p|uniform|permissive|none,block30
SK0050A,2024,0.9373400000000001,0.992226383630303,165,165,lower,E_P|log1p|uniform|permissive|none,block30
SK0050A,2025,0.855475,0.872765984925,120,120,lower,E_P|log1p|uniform|permissive|none,block30
SK0061A,2024,0.3596550458715596,0.3520178136972477,109,109,lower,E_P|log1p|uniform|permissive|none,block30
SK0061A,2025,0.28588617886178863,0.3798261955772358,123,123,lower,E_P|log1p|uniform|permissive|none,block30
SK0066A,2024,1.408934328358209,1.5146800303731345,134,134,higher,E_P|log1p|uniform|permissive|none,block30
SK0066A,2025,1.2047874015748032,1.118268061897638,127,127,higher,E_P|log1p|uniform|permissive|none,block30
SK0070A,2024,2.183129166666667,2.2759979635625,96,96,higher,E_P|log1p|uniform|permissive|none,block30
SK0070A,2025,1.8754318181818184,1.7335399988863636,88,88,higher,E_P|log1p|uniform|permissive|none,block30
SK0071A,2024,2.0584204918032785,1.911776595967213,122,122,higher,E_P|log1p|uniform|permissive|none,block30
SK0071A,2025,1.5632685185185184,1.4209508867685186,108,108,higher,E_P|log1p|uniform|permissive|none,block30
SK0076A,2024,0.49729646017699114,0.367613450761062,113,113,lower,E_P|log1p|uniform|permissive|none,block30
SK0076A,2025,0.39205555555555555,0.42679796275,108,108,lower,E_P|log1p|uniform|permissive|none,block30
SK0078A,2024,2.155560344827586,2.0862729817413794,116,116,higher,E_P|log1p|uniform|permissive|none,block30
SK0078A,2025,2.0732371134020617,1.938497076298969,97,97,higher,E_P|log1p|uniform|permissive|none,block30
SK0214A,2024,1.0126264462809917,1.0483649715289256,121,121,higher,E_P|log1p|uniform|permissive|none,block30
SK0214A,2025,1.1335981308411216,0.9610704680280373,107,107,higher,E_P|log1p|uniform|permissive|none,block30
SK0263A,2024,0.7357486725663717,0.8099897614424778,113,113,lower,E_P|log1p|uniform|permissive|none,block30
SK0263A,2025,0.7383177570093458,0.7772476165124299,107,107,lower,E_P|log1p|uniform|permissive|none,block30
SK0265A,2024,1.7921026785714285,1.8168237712678572,112,112,higher,E_P|log1p|uniform|permissive|none,block30
SK0265A,2025,1.9814957264957265,1.893440869957265,117,117,higher,E_P|log1p|uniform|permissive|none,block30
SK0269A,2024,0.5201866071428571,0.4885249328660714,112,112,lower,E_P|log1p|uniform|permissive|none,block30
SK0269A,2025,0.46375714285714287,0.4705576835642858,140,140,lower,E_P|log1p|uniform|permissive|none,block30
SK0002A,2024,0.48551416666666664,0.6238081661625,120,120,lower,E_P|log1p|uniform|permissive|none,loso
SK0002A,2025,0.3338931297709924,0.4652567375969466,131,131,lower,E_P|log1p|uniform|permissive|none,loso
SK0004R,2024,0.2383132530120482,0.3593047752789157,166,166,lower,E_P|log1p|uniform|permissive|none,loso
SK0004R,2025,0.23638787878787879,0.4056069113787879,165,165,lower,E_P|log1p|uniform|permissive|none,loso
SK0006R,2024,0.2191146551724138,0.4382807039152414,116,116,lower,E_P|log1p|uniform|permissive|none,loso
SK0006R,2025,0.30306722689075627,0.45672226150084033,119,119,lower,E_P|log1p|uniform|permissive|none,loso
SK0008A,2024,1.7399993589743592,1.786371656352564,156,156,higher,E_P|log1p|uniform|permissive|none,loso
SK0008A,2025,1.419208,1.4999100130479999,125,125,higher,E_P|log1p|uniform|permissive|none,loso
SK0018A,2024,6.173277118644068,0.7164446018728813,118,118,higher,E_P|log1p|uniform|permissive|none,loso
SK0018A,2025,5.750974789915967,0.8061874294705882,119,119,higher,E_P|log1p|uniform|permissive|none,loso
SK0020A,2024,1.3145647540983607,1.3281679499016394,122,122,higher,E_P|log1p|uniform|permissive|none,loso
SK0020A,2025,1.554148514851485,1.3973791587821782,101,101,higher,E_P|log1p|uniform|permissive|none,loso
SK0025A,2024,3.4843,2.2104480715289254,121,121,higher,E_P|log1p|uniform|permissive|none,loso
SK0025A,2025,2.374333333333333,1.4722160959824562,114,114,higher,E_P|log1p|uniform|permissive|none,loso
SK0039A,2024,1.0412450381679388,1.3891061012748092,131,131,higher,E_P|log1p|uniform|permissive|none,loso
SK0039A,2025,1.1465474860335196,1.5484111591564245,179,179,higher,E_P|log1p|uniform|permissive|none,loso
SK0045A,2024,0.5517336538461538,0.595151066,104,104,lower,E_P|log1p|uniform|permissive|none,loso
SK0045A,2025,0.4586486486486486,0.5399498588243243,74,74,lower,E_P|log1p|uniform|permissive|none,loso
SK0048A,2024,0.19027164179104478,0.39643107440820896,134,134,lower,E_P|log1p|uniform|permissive|none,loso
SK0048A,2025,0.19674789915966387,0.5631262500168067,119,119,lower,E_P|log1p|uniform|permissive|none,loso
SK0050A,2024,0.9373400000000001,1.107555349769697,165,165,lower,E_P|log1p|uniform|permissive|none,loso
SK0050A,2025,0.855475,0.9948547955416667,120,120,lower,E_P|log1p|uniform|permissive|none,loso
SK0061A,2024,0.3596550458715596,0.5883432165229359,109,109,lower,E_P|log1p|uniform|permissive|none,loso
SK0061A,2025,0.28588617886178863,0.5294963913333334,123,123,lower,E_P|log1p|uniform|permissive|none,loso
SK0066A,2024,1.408934328358209,1.7560545378880597,134,134,higher,E_P|log1p|uniform|permissive|none,loso
SK0066A,2025,1.2047874015748032,1.3420625079133859,127,127,higher,E_P|log1p|uniform|permissive|none,loso
SK0070A,2024,2.183129166666667,2.432187028177083,96,96,higher,E_P|log1p|uniform|permissive|none,loso
SK0070A,2025,1.8754318181818184,1.9618435230340907,88,88,higher,E_P|log1p|uniform|permissive|none,loso
SK0071A,2024,2.0584204918032785,0.7588026884180328,122,122,higher,E_P|log1p|uniform|permissive|none,loso
SK0071A,2025,1.5632685185185184,0.6400763423981481,108,108,higher,E_P|log1p|uniform|permissive|none,loso
SK0076A,2024,0.49729646017699114,0.28240254183185837,113,113,lower,E_P|log1p|uniform|permissive|none,loso
SK0076A,2025,0.39205555555555555,0.8351324361666668,108,108,lower,E_P|log1p|uniform|permissive|none,loso
SK0078A,2024,2.155560344827586,1.9047050116896551,116,116,higher,E_P|log1p|uniform|permissive|none,loso
SK0078A,2025,2.0732371134020617,1.8308717580618556,97,97,higher,E_P|log1p|uniform|permissive|none,loso
SK0214A,2024,1.0126264462809917,0.5323713638181818,121,121,higher,E_P|log1p|uniform|permissive|none,loso
SK0214A,2025,1.1335981308411216,0.5335027283738318,107,107,higher,E_P|log1p|uniform|permissive|none,loso
SK0263A,2024,0.7357486725663717,0.9796229871681417,113,113,lower,E_P|log1p|uniform|permissive|none,loso
SK0263A,2025,0.7383177570093458,0.916497065635514,107,107,lower,E_P|log1p|uniform|permissive|none,loso
SK0265A,2024,1.7921026785714285,1.623908416892857,112,112,higher,E_P|log1p|uniform|permissive|none,loso
SK0265A,2025,1.9814957264957265,1.6696428172820514,117,117,higher,E_P|log1p|uniform|permissive|none,loso
SK0269A,2024,0.5201866071428571,0.5109695060791964,112,112,lower,E_P|log1p|uniform|permissive|none,loso
SK0269A,2025,0.46375714285714287,0.4708268724,140,140,lower,E_P|log1p|uniform|permissive|none,loso
SK0002A,2024,0.48551416666666664,0.457042554925,120,120,lower,E_P|log1p|uniform|strict18|none,block30
SK0002A,2025,0.3338931297709924,0.39702740309160306,131,131,lower,E_P|log1p|uniform|strict18|none,block30
SK0004R,2024,0.2383132530120482,0.2275100081686747,166,166,lower,E_P|log1p|uniform|strict18|none,block30
SK0004R,2025,0.23638787878787879,0.2639641071181818,165,165,lower,E_P|log1p|uniform|strict18|none,block30
SK0006R,2024,0.2191146551724138,0.23432228504913793,116,116,lower,E_P|log1p|uniform|strict18|none,block30
SK0006R,2025,0.30306722689075627,0.2611341106588235,119,119,lower,E_P|log1p|uniform|strict18|none,block30
SK0008A,2024,1.7399993589743592,1.625784232,156,156,higher,E_P|log1p|uniform|strict18|none,block30
SK0008A,2025,1.419208,1.424832318112,125,125,higher,E_P|log1p|uniform|strict18|none,block30
SK0018A,2024,6.173277118644068,4.912310809237288,118,118,higher,E_P|log1p|uniform|strict18|none,block30
SK0018A,2025,5.750974789915967,4.366650422184874,119,119,higher,E_P|log1p|uniform|strict18|none,block30
SK0020A,2024,1.3145647540983607,1.2842784596065575,122,122,higher,E_P|log1p|uniform|strict18|none,block30
SK0020A,2025,1.554148514851485,1.5016613316237624,101,101,higher,E_P|log1p|uniform|strict18|none,block30
SK0025A,2024,3.4843,3.4656794226859504,121,121,higher,E_P|log1p|uniform|strict18|none,block30
SK0025A,2025,2.374333333333333,2.247734487166667,114,114,higher,E_P|log1p|uniform|strict18|none,block30
SK0039A,2024,1.0412450381679388,1.0278776201854962,131,131,higher,E_P|log1p|uniform|strict18|none,block30
SK0039A,2025,1.1465474860335196,1.21122085224581,179,179,higher,E_P|log1p|uniform|strict18|none,block30
SK0045A,2024,0.5517336538461538,0.5175756986634615,104,104,lower,E_P|log1p|uniform|strict18|none,block30
SK0045A,2025,0.4586486486486486,0.5264207009324324,74,74,lower,E_P|log1p|uniform|strict18|none,block30
SK0048A,2024,0.19027164179104478,0.1857514372313433,134,134,lower,E_P|log1p|uniform|strict18|none,block30
SK0048A,2025,0.19674789915966387,0.27214341011512605,119,119,lower,E_P|log1p|uniform|strict18|none,block30
SK0050A,2024,0.9373400000000001,0.9960058926363636,165,165,lower,E_P|log1p|uniform|strict18|none,block30
SK0050A,2025,0.855475,0.8656512954333333,120,120,lower,E_P|log1p|uniform|strict18|none,block30
SK0061A,2024,0.3596550458715596,0.3726144878623853,109,109,lower,E_P|log1p|uniform|strict18|none,block30
SK0061A,2025,0.28588617886178863,0.3738817805121951,123,123,lower,E_P|log1p|uniform|strict18|none,block30
SK0066A,2024,1.408934328358209,1.4492062093731344,134,134,higher,E_P|log1p|uniform|strict18|none,block30
SK0066A,2025,1.2047874015748032,1.1180692128818899,127,127,higher,E_P|log1p|uniform|strict18|none,block30
SK0070A,2024,2.183129166666667,2.3660779248125,96,96,higher,E_P|log1p|uniform|strict18|none,block30
SK0070A,2025,1.8754318181818184,1.792318224965909,88,88,higher,E_P|log1p|uniform|strict18|none,block30
SK0071A,2024,2.0584204918032785,1.8370810396393442,122,122,higher,E_P|log1p|uniform|strict18|none,block30
SK0071A,2025,1.5632685185185184,1.4581861427222222,108,108,higher,E_P|log1p|uniform|strict18|none,block30
SK0076A,2024,0.49729646017699114,0.3452061523185841,113,113,lower,E_P|log1p|uniform|strict18|none,block30
SK0076A,2025,0.39205555555555555,0.417393802125926,108,108,lower,E_P|log1p|uniform|strict18|none,block30
SK0078A,2024,2.155560344827586,1.9823030505431036,116,116,higher,E_P|log1p|uniform|strict18|none,block30
SK0078A,2025,2.0732371134020617,2.0317106039381443,97,97,higher,E_P|log1p|uniform|strict18|none,block30
SK0214A,2024,1.0126264462809917,1.0459277706115704,121,121,higher,E_P|log1p|uniform|strict18|none,block30
SK0214A,2025,1.1335981308411216,0.9755603014205608,107,107,higher,E_P|log1p|uniform|strict18|none,block30
SK0263A,2024,0.7357486725663717,0.7852566661371682,113,113,lower,E_P|log1p|uniform|strict18|none,block30
SK0263A,2025,0.7383177570093458,0.7949128302761682,107,107,lower,E_P|log1p|uniform|strict18|none,block30
SK0265A,2024,1.7921026785714285,1.8117019567678572,112,112,higher,E_P|log1p|uniform|strict18|none,block30
SK0265A,2025,1.9814957264957265,1.9030099324786325,117,117,higher,E_P|log1p|uniform|strict18|none,block30
SK0269A,2024,0.5201866071428571,0.5053298722142857,112,112,lower,E_P|log1p|uniform|strict18|none,block30
SK0269A,2025,0.46375714285714287,0.4718508568928571,140,140,lower,E_P|log1p|uniform|strict18|none,block30
SK0002A,2024,0.48551416666666664,0.5580803871666667,120,120,lower,E_P|log1p|uniform|strict18|none,loso
SK0002A,2025,0.3338931297709924,0.4546670503053435,131,131,lower,E_P|log1p|uniform|strict18|none,loso
SK0004R,2024,0.2383132530120482,0.3314231047358735,166,166,lower,E_P|log1p|uniform|strict18|none,loso
SK0004R,2025,0.23638787878787879,0.3805565536029091,165,165,lower,E_P|log1p|uniform|strict18|none,loso
SK0006R,2024,0.2191146551724138,0.4260500104224138,116,116,lower,E_P|log1p|uniform|strict18|none,loso
SK0006R,2025,0.30306722689075627,0.445700617105042,119,119,lower,E_P|log1p|uniform|strict18|none,loso
SK0008A,2024,1.7399993589743592,1.7535936658141025,156,156,higher,E_P|log1p|uniform|strict18|none,loso
SK0008A,2025,1.419208,1.49847179244,125,125,higher,E_P|log1p|uniform|strict18|none,loso
SK0018A,2024,6.173277118644068,0.8133904907457628,118,118,higher,E_P|log1p|uniform|strict18|none,loso
SK0018A,2025,5.750974789915967,0.8658015053529412,119,119,higher,E_P|log1p|uniform|strict18|none,loso
SK0020A,2024,1.3145647540983607,1.2743577886885245,122,122,higher,E_P|log1p|uniform|strict18|none,loso
SK0020A,2025,1.554148514851485,1.3894513343663368,101,101,higher,E_P|log1p|uniform|strict18|none,loso
SK0025A,2024,3.4843,2.3675954561904957,121,121,higher,E_P|log1p|uniform|strict18|none,loso
SK0025A,2025,2.374333333333333,1.4962799311052633,114,114,higher,E_P|log1p|uniform|strict18|none,loso
SK0039A,2024,1.0412450381679388,1.3155804630687025,131,131,higher,E_P|log1p|uniform|strict18|none,loso
SK0039A,2025,1.1465474860335196,1.5583340844581006,179,179,higher,E_P|log1p|uniform|strict18|none,loso
SK0045A,2024,0.5517336538461538,0.5912386771730769,104,104,lower,E_P|log1p|uniform|strict18|none,loso
SK0045A,2025,0.4586486486486486,0.5432351035945946,74,74,lower,E_P|log1p|uniform|strict18|none,loso
SK0048A,2024,0.19027164179104478,0.4177137530746269,134,134,lower,E_P|log1p|uniform|strict18|none,loso
SK0048A,2025,0.19674789915966387,0.5221086216890756,119,119,lower,E_P|log1p|uniform|strict18|none,loso
SK0050A,2024,0.9373400000000001,1.1410399106727271,165,165,lower,E_P|log1p|uniform|strict18|none,loso
SK0050A,2025,0.855475,1.008718114025,120,120,lower,E_P|log1p|uniform|strict18|none,loso
SK0061A,2024,0.3596550458715596,0.6279824540550458,109,109,lower,E_P|log1p|uniform|strict18|none,loso
SK0061A,2025,0.28588617886178863,0.5118655953414635,123,123,lower,E_P|log1p|uniform|strict18|none,loso
SK0066A,2024,1.408934328358209,1.7363159559328358,134,134,higher,E_P|log1p|uniform|strict18|none,loso
SK0066A,2025,1.2047874015748032,1.2949007509055117,127,127,higher,E_P|log1p|uniform|strict18|none,loso
SK0070A,2024,2.183129166666667,2.37202425515625,96,96,higher,E_P|log1p|uniform|strict18|none,loso
SK0070A,2025,1.8754318181818184,1.9609580963181819,88,88,higher,E_P|log1p|uniform|strict18|none,loso
SK0071A,2024,2.0584204918032785,0.8578444677540984,122,122,higher,E_P|log1p|uniform|strict18|none,loso
SK0071A,2025,1.5632685185185184,0.7193546951481481,108,108,higher,E_P|log1p|uniform|strict18|none,loso
SK0076A,2024,0.49729646017699114,0.3059609651061947,113,113,lower,E_P|log1p|uniform|strict18|none,loso
SK0076A,2025,0.39205555555555555,1.0984471935185185,108,108,lower,E_P|log1p|uniform|strict18|none,loso
SK0078A,2024,2.155560344827586,1.8555575927931036,116,116,higher,E_P|log1p|uniform|strict18|none,loso
SK0078A,2025,2.0732371134020617,1.9423389178969073,97,97,higher,E_P|log1p|uniform|strict18|none,loso
SK0214A,2024,1.0126264462809917,0.5239123149228099,121,121,higher,E_P|log1p|uniform|strict18|none,loso
SK0214A,2025,1.1335981308411216,0.5003893841308411,107,107,higher,E_P|log1p|uniform|strict18|none,loso
SK0263A,2024,0.7357486725663717,0.9720801073362831,113,113,lower,E_P|log1p|uniform|strict18|none,loso
SK0263A,2025,0.7383177570093458,0.948710155140187,107,107,lower,E_P|log1p|uniform|strict18|none,loso
SK0265A,2024,1.7921026785714285,1.6119018840982144,112,112,higher,E_P|log1p|uniform|strict18|none,loso
SK0265A,2025,1.9814957264957265,1.749305857871795,117,117,higher,E_P|log1p|uniform|strict18|none,loso
SK0269A,2024,0.5201866071428571,0.5149110945357143,112,112,lower,E_P|log1p|uniform|strict18|none,loso
SK0269A,2025,0.46375714285714287,0.46616553588571435,140,140,lower,E_P|log1p|uniform|strict18|none,loso
SK0002A,2024,0.48551416666666664,0.41035198919166666,120,120,lower,E|log1p|uniform|permissive|none,block30
SK0002A,2025,0.3338931297709924,0.4221808900687023,131,131,lower,E|log1p|uniform|permissive|none,block30
SK0004R,2024,0.2383132530120482,0.23507324415060243,166,166,lower,E|log1p|uniform|permissive|none,block30
SK0004R,2025,0.23638787878787879,0.2580645273030303,165,165,lower,E|log1p|uniform|permissive|none,block30
SK0006R,2024,0.2191146551724138,0.27078594211206897,116,116,lower,E|log1p|uniform|permissive|none,block30
SK0006R,2025,0.30306722689075627,0.2789569923168067,119,119,lower,E|log1p|uniform|permissive|none,block30
SK0008A,2024,1.7399993589743592,1.6712002172243592,156,156,higher,E|log1p|uniform|permissive|none,block30
SK0008A,2025,1.419208,1.4029630207119999,125,125,higher,E|log1p|uniform|permissive|none,block30
SK0018A,2024,6.173277118644068,4.176351579661017,118,118,higher,E|log1p|uniform|permissive|none,block30
SK0018A,2025,5.750974789915967,4.087109864033613,119,119,higher,E|log1p|uniform|permissive|none,block30
SK0020A,2024,1.3145647540983607,1.2540555447459016,122,122,higher,E|log1p|uniform|permissive|none,block30
SK0020A,2025,1.554148514851485,1.4663754818415844,101,101,higher,E|log1p|uniform|permissive|none,block30
SK0025A,2024,3.4843,3.3154963391735537,121,121,higher,E|log1p|uniform|permissive|none,block30
SK0025A,2025,2.374333333333333,2.3517312032192983,114,114,higher,E|log1p|uniform|permissive|none,block30
SK0039A,2024,1.0412450381679388,1.0043896970114505,131,131,higher,E|log1p|uniform|permissive|none,block30
SK0039A,2025,1.1465474860335196,1.0556575435977653,179,179,higher,E|log1p|uniform|permissive|none,block30
SK0045A,2024,0.5517336538461538,0.43996312026923073,104,104,lower,E|log1p|uniform|permissive|none,block30
SK0045A,2025,0.4586486486486486,0.5087042010270271,74,74,lower,E|log1p|uniform|permissive|none,block30
SK0048A,2024,0.19027164179104478,0.18978339239776118,134,134,lower,E|log1p|uniform|permissive|none,block30
SK0048A,2025,0.19674789915966387,0.2730869425907563,119,119,lower,E|log1p|uniform|permissive|none,block30
SK0050A,2024,0.9373400000000001,1.0130433260121212,165,165,lower,E|log1p|uniform|permissive|none,block30
SK0050A,2025,0.855475,0.9659327041583333,120,120,lower,E|log1p|uniform|permissive|none,block30
SK0061A,2024,0.3596550458715596,0.30723442471559637,109,109,lower,E|log1p|uniform|permissive|none,block30
SK0061A,2025,0.28588617886178863,0.37663181437398374,123,123,lower,E|log1p|uniform|permissive|none,block30
SK0066A,2024,1.408934328358209,1.3106310044626865,134,134,higher,E|log1p|uniform|permissive|none,block30
SK0066A,2025,1.2047874015748032,1.2453617912511812,127,127,higher,E|log1p|uniform|permissive|none,block30
SK0070A,2024,2.183129166666667,2.10109588990625,96,96,higher,E|log1p|uniform|permissive|none,block30
SK0070A,2025,1.8754318181818184,1.704593259397727,88,88,higher,E|log1p|uniform|permissive|none,block30
SK0071A,2024,2.0584204918032785,1.7413579450655738,122,122,higher,E|log1p|uniform|permissive|none,block30
SK0071A,2025,1.5632685185185184,1.5972212920462963,108,108,higher,E|log1p|uniform|permissive|none,block30
SK0076A,2024,0.49729646017699114,0.36194231376106195,113,113,lower,E|log1p|uniform|permissive|none,block30
SK0076A,2025,0.39205555555555555,0.4746183763703704,108,108,lower,E|log1p|uniform|permissive|none,block30
SK0078A,2024,2.155560344827586,1.8748206249310346,116,116,higher,E|log1p|uniform|permissive|none,block30
SK0078A,2025,2.0732371134020617,1.8966058231340206,97,97,higher,E|log1p|uniform|permissive|none,block30
SK0214A,2024,1.0126264462809917,0.9437404861487604,121,121,higher,E|log1p|uniform|permissive|none,block30
SK0214A,2025,1.1335981308411216,0.9078375801682242,107,107,higher,E|log1p|uniform|permissive|none,block30
SK0263A,2024,0.7357486725663717,0.7876665697522123,113,113,lower,E|log1p|uniform|permissive|none,block30
SK0263A,2025,0.7383177570093458,0.8044065872009346,107,107,lower,E|log1p|uniform|permissive|none,block30
SK0265A,2024,1.7921026785714285,1.6850748277321428,112,112,higher,E|log1p|uniform|permissive|none,block30
SK0265A,2025,1.9814957264957265,1.9687176254871794,117,117,higher,E|log1p|uniform|permissive|none,block30
SK0269A,2024,0.5201866071428571,0.43922305225892855,112,112,lower,E|log1p|uniform|permissive|none,block30
SK0269A,2025,0.46375714285714287,0.4604301388785714,140,140,lower,E|log1p|uniform|permissive|none,block30
SK0002A,2024,0.48551416666666664,0.5060790227333334,120,120,lower,E|log1p|uniform|permissive|none,loso
SK0002A,2025,0.3338931297709924,0.4168605015954198,131,131,lower,E|log1p|uniform|permissive|none,loso
SK0004R,2024,0.2383132530120482,0.39165152438192774,166,166,lower,E|log1p|uniform|permissive|none,loso
SK0004R,2025,0.23638787878787879,0.44370203974121214,165,165,lower,E|log1p|uniform|permissive|none,loso
SK0006R,2024,0.2191146551724138,0.7888513135,116,116,lower,E|log1p|uniform|permissive|none,loso
SK0006R,2025,0.30306722689075627,0.7644224916722688,119,119,lower,E|log1p|uniform|permissive|none,loso
SK0008A,2024,1.7399993589743592,2.0002543469166665,156,156,higher,E|log1p|uniform|permissive|none,loso
SK0008A,2025,1.419208,1.6210950103759998,125,125,higher,E|log1p|uniform|permissive|none,loso
SK0018A,2024,6.173277118644068,0.4947906003220339,118,118,higher,E|log1p|uniform|permissive|none,loso
SK0018A,2025,5.750974789915967,0.5620769937563025,119,119,higher,E|log1p|uniform|permissive|none,loso
SK0020A,2024,1.3145647540983607,1.186352281442623,122,122,higher,E|log1p|uniform|permissive|none,loso
SK0020A,2025,1.554148514851485,1.3715310343168319,101,101,higher,E|log1p|uniform|permissive|none,loso
SK0025A,2024,3.4843,1.458885322520661,121,121,higher,E|log1p|uniform|permissive|none,loso
SK0025A,2025,2.374333333333333,1.0897969254473683,114,114,higher,E|log1p|uniform|permissive|none,loso
SK0039A,2024,1.0412450381679388,1.309661855076336,131,131,higher,E|log1p|uniform|permissive|none,loso
SK0039A,2025,1.1465474860335196,1.3948559882681564,179,179,higher,E|log1p|uniform|permissive|none,loso
SK0045A,2024,0.5517336538461538,0.5118533252211539,104,104,lower,E|log1p|uniform|permissive|none,loso
SK0045A,2025,0.4586486486486486,0.47134043758108113,74,74,lower,E|log1p|uniform|permissive|none,loso
SK0048A,2024,0.19027164179104478,0.37658908573507466,134,134,lower,E|log1p|uniform|permissive|none,loso
SK0048A,2025,0.19674789915966387,0.4830146138403361,119,119,lower,E|log1p|uniform|permissive|none,loso
SK0050A,2024,0.9373400000000001,1.8824862616121212,165,165,lower,E|log1p|uniform|permissive|none,loso
SK0050A,2025,0.855475,1.7273849347416668,120,120,lower,E|log1p|uniform|permissive|none,loso
SK0061A,2024,0.3596550458715596,0.5299320060550459,109,109,lower,E|log1p|uniform|permissive|none,loso
SK0061A,2025,0.28588617886178863,0.5475973792357725,123,123,lower,E|log1p|uniform|permissive|none,loso
SK0066A,2024,1.408934328358209,1.8768640304402986,134,134,higher,E|log1p|uniform|permissive|none,loso
SK0066A,2025,1.2047874015748032,1.6435915009133857,127,127,higher,E|log1p|uniform|permissive|none,loso
SK0070A,2024,2.183129166666667,2.2890699350520833,96,96,higher,E|log1p|uniform|permissive|none,loso
SK0070A,2025,1.8754318181818184,1.959647268090909,88,88,higher,E|log1p|uniform|permissive|none,loso
SK0071A,2024,2.0584204918032785,1.2371839679180328,122,122,higher,E|log1p|uniform|permissive|none,loso
SK0071A,2025,1.5632685185185184,1.124493532712963,108,108,higher,E|log1p|uniform|permissive|none,loso
SK0076A,2024,0.49729646017699114,2.206780684778761,113,113,lower,E|log1p|uniform|permissive|none,loso
SK0076A,2025,0.39205555555555555,2.358524918425926,108,108,lower,E|log1p|uniform|permissive|none,loso
SK0078A,2024,2.155560344827586,1.3689412638103449,116,116,higher,E|log1p|uniform|permissive|none,loso
SK0078A,2025,2.0732371134020617,1.4371353843814432,97,97,higher,E|log1p|uniform|permissive|none,loso
SK0214A,2024,1.0126264462809917,0.3527303970024794,121,121,higher,E|log1p|uniform|permissive|none,loso
SK0214A,2025,1.1335981308411216,0.3377400367971963,107,107,higher,E|log1p|uniform|permissive|none,loso
SK0263A,2024,0.7357486725663717,1.5189583362300885,113,113,lower,E|log1p|uniform|permissive|none,loso
SK0263A,2025,0.7383177570093458,1.3717515768878505,107,107,lower,E|log1p|uniform|permissive|none,loso
SK0265A,2024,1.7921026785714285,1.3407246271517859,112,112,higher,E|log1p|uniform|permissive|none,loso
SK0265A,2025,1.9814957264957265,1.5859611584444444,117,117,higher,E|log1p|uniform|permissive|none,loso
SK0269A,2024,0.5201866071428571,0.4950071186696428,112,112,lower,E|log1p|uniform|permissive|none,loso
SK0269A,2025,0.46375714285714287,0.4314824932142857,140,140,lower,E|log1p|uniform|permissive|none,loso
SK0002A,2024,0.48551416666666664,0.5634431128166667,120,120,lower,PM_I|log1p|uniform|permissive|none,block30
SK0002A,2025,0.3338931297709924,0.3984228146870229,131,131,lower,PM_I|log1p|uniform|permissive|none,block30
SK0004R,2024,0.2383132530120482,0.25716644382289156,166,166,lower,PM_I|log1p|uniform|permissive|none,block30
SK0004R,2025,0.23638787878787879,0.28747582553575757,165,165,lower,PM_I|log1p|uniform|permissive|none,block30
SK0006R,2024,0.2191146551724138,0.2812264186637931,116,116,lower,PM_I|log1p|uniform|permissive|none,block30
SK0006R,2025,0.30306722689075627,0.2366116070672269,119,119,lower,PM_I|log1p|uniform|permissive|none,block30
SK0008A,2024,1.7399993589743592,1.6621924937628205,156,156,higher,PM_I|log1p|uniform|permissive|none,block30
SK0008A,2025,1.419208,1.325659373392,125,125,higher,PM_I|log1p|uniform|permissive|none,block30
SK0018A,2024,6.173277118644068,4.786369871525424,118,118,higher,PM_I|log1p|uniform|permissive|none,block30
SK0018A,2025,5.750974789915967,4.496774776302521,119,119,higher,PM_I|log1p|uniform|permissive|none,block30
SK0020A,2024,1.3145647540983607,1.3209963651311476,122,122,higher,PM_I|log1p|uniform|permissive|none,block30
SK0020A,2025,1.554148514851485,1.366539603811881,101,101,higher,PM_I|log1p|uniform|permissive|none,block30
SK0025A,2024,3.4843,3.6503683969421488,121,121,higher,PM_I|log1p|uniform|permissive|none,block30
SK0025A,2025,2.374333333333333,2.288060331614035,114,114,higher,PM_I|log1p|uniform|permissive|none,block30
SK0039A,2024,1.0412450381679388,1.0920725952030534,131,131,higher,PM_I|log1p|uniform|permissive|none,block30
SK0039A,2025,1.1465474860335196,1.115347379385475,179,179,higher,PM_I|log1p|uniform|permissive|none,block30
SK0045A,2024,0.5517336538461538,0.5746091696634615,104,104,lower,PM_I|log1p|uniform|permissive|none,block30
SK0045A,2025,0.4586486486486486,0.45959079464864866,74,74,lower,PM_I|log1p|uniform|permissive|none,block30
SK0048A,2024,0.19027164179104478,0.25052985061940297,134,134,lower,PM_I|log1p|uniform|permissive|none,block30
SK0048A,2025,0.19674789915966387,0.29087874863613444,119,119,lower,PM_I|log1p|uniform|permissive|none,block30
SK0050A,2024,0.9373400000000001,1.012591531660606,165,165,lower,PM_I|log1p|uniform|permissive|none,block30
SK0050A,2025,0.855475,0.8431285059583333,120,120,lower,PM_I|log1p|uniform|permissive|none,block30
SK0061A,2024,0.3596550458715596,0.383141754266055,109,109,lower,PM_I|log1p|uniform|permissive|none,block30
SK0061A,2025,0.28588617886178863,0.3934516522113821,123,123,lower,PM_I|log1p|uniform|permissive|none,block30
SK0066A,2024,1.408934328358209,1.476696685024627,134,134,higher,PM_I|log1p|uniform|permissive|none,block30
SK0066A,2025,1.2047874015748032,1.026092320055118,127,127,higher,PM_I|log1p|uniform|permissive|none,block30
SK0070A,2024,2.183129166666667,2.2269612019791665,96,96,higher,PM_I|log1p|uniform|permissive|none,block30
SK0070A,2025,1.8754318181818184,1.7127453006022726,88,88,higher,PM_I|log1p|uniform|permissive|none,block30
SK0071A,2024,2.0584204918032785,1.9867629370081965,122,122,higher,PM_I|log1p|uniform|permissive|none,block30
SK0071A,2025,1.5632685185185184,1.3486745061574072,108,108,higher,PM_I|log1p|uniform|permissive|none,block30
SK0076A,2024,0.49729646017699114,0.4082567868495575,113,113,lower,PM_I|log1p|uniform|permissive|none,block30
SK0076A,2025,0.39205555555555555,0.5466408556574074,108,108,lower,PM_I|log1p|uniform|permissive|none,block30
SK0078A,2024,2.155560344827586,2.1731824751034483,116,116,higher,PM_I|log1p|uniform|permissive|none,block30
SK0078A,2025,2.0732371134020617,1.9437055938041239,97,97,higher,PM_I|log1p|uniform|permissive|none,block30
SK0214A,2024,1.0126264462809917,1.1682291131487603,121,121,higher,PM_I|log1p|uniform|permissive|none,block30
SK0214A,2025,1.1335981308411216,1.0248747127850468,107,107,higher,PM_I|log1p|uniform|permissive|none,block30
SK0263A,2024,0.7357486725663717,0.836034654619469,113,113,lower,PM_I|log1p|uniform|permissive|none,block30
SK0263A,2025,0.7383177570093458,0.6911225021121495,107,107,lower,PM_I|log1p|uniform|permissive|none,block30
SK0265A,2024,1.7921026785714285,1.8649551179553572,112,112,higher,PM_I|log1p|uniform|permissive|none,block30
SK0265A,2025,1.9814957264957265,1.8267216156068375,117,117,higher,PM_I|log1p|uniform|permissive|none,block30
SK0269A,2024,0.5201866071428571,0.5450510198660714,112,112,lower,PM_I|log1p|uniform|permissive|none,block30
SK0269A,2025,0.46375714285714287,0.5686216988071429,140,140,lower,PM_I|log1p|uniform|permissive|none,block30
SK0002A,2024,0.48551416666666664,1.413797737575,120,120,lower,PM|log1p|uniform|permissive|none,block30
SK0002A,2025,0.3338931297709924,0.9066477736259542,131,131,lower,PM|log1p|uniform|permissive|none,block30
SK0004R,2024,0.2383132530120482,0.4295122164759036,166,166,lower,PM|log1p|uniform|permissive|none,block30
SK0004R,2025,0.23638787878787879,0.4335616886121212,165,165,lower,PM|log1p|uniform|permissive|none,block30
SK0006R,2024,0.2191146551724138,0.29385179835344827,116,116,lower,PM|log1p|uniform|permissive|none,block30
SK0006R,2025,0.30306722689075627,0.24550275563025212,119,119,lower,PM|log1p|uniform|permissive|none,block30
SK0008A,2024,1.7399993589743592,1.5452190286923078,156,156,higher,PM|log1p|uniform|permissive|none,block30
SK0008A,2025,1.419208,1.18939751772,125,125,higher,PM|log1p|uniform|permissive|none,block30
SK0018A,2024,6.173277118644068,2.474893195838983,118,118,higher,PM|log1p|uniform|permissive|none,block30
SK0018A,2025,5.750974789915967,2.224346606252101,119,119,higher,PM|log1p|uniform|permissive|none,block30
SK0020A,2024,1.3145647540983607,1.3974446634180329,122,122,higher,PM|log1p|uniform|permissive|none,block30
SK0020A,2025,1.554148514851485,1.4299186114950495,101,101,higher,PM|log1p|uniform|permissive|none,block30
SK0025A,2024,3.4843,2.9338799832818183,121,121,higher,PM|log1p|uniform|permissive|none,block30
SK0025A,2025,2.374333333333333,1.8745819065087719,114,114,higher,PM|log1p|uniform|permissive|none,block30
SK0039A,2024,1.0412450381679388,1.301704360274809,131,131,higher,PM|log1p|uniform|permissive|none,block30
SK0039A,2025,1.1465474860335196,1.5172063686536315,179,179,higher,PM|log1p|uniform|permissive|none,block30
SK0045A,2024,0.5517336538461538,1.074871615673077,104,104,lower,PM|log1p|uniform|permissive|none,block30
SK0045A,2025,0.4586486486486486,0.8012217501756757,74,74,lower,PM|log1p|uniform|permissive|none,block30
SK0048A,2024,0.19027164179104478,0.8930082279477612,134,134,lower,PM|log1p|uniform|permissive|none,block30
SK0048A,2025,0.19674789915966387,0.8604539901428571,119,119,lower,PM|log1p|uniform|permissive|none,block30
SK0050A,2024,0.9373400000000001,1.1249938164424242,165,165,lower,PM|log1p|uniform|permissive|none,block30
SK0050A,2025,0.855475,0.8726787861083333,120,120,lower,PM|log1p|uniform|permissive|none,block30
SK0061A,2024,0.3596550458715596,0.8128426544954129,109,109,lower,PM|log1p|uniform|permissive|none,block30
SK0061A,2025,0.28588617886178863,0.7719755588943089,123,123,lower,PM|log1p|uniform|permissive|none,block30
SK0066A,2024,1.408934328358209,1.6897601879104478,134,134,higher,PM|log1p|uniform|permissive|none,block30
SK0066A,2025,1.2047874015748032,1.1148953091417322,127,127,higher,PM|log1p|uniform|permissive|none,block30
SK0070A,2024,2.183129166666667,2.2838036016145833,96,96,higher,PM|log1p|uniform|permissive|none,block30
SK0070A,2025,1.8754318181818184,1.7101423185,88,88,higher,PM|log1p|uniform|permissive|none,block30
SK0071A,2024,2.0584204918032785,1.7376680646065574,122,122,higher,PM|log1p|uniform|permissive|none,block30
SK0071A,2025,1.5632685185185184,1.0343297061481482,108,108,higher,PM|log1p|uniform|permissive|none,block30
SK0076A,2024,0.49729646017699114,0.45873938268584075,113,113,lower,PM|log1p|uniform|permissive|none,block30
SK0076A,2025,0.39205555555555555,0.4400107744009259,108,108,lower,PM|log1p|uniform|permissive|none,block30
SK0078A,2024,2.155560344827586,2.119310345862069,116,116,higher,PM|log1p|uniform|permissive|none,block30
SK0078A,2025,2.0732371134020617,1.714888931113402,97,97,higher,PM|log1p|uniform|permissive|none,block30
SK0214A,2024,1.0126264462809917,1.4623614300082646,121,121,higher,PM|log1p|uniform|permissive|none,block30
SK0214A,2025,1.1335981308411216,1.238875191953271,107,107,higher,PM|log1p|uniform|permissive|none,block30
SK0263A,2024,0.7357486725663717,0.8749091243805309,113,113,lower,PM|log1p|uniform|permissive|none,block30
SK0263A,2025,0.7383177570093458,0.8048895485420561,107,107,lower,PM|log1p|uniform|permissive|none,block30
SK0265A,2024,1.7921026785714285,1.612052641080357,112,112,higher,PM|log1p|uniform|permissive|none,block30
SK0265A,2025,1.9814957264957265,1.6968561691623931,117,117,higher,PM|log1p|uniform|permissive|none,block30
SK0269A,2024,0.5201866071428571,0.9035244954553571,112,112,lower,PM|log1p|uniform|permissive|none,block30
SK0269A,2025,0.46375714285714287,0.85735971655,140,140,lower,PM|log1p|uniform|permissive|none,block30
SK0002A,2024,0.48551416666666664,1.2078238943166668,120,120,lower,PM|log1p|uniform|permissive|none,loso
SK0002A,2025,0.3338931297709924,0.821988448259542,131,131,lower,PM|log1p|uniform|permissive|none,loso
SK0004R,2024,0.2383132530120482,0.4392668327710843,166,166,lower,PM|log1p|uniform|permissive|none,loso
SK0004R,2025,0.23638787878787879,0.5018418893939394,165,165,lower,PM|log1p|uniform|permissive|none,loso
SK0006R,2024,0.2191146551724138,0.3919377859827586,116,116,lower,PM|log1p|uniform|permissive|none,loso
SK0006R,2025,0.30306722689075627,0.38250857088235296,119,119,lower,PM|log1p|uniform|permissive|none,loso
SK0008A,2024,1.7399993589743592,1.3290370479679487,156,156,higher,PM|log1p|uniform|permissive|none,loso
SK0008A,2025,1.419208,1.0689221046400001,125,125,higher,PM|log1p|uniform|permissive|none,loso
SK0018A,2024,6.173277118644068,1.6510592583220338,118,118,higher,PM|log1p|uniform|permissive|none,loso
SK0018A,2025,5.750974789915967,1.607591836537815,119,119,higher,PM|log1p|uniform|permissive|none,loso
SK0020A,2024,1.3145647540983607,1.2580366640737706,122,122,higher,PM|log1p|uniform|permissive|none,loso
SK0020A,2025,1.554148514851485,1.3526124981881187,101,101,higher,PM|log1p|uniform|permissive|none,loso
SK0025A,2024,3.4843,2.4187016668099175,121,121,higher,PM|log1p|uniform|permissive|none,loso
SK0025A,2025,2.374333333333333,1.703172302131579,114,114,higher,PM|log1p|uniform|permissive|none,loso
SK0039A,2024,1.0412450381679388,1.0621942806259543,131,131,higher,PM|log1p|uniform|permissive|none,loso
SK0039A,2025,1.1465474860335196,1.4643930597173183,179,179,higher,PM|log1p|uniform|permissive|none,loso
SK0045A,2024,0.5517336538461538,0.8858267697307693,104,104,lower,PM|log1p|uniform|permissive|none,loso
SK0045A,2025,0.4586486486486486,0.686691475418919,74,74,lower,PM|log1p|uniform|permissive|none,loso
SK0048A,2024,0.19027164179104478,0.7539559704626866,134,134,lower,PM|log1p|uniform|permissive|none,loso
SK0048A,2025,0.19674789915966387,0.7925313598067227,119,119,lower,PM|log1p|uniform|permissive|none,loso
SK0050A,2024,0.9373400000000001,0.9685910486545455,165,165,lower,PM|log1p|uniform|permissive|none,loso
SK0050A,2025,0.855475,0.8115321319500001,120,120,lower,PM|log1p|uniform|permissive|none,loso
SK0061A,2024,0.3596550458715596,0.7149633059541285,109,109,lower,PM|log1p|uniform|permissive|none,loso
SK0061A,2025,0.28588617886178863,0.6991195296422764,123,123,lower,PM|log1p|uniform|permissive|none,loso
SK0066A,2024,1.408934328358209,1.4891808352537315,134,134,higher,PM|log1p|uniform|permissive|none,loso
SK0066A,2025,1.2047874015748032,1.105915757535433,127,127,higher,PM|log1p|uniform|permissive|none,loso
SK0070A,2024,2.183129166666667,2.1958409121458335,96,96,higher,PM|log1p|uniform|permissive|none,loso
SK0070A,2025,1.8754318181818184,1.7148773938636361,88,88,higher,PM|log1p|uniform|permissive|none,loso
SK0071A,2024,2.0584204918032785,1.5415915536147542,122,122,higher,PM|log1p|uniform|permissive|none,loso
SK0071A,2025,1.5632685185185184,0.9316450006666668,108,108,higher,PM|log1p|uniform|permissive|none,loso
SK0076A,2024,0.49729646017699114,0.37093866849911505,113,113,lower,PM|log1p|uniform|permissive|none,loso
SK0076A,2025,0.39205555555555555,0.37983396772685185,108,108,lower,PM|log1p|uniform|permissive|none,loso
SK0078A,2024,2.155560344827586,1.8004132654431033,116,116,higher,PM|log1p|uniform|permissive|none,loso
SK0078A,2025,2.0732371134020617,1.5232554310206186,97,97,higher,PM|log1p|uniform|permissive|none,loso
SK0214A,2024,1.0126264462809917,1.2713211046115702,121,121,higher,PM|log1p|uniform|permissive|none,loso
SK0214A,2025,1.1335981308411216,1.0820028110747664,107,107,higher,PM|log1p|uniform|permissive|none,loso
SK0263A,2024,0.7357486725663717,0.7356204515486725,113,113,lower,PM|log1p|uniform|permissive|none,loso
SK0263A,2025,0.7383177570093458,0.7068547032803739,107,107,lower,PM|log1p|uniform|permissive|none,loso
SK0265A,2024,1.7921026785714285,1.5048610048482143,112,112,higher,PM|log1p|uniform|permissive|none,loso
SK0265A,2025,1.9814957264957265,1.5271206815042735,117,117,higher,PM|log1p|uniform|permissive|none,loso
SK0269A,2024,0.5201866071428571,0.8281491174285714,112,112,lower,PM|log1p|uniform|permissive|none,loso
SK0269A,2025,0.46375714285714287,0.7032087228642857,140,140,lower,PM|log1p|uniform|permissive|none,loso
SK0002A,2024,0.48551416666666664,0.9187200966633333,120,120,lower,P|log1p|uniform|permissive|none,block30
SK0002A,2025,0.3338931297709924,0.6443221164961832,131,131,lower,P|log1p|uniform|permissive|none,block30
SK0004R,2024,0.2383132530120482,0.3783346636807229,166,166,lower,P|log1p|uniform|permissive|none,block30
SK0004R,2025,0.23638787878787879,0.4175405942,165,165,lower,P|log1p|uniform|permissive|none,block30
SK0006R,2024,0.2191146551724138,0.25100884798275863,116,116,lower,P|log1p|uniform|permissive|none,block30
SK0006R,2025,0.30306722689075627,0.23008914550420168,119,119,lower,P|log1p|uniform|permissive|none,block30
SK0008A,2024,1.7399993589743592,1.2929100043205128,156,156,higher,P|log1p|uniform|permissive|none,block30
SK0008A,2025,1.419208,1.0546871811840002,125,125,higher,P|log1p|uniform|permissive|none,block30
SK0018A,2024,6.173277118644068,4.345674961949153,118,118,higher,P|log1p|uniform|permissive|none,block30
SK0018A,2025,5.750974789915967,4.225969944453782,119,119,higher,P|log1p|uniform|permissive|none,block30
SK0020A,2024,1.3145647540983607,1.1763022463688526,122,122,higher,P|log1p|uniform|permissive|none,block30
SK0020A,2025,1.554148514851485,1.3739078511683167,101,101,higher,P|log1p|uniform|permissive|none,block30
SK0025A,2024,3.4843,3.0366311697933885,121,121,higher,P|log1p|uniform|permissive|none,block30
SK0025A,2025,2.374333333333333,1.9720977768508772,114,114,higher,P|log1p|uniform|permissive|none,block30
SK0039A,2024,1.0412450381679388,1.3670313275267176,131,131,higher,P|log1p|uniform|permissive|none,block30
SK0039A,2025,1.1465474860335196,1.2758548757039105,179,179,higher,P|log1p|uniform|permissive|none,block30
SK0045A,2024,0.5517336538461538,0.9793683139192308,104,104,lower,P|log1p|uniform|permissive|none,block30
SK0045A,2025,0.4586486486486486,0.5512678342432433,74,74,lower,P|log1p|uniform|permissive|none,block30
SK0048A,2024,0.19027164179104478,0.7119706819925373,134,134,lower,P|log1p|uniform|permissive|none,block30
SK0048A,2025,0.19674789915966387,0.8585256291764706,119,119,lower,P|log1p|uniform|permissive|none,block30
SK0050A,2024,0.9373400000000001,1.0376074115272726,165,165,lower,P|log1p|uniform|permissive|none,block30
SK0050A,2025,0.855475,0.8441474115250001,120,120,lower,P|log1p|uniform|permissive|none,block30
SK0061A,2024,0.3596550458715596,0.6514917965504587,109,109,lower,P|log1p|uniform|permissive|none,block30
SK0061A,2025,0.28588617886178863,0.6875799941544716,123,123,lower,P|log1p|uniform|permissive|none,block30
SK0066A,2024,1.408934328358209,1.5669592587537313,134,134,higher,P|log1p|uniform|permissive|none,block30
SK0066A,2025,1.2047874015748032,1.132847086984252,127,127,higher,P|log1p|uniform|permissive|none,block30
SK0070A,2024,2.183129166666667,2.248743517135417,96,96,higher,P|log1p|uniform|permissive|none,block30
SK0070A,2025,1.8754318181818184,1.8234016606363637,88,88,higher,P|log1p|uniform|permissive|none,block30
SK0071A,2024,2.0584204918032785,1.5897116850000002,122,122,higher,P|log1p|uniform|permissive|none,block30
SK0071A,2025,1.5632685185185184,1.1445294203703702,108,108,higher,P|log1p|uniform|permissive|none,block30
SK0076A,2024,0.49729646017699114,0.3908337353185841,113,113,lower,P|log1p|uniform|permissive|none,block30
SK0076A,2025,0.39205555555555555,0.5171636529074074,108,108,lower,P|log1p|uniform|permissive|none,block30
SK0078A,2024,2.155560344827586,1.9594159993965519,116,116,higher,P|log1p|uniform|permissive|none,block30
SK0078A,2025,2.0732371134020617,1.7378796700206187,97,97,higher,P|log1p|uniform|permissive|none,block30
SK0214A,2024,1.0126264462809917,0.9614891631264463,121,121,higher,P|log1p|uniform|permissive|none,block30
SK0214A,2025,1.1335981308411216,0.9131673303364486,107,107,higher,P|log1p|uniform|permissive|none,block30
SK0263A,2024,0.7357486725663717,0.7918747670442478,113,113,lower,P|log1p|uniform|permissive|none,block30
SK0263A,2025,0.7383177570093458,0.8882397135887851,107,107,lower,P|log1p|uniform|permissive|none,block30
SK0265A,2024,1.7921026785714285,1.6253787298660713,112,112,higher,P|log1p|uniform|permissive|none,block30
SK0265A,2025,1.9814957264957265,1.6120100701965812,117,117,higher,P|log1p|uniform|permissive|none,block30
SK0269A,2024,0.5201866071428571,0.6818390074642858,112,112,lower,P|log1p|uniform|permissive|none,block30
SK0269A,2025,0.46375714285714287,0.6936119751378572,140,140,lower,P|log1p|uniform|permissive|none,block30
SK0002A,2024,0.48551416666666664,1.0766913850583333,120,120,lower,P|log1p|uniform|permissive|none,loso
SK0002A,2025,0.3338931297709924,0.739445403557252,131,131,lower,P|log1p|uniform|permissive|none,loso
SK0004R,2024,0.2383132530120482,0.46402175698795184,166,166,lower,P|log1p|uniform|permissive|none,loso
SK0004R,2025,0.23638787878787879,0.5257588830969697,165,165,lower,P|log1p|uniform|permissive|none,loso
SK0006R,2024,0.2191146551724138,0.3998567017758621,116,116,lower,P|log1p|uniform|permissive|none,loso
SK0006R,2025,0.30306722689075627,0.3911401521848739,119,119,lower,P|log1p|uniform|permissive|none,loso
SK0008A,2024,1.7399993589743592,1.1277517468141025,156,156,higher,P|log1p|uniform|permissive|none,loso
SK0008A,2025,1.419208,0.9785854896559999,125,125,higher,P|log1p|uniform|permissive|none,loso
SK0018A,2024,6.173277118644068,1.1074978648813558,118,118,higher,P|log1p|uniform|permissive|none,loso
SK0018A,2025,5.750974789915967,1.1326158123445378,119,119,higher,P|log1p|uniform|permissive|none,loso
SK0020A,2024,1.3145647540983607,1.1181630743278688,122,122,higher,P|log1p|uniform|permissive|none,loso
SK0020A,2025,1.554148514851485,1.2545487037524752,101,101,higher,P|log1p|uniform|permissive|none,loso
SK0025A,2024,3.4843,2.232455670628099,121,121,higher,P|log1p|uniform|permissive|none,loso
SK0025A,2025,2.374333333333333,1.7287667432807017,114,114,higher,P|log1p|uniform|permissive|none,loso
SK0039A,2024,1.0412450381679388,1.2148613789770992,131,131,higher,P|log1p|uniform|permissive|none,loso
SK0039A,2025,1.1465474860335196,1.2892439174022348,179,179,higher,P|log1p|uniform|permissive|none,loso
SK0045A,2024,0.5517336538461538,0.8655259547884615,104,104,lower,P|log1p|uniform|permissive|none,loso
SK0045A,2025,0.4586486486486486,0.5358745036486486,74,74,lower,P|log1p|uniform|permissive|none,loso
SK0048A,2024,0.19027164179104478,0.7213924284328358,134,134,lower,P|log1p|uniform|permissive|none,loso
SK0048A,2025,0.19674789915966387,0.89230668602521,119,119,lower,P|log1p|uniform|permissive|none,loso
SK0050A,2024,0.9373400000000001,0.9540917191030303,165,165,lower,P|log1p|uniform|permissive|none,loso
SK0050A,2025,0.855475,0.8061625757166666,120,120,lower,P|log1p|uniform|permissive|none,loso
SK0061A,2024,0.3596550458715596,0.6912213444678899,109,109,lower,P|log1p|uniform|permissive|none,loso
SK0061A,2025,0.28588617886178863,0.6911800961056911,123,123,lower,P|log1p|uniform|permissive|none,loso
SK0066A,2024,1.408934328358209,1.451534362119403,134,134,higher,P|log1p|uniform|permissive|none,loso
SK0066A,2025,1.2047874015748032,1.1078258857559056,127,127,higher,P|log1p|uniform|permissive|none,loso
SK0070A,2024,2.183129166666667,2.33945687378125,96,96,higher,P|log1p|uniform|permissive|none,loso
SK0070A,2025,1.8754318181818184,1.8333917349204543,88,88,higher,P|log1p|uniform|permissive|none,loso
SK0071A,2024,2.0584204918032785,1.4336753997786884,122,122,higher,P|log1p|uniform|permissive|none,loso
SK0071A,2025,1.5632685185185184,0.9982342146851851,108,108,higher,P|log1p|uniform|permissive|none,loso
SK0076A,2024,0.49729646017699114,0.4535694695663717,113,113,lower,P|log1p|uniform|permissive|none,loso
SK0076A,2025,0.39205555555555555,0.441014758862963,108,108,lower,P|log1p|uniform|permissive|none,loso
SK0078A,2024,2.155560344827586,1.7715878783189656,116,116,higher,P|log1p|uniform|permissive|none,loso
SK0078A,2025,2.0732371134020617,1.5241624249999999,97,97,higher,P|log1p|uniform|permissive|none,loso
SK0214A,2024,1.0126264462809917,0.7961904756942149,121,121,higher,P|log1p|uniform|permissive|none,loso
SK0214A,2025,1.1335981308411216,0.8606880067476637,107,107,higher,P|log1p|uniform|permissive|none,loso
SK0263A,2024,0.7357486725663717,0.731713584200885,113,113,lower,P|log1p|uniform|permissive|none,loso
SK0263A,2025,0.7383177570093458,0.7570796142803737,107,107,lower,P|log1p|uniform|permissive|none,loso
SK0265A,2024,1.7921026785714285,1.4812592509999998,112,112,higher,P|log1p|uniform|permissive|none,loso
SK0265A,2025,1.9814957264957265,1.4722299830427352,117,117,higher,P|log1p|uniform|permissive|none,loso
SK0269A,2024,0.5201866071428571,0.6492587631339285,112,112,lower,P|log1p|uniform|permissive|none,loso
SK0269A,2025,0.46375714285714287,0.6187369984142856,140,140,lower,P|log1p|uniform|permissive|none,loso
